CRN,Class Name,Time Start,Time End,Days,Date Start,Date End,Building,Room
14782,ACCT 2110,2:00 pm,3:15 pm,MW,"Aug 17, 2026","Dec 11, 2026",Lowder Hall,113A
14783,ACCT 2110,3:30 pm,6:00 pm,M,"Aug 17, 2026","Dec 11, 2026",Lowder Hall,15
14784,ACCT 2110,8:00 am,9:15 am,TR,"Aug 17, 2026","Dec 11, 2026",Lowder Hall,125A
14785,ACCT 2110,11:00 am,12:15 pm,TR,"Aug 17, 2026","Dec 11, 2026",Lowder Hall,125A
14786,ACCT 2110,12:30 pm,1:45 pm,TR,"Aug 17, 2026","Dec 11, 2026",Lowder Hall,125A
14789,ACCT 2117,3:30 pm,4:45 pm,MW,"Aug 17, 2026","Dec 11, 2026",Lowder Hall,124
14790,ACCT 2210,2:00 pm,3:15 pm,TR,"Aug 17, 2026","Dec 11, 2026",Lowder Hall,110
14791,ACCT 2210,3:30 pm,4:45 pm,TR,"Aug 17, 2026","Dec 11, 2026",Lowder Hall,113A
14793,ACCT 2700,2:00 pm,3:15 pm,MW,"Aug 17, 2026","Dec 11, 2026",Horton-Hardgrave Hall,2018
14794,ACCT 2700,3:30 pm,4:45 pm,MW,"Aug 17, 2026","Dec 11, 2026",Horton-Hardgrave Hall,2018
14795,ACCT 2700,8:00 am,9:15 am,TR,"Aug 17, 2026","Dec 11, 2026",Lowder Hall,113A
14796,ACCT 2700,8:00 am,9:15 am,TR,"Aug 17, 2026","Dec 11, 2026",Lowder Hall,14
14797,ACCT 2700,9:30 am,10:45 am,TR,"Aug 17, 2026","Dec 11, 2026",Lowder Hall,113A
14799,ACCT 2810,3:30 pm,4:45 pm,TR,"Aug 17, 2026","Dec 11, 2026",Lowder Hall,129
14802,ACCT 3810,3:30 pm,4:45 pm,M,"Aug 17, 2026","Dec 11, 2026",Lowder Hall,125A
14804,ACCT 5110,8:00 am,9:15 am,MW,"Aug 17, 2026","Dec 11, 2026",Lowder Hall,110
14805,ACCT 5110,9:30 am,10:45 am,MW,"Aug 17, 2026","Dec 11, 2026",Lowder Hall,9
14806,ACCT 5110,9:30 am,10:45 am,MW,"Aug 17, 2026","Dec 11, 2026",Lowder Hall,112
14807,ACCT 5110,11:00 am,12:15 pm,MW,"Aug 17, 2026","Dec 11, 2026",Lowder Hall,15
14808,ACCT 5110,2:00 pm,3:15 pm,MW,"Aug 17, 2026","Dec 11, 2026",Lowder Hall,124
14809,ACCT 5110,2:00 pm,3:15 pm,MW,"Aug 17, 2026","Dec 11, 2026",Lowder Hall,110
14810,ACCT 5110,11:00 am,12:15 pm,MW,"Aug 17, 2026","Dec 11, 2026",Lowder Hall,110
14811,ACCT 5110,8:00 am,9:15 am,TR,"Aug 17, 2026","Dec 11, 2026",Lowder Hall,124
14813,ACCT 5120,9:30 am,10:45 am,TR,"Aug 17, 2026","Dec 11, 2026",Lowder Hall,124
14814,ACCT 5120,11:00 am,12:15 pm,TR,"Aug 17, 2026","Dec 11, 2026",Lowder Hall,110
14816,ACCT 5130,12:30 pm,1:45 pm,MW,"Aug 17, 2026","Dec 11, 2026",Lowder Hall,9
14818,ACCT 5210,11:00 am,12:15 pm,MW,"Aug 17, 2026","Dec 11, 2026",Lowder Hall,9
14820,ACCT 5300,8:00 am,9:15 am,MW,"Aug 17, 2026","Dec 11, 2026",Lowder Hall,9
14821,ACCT 5300,9:30 am,10:45 am,MW,"Aug 17, 2026","Dec 11, 2026",Lowder Hall,110
14823,ACCT 5410,3:30 pm,4:45 pm,TR,"Aug 17, 2026","Dec 11, 2026",Lowder Hall,124
14825,ACCT 5420,9:30 am,10:45 am,TR,"Aug 17, 2026","Dec 11, 2026",Lowder Hall,110
14826,ACCT 5420,11:00 am,12:15 pm,TR,"Aug 17, 2026","Dec 11, 2026",Lowder Hall,9
14828,ACCT 5510,12:30 pm,1:45 pm,TR,"Aug 17, 2026","Dec 11, 2026",Lowder Hall,9
14829,ACCT 5510,2:00 pm,3:15 pm,TR,"Aug 17, 2026","Dec 11, 2026",Lowder Hall,9
14830,ACCT 5510,3:30 pm,4:45 pm,TR,"Aug 17, 2026","Dec 11, 2026",Lowder Hall,15
14835,ACCT 5520,2:00 pm,3:15 pm,MW,"Aug 17, 2026","Dec 11, 2026",Lowder Hall,21
14837,ACCT 5610,8:00 am,9:15 am,TR,"Aug 17, 2026","Dec 11, 2026",Lowder Hall,110
14838,ACCT 5610,9:30 am,10:45 am,TR,"Aug 17, 2026","Dec 11, 2026",Lowder Hall,9
14840,ACCT 5700,3:30 pm,4:45 pm,MW,"Aug 17, 2026","Dec 11, 2026",Lowder Hall,9
14844,ACCT 6130,12:30 pm,1:45 pm,MW,"Aug 17, 2026","Dec 11, 2026",Lowder Hall,9
14847,ACCT 6300,9:30 am,10:45 am,MW,"Aug 17, 2026","Dec 11, 2026",Lowder Hall,110
14849,ACCT 6420,9:30 am,10:45 am,TR,"Aug 17, 2026","Dec 11, 2026",Lowder Hall,110
14850,ACCT 6420,11:00 am,12:15 pm,TR,"Aug 17, 2026","Dec 11, 2026",Lowder Hall,9
14854,ACCT 6610,8:00 am,9:15 am,TR,"Aug 17, 2026","Dec 11, 2026",Lowder Hall,110
14855,ACCT 6610,9:30 am,10:45 am,TR,"Aug 17, 2026","Dec 11, 2026",Lowder Hall,9
14857,ACCT 6700,3:30 pm,4:45 pm,MW,"Aug 17, 2026","Dec 11, 2026",Lowder Hall,9
14861,ACCT 7130,8:00 am,9:15 am,MW,"Aug 17, 2026","Dec 11, 2026",Lowder Hall,20
14862,ACCT 7130,9:30 am,10:45 am,MW,"Aug 17, 2026","Dec 11, 2026",Lowder Hall,20
14864,ACCT 7320,3:30 pm,5:00 pm,TR,"Aug 17, 2026","Dec 11, 2026",Lowder Hall,111
14865,ACCT 7410,8:00 am,9:15 am,MW,"Aug 17, 2026","Dec 11, 2026",Lowder Hall,26
14866,ACCT 7410,9:30 am,10:45 am,MW,"Aug 17, 2026","Dec 11, 2026",Horton-Hardgrave Hall,2018
14867,ACCT 7410,11:00 am,12:15 pm,MW,"Aug 17, 2026","Dec 11, 2026",Horton-Hardgrave Hall,2018
14869,ACCT 7420,8:00 am,9:15 am,TR,"Aug 17, 2026","Dec 11, 2026",Lowder Hall,20
14872,ACCT 7510,11:00 am,1:45 pm,T,"Aug 17, 2026","Dec 11, 2026",Horton-Hardgrave Hall,2018
14873,ACCT 7510,3:30 pm,6:15 pm,T,"Aug 17, 2026","Dec 11, 2026",Horton-Hardgrave Hall,2057
14874,ACCT 7510,11:00 am,1:45 pm,R,"Aug 17, 2026","Dec 11, 2026",Horton-Hardgrave Hall,2018
10457,ADED 7600,5:00 pm,7:50 pm,T,"Aug 17, 2026","Dec 11, 2026",College of Education Bldg,2116
10459,ADED 7620,5:00 pm,7:50 pm,R,"Aug 17, 2026","Dec 11, 2026",College of Education Bldg,1123
15778,AERO 2200,12:00 pm,12:50 pm,MWF,"Aug 17, 2026","Dec 11, 2026",Mell Street Classroom Bldg,3550
17764,AERO 3110,8:00 am,9:15 am,TR,"Aug 17, 2026","Dec 11, 2026",Charles E Davis Aerospace Hall,155
15780,AERO 3120,10:00 am,10:50 am,MWF,"Aug 17, 2026","Dec 11, 2026",Mell Street Classroom Bldg,2510
15781,AERO 3130,12:00 pm,12:50 pm,M,"Aug 17, 2026","Dec 11, 2026",Mell Street Classroom Bldg,2550
15782,AERO 3130,12:00 pm,12:50 pm,M,"Aug 17, 2026","Dec 11, 2026",Mell Street Classroom Bldg,2550
15783,AERO 3130,12:00 pm,12:50 pm,M,"Aug 17, 2026","Dec 11, 2026",Mell Street Classroom Bldg,2550
15784,AERO 3130,12:00 pm,12:50 pm,M,"Aug 17, 2026","Dec 11, 2026",Mell Street Classroom Bldg,2550
15785,AERO 3130,12:00 pm,12:50 pm,M,"Aug 17, 2026","Dec 11, 2026",Mell Street Classroom Bldg,2550
15786,AERO 3220,3:00 pm,3:50 pm,MWF,"Aug 17, 2026","Dec 11, 2026",Broun Hall,239
15787,AERO 3220,11:00 am,12:15 pm,TR,"Aug 17, 2026","Dec 11, 2026",Charles E Davis Aerospace Hall,354
15788,AERO 3230,8:00 am,8:50 am,MWF,"Aug 17, 2026","Dec 11, 2026",Mell Street Classroom Bldg,4550
15788,AERO 3230,3:00 pm,4:50 pm,M,"Aug 17, 2026","Dec 11, 2026",Mell Street Classroom Bldg,4550
15789,AERO 3310,9:00 am,9:50 am,MWF,"Aug 17, 2026","Dec 11, 2026",Charles E Davis Aerospace Hall,255
15791,AERO 3610,8:30 am,9:15 am,TR,"Aug 17, 2026","Dec 11, 2026",Charles E Davis Aerospace Hall,355
15792,AERO 3970,12:00 pm,12:50 pm,W,"Aug 17, 2026","Dec 11, 2026",Shelby Center,1113
15793,AERO 3970,12:00 pm,12:50 pm,M,"Aug 17, 2026","Dec 11, 2026",Shelby Center,1113
15794,AERO 3970,2:00 pm,2:50 pm,M,"Aug 17, 2026","Dec 11, 2026",Shelby Center,1113
15795,AERO 4140,11:00 am,11:50 am,MWF,"Aug 17, 2026","Dec 11, 2026",Broun Hall,239
15797,AERO 4620,9:30 am,10:45 am,TR,"Aug 17, 2026","Dec 11, 2026",Mell Street Classroom Bldg,2510
15798,AERO 4620,9:30 am,10:45 am,TR,"Aug 17, 2026","Dec 11, 2026",Mell Street Classroom Bldg,2510
15799,AERO 4620,9:30 am,10:45 am,TR,"Aug 17, 2026","Dec 11, 2026",Mell Street Classroom Bldg,2510
15799,AERO 4620,9:00 am,10:50 am,W,"Aug 17, 2026","Dec 11, 2026",Shelby Center,1113
18116,AERO 4620,8:00 am,8:50 am,MWF,"Aug 17, 2026","Dec 11, 2026",Draughon Library,4129
18116,AERO 4620,12:00 pm,1:50 pm,F,"Aug 17, 2026","Dec 11, 2026",Shelby Center,1113
15800,AERO 4710,2:00 pm,4:50 pm,TR,"Aug 17, 2026","Dec 11, 2026",Charles E Davis Aerospace Hall,355
15801,AERO 4730,2:00 pm,4:50 pm,TR,"Aug 17, 2026","Dec 11, 2026",Charles E Davis Aerospace Hall,255
15802,AERO 4750,12:30 pm,3:15 pm,TR,"Aug 17, 2026","Dec 11, 2026",Charles E Davis Aerospace Hall,155
15803,AERO 4970,12:30 pm,1:45 pm,TR,"Aug 17, 2026","Dec 11, 2026",Ramsay Hall,202A
15807,AERO 5140,3:00 pm,4:15 pm,MW,"Aug 17, 2026","Dec 11, 2026",Ramsay Hall,200
15808,AERO 5210,5:00 pm,6:15 pm,TR,"Aug 17, 2026","Dec 11, 2026",Charles E Davis Aerospace Hall,355
15809,AERO 5330,12:30 pm,1:45 pm,TR,"Aug 17, 2026","Dec 11, 2026",Ramsay Hall,304B
15810,AERO 5460,9:30 am,10:45 am,TR,"Aug 17, 2026","Dec 11, 2026",Charles E Davis Aerospace Hall,255
15811,AERO 5630,12:00 pm,12:50 pm,MWF,"Aug 17, 2026","Dec 11, 2026",Charles E Davis Aerospace Hall,254
15811,AERO 5630,3:00 pm,4:50 pm,M,"Aug 17, 2026","Dec 11, 2026",Charles E Davis Aerospace Hall,358
15812,AERO 6140,3:00 pm,4:15 pm,MW,"Aug 17, 2026","Dec 11, 2026",Ramsay Hall,200
15814,AERO 6210,5:00 pm,6:15 pm,TR,"Aug 17, 2026","Dec 11, 2026",Charles E Davis Aerospace Hall,355
18130,AERO 6240,1:00 pm,1:50 pm,MWF,"Aug 17, 2026","Dec 11, 2026",Mell Street Classroom Bldg,4550
15815,AERO 6330,12:30 pm,1:45 pm,TR,"Aug 17, 2026","Dec 11, 2026",Ramsay Hall,304B
15817,AERO 6460,9:30 am,10:45 am,TR,"Aug 17, 2026","Dec 11, 2026",Charles E Davis Aerospace Hall,255
15819,AERO 6630,12:00 pm,12:50 pm,MWF,"Aug 17, 2026","Dec 11, 2026",Charles E Davis Aerospace Hall,355
18117,AERO 7130,3:30 pm,4:45 pm,TR,"Aug 17, 2026","Dec 11, 2026",Charles E Davis Aerospace Hall,354
15820,AERO 7170,11:00 am,12:15 pm,MW,"Aug 17, 2026","Dec 11, 2026",Charles E Davis Aerospace Hall,356
15822,AERO 7200,2:00 pm,3:15 pm,TR,"Aug 17, 2026","Dec 11, 2026",Ramsay Hall,201
15828,AERO 7450,10:00 am,10:50 am,MWF,"Aug 17, 2026","Dec 11, 2026",Ramsay Hall,202A
17765,AERO 7460,3:30 pm,4:45 pm,TR,"Aug 17, 2026","Dec 11, 2026",Charles E Davis Aerospace Hall,356
15832,AERO 7520,11:00 am,12:15 pm,MW,"Aug 17, 2026","Dec 11, 2026",Ramsay Hall,201
15833,AERO 7530,1:00 pm,2:15 pm,MW,"Aug 17, 2026","Dec 11, 2026",Ramsay Hall,201
15835,AERO 7950,9:00 am,9:50 am,WF,"Aug 17, 2026","Dec 11, 2026",Charles E Davis Aerospace Hall,355
15837,AERO 7970,11:00 am,12:15 pm,TR,"Aug 17, 2026","Dec 11, 2026",Charles E Davis Aerospace Hall,356
15838,AERO 7970,8:00 am,9:15 am,TR,"Aug 17, 2026","Dec 11, 2026",Charles E Davis Aerospace Hall,356
15839,AERO 7970,12:30 pm,1:45 pm,TR,"Aug 17, 2026","Dec 11, 2026",Ramsay Hall,202A
14255,AIRF 1010,10:00 am,10:50 am,W,"Aug 17, 2026","Dec 11, 2026",Lowder Hall,125A
14256,AIRF 1010,1:00 pm,1:50 pm,W,"Aug 17, 2026","Dec 11, 2026",Haley Center,2182
14258,AIRF 2010,11:00 am,11:50 am,W,"Aug 17, 2026","Dec 11, 2026",Nichols Hall,146
14259,AIRF 2010,11:00 am,11:50 am,R,"Aug 17, 2026","Dec 11, 2026",Nichols Hall,146
14260,AIRF 3010,6:00 am,8:50 am,M,"Aug 17, 2026","Dec 11, 2026",Nichols Hall,146
14263,AIRF 4010,4:30 pm,7:30 pm,M,"Aug 17, 2026","Dec 11, 2026",Nichols Hall,108
15877,AAAS 2000,9:30 am,10:45 am,TR,"Aug 17, 2026","Dec 11, 2026",Lowder Hall,4
15471,AGEC 1000,10:00 am,10:50 am,MWF,"Aug 17, 2026","Dec 11, 2026",Haley Center,1403
15472,AGEC 3010,11:00 am,11:50 am,MWF,"Aug 17, 2026","Dec 11, 2026",Haley Center,2212
18094,AGEC 3050,1:00 pm,1:50 pm,MW,"Aug 17, 2026","Dec 11, 2026",Haley Center,2352
15474,AGEC 3100,11:00 am,12:15 pm,TR,"Aug 17, 2026","Dec 11, 2026",Charles E Davis Aerospace Hall,123
15475,AGEC 3100,9:30 am,10:45 am,TR,"Aug 17, 2026","Dec 11, 2026",Charles E Davis Aerospace Hall,123
15477,AGEC 3300,8:00 am,9:15 am,TR,"Aug 17, 2026","Dec 11, 2026",Haley Center,3353
15479,AGEC 4000,9:00 am,9:50 am,MWF,"Aug 17, 2026","Dec 11, 2026",Haley Center,2423
15480,AGEC 4040,3:30 pm,4:45 pm,TR,"Aug 17, 2026","Dec 11, 2026",Haley Center,2116
15481,AGEC 4070,2:00 pm,3:15 pm,TR,"Aug 17, 2026","Dec 11, 2026",Haley Center,1403
15482,AGEC 4970,2:00 pm,2:50 pm,T,"Aug 17, 2026","Dec 11, 2026",Haley Center,2462
15483,AGEC 5090,12:30 pm,1:45 pm,TR,"Aug 17, 2026","Dec 11, 2026",Haley Center,1403
15484,AGEC 5100,11:00 am,12:15 pm,TR,"Aug 17, 2026","Dec 11, 2026",Haley Center,1403
15485,AGEC 6090,12:30 pm,1:45 pm,TR,"Aug 17, 2026","Dec 11, 2026",Haley Center,1403
15486,AGEC 6100,11:00 am,12:15 pm,TR,"Aug 17, 2026","Dec 11, 2026",Haley Center,1403
15490,AGEC 7590,2:00 pm,3:15 pm,TR,"Aug 17, 2026","Dec 11, 2026",Haley Center,3187
15491,AGEC 7700,3:30 pm,4:45 pm,TR,"Aug 17, 2026","Dec 11, 2026",Haley Center,2462
18104,AGEC 8090,2:00 pm,3:15 pm,TR,"Aug 17, 2026","Dec 11, 2026",Haley Center,2423
18105,AGEC 8690,1:00 pm,1:50 pm,MWF,"Aug 17, 2026","Dec 11, 2026",Haley Center,3362
13912,AGRI 1000,3:30 pm,4:45 pm,T,"Aug 17, 2026","Dec 11, 2026",Upchurch Hall,203
13912,AGRI 1000,3:30 pm,5:30 pm,R,"Aug 17, 2026","Dec 11, 2026",Swingle Hall,301
13913,AGRI 1080,11:00 am,12:15 pm,TR,"Aug 17, 2026","Dec 11, 2026",Upchurch Hall,218
13914,AGRI 3000,8:00 am,8:50 am,MWF,"Aug 17, 2026","Dec 11, 2026",Rouse Life Sciences Bldg,112
13914,AGRI 3000,1:00 pm,2:50 pm,T,"Aug 17, 2026","Dec 11, 2026",Rouse Life Sciences Bldg,112
13915,AGRI 3000,8:00 am,8:50 am,MWF,"Aug 17, 2026","Dec 11, 2026",Rouse Life Sciences Bldg,112
13915,AGRI 3000,3:00 pm,4:50 pm,W,"Aug 17, 2026","Dec 11, 2026",Swingle Hall,301
13916,AGRI 3000,8:00 am,8:50 am,MWF,"Aug 17, 2026","Dec 11, 2026",Rouse Life Sciences Bldg,112
13916,AGRI 3000,1:00 pm,2:50 pm,R,"Aug 17, 2026","Dec 11, 2026",Swingle Hall,301
13917,AGRI 3800,9:30 am,10:45 am,TR,"Aug 17, 2026","Dec 11, 2026",Rouse Life Sciences Bldg,112
13920,AGRI 6010,1:00 pm,2:15 pm,TR,"Aug 17, 2026","Dec 11, 2026",Haley Center,3362
13921,AGRI 7820,3:00 pm,4:50 pm,R,"Aug 17, 2026","Dec 11, 2026",STEM and Agric Science Complex,2111
10119,ANSC 1000,8:00 am,8:50 am,MWF,"Aug 17, 2026","Dec 11, 2026",Thach Hall,112
10119,ANSC 1000,1:00 pm,2:50 pm,W,"Aug 17, 2026","Dec 11, 2026",Upchurch Hall,203
10120,ANSC 1000,8:00 am,8:50 am,MWF,"Aug 17, 2026","Dec 11, 2026",Thach Hall,112
10120,ANSC 1000,1:00 pm,2:50 pm,W,"Aug 17, 2026","Dec 11, 2026",Upchurch Hall,203
10121,ANSC 1000,8:00 am,8:50 am,MWF,"Aug 17, 2026","Dec 11, 2026",Thach Hall,112
10121,ANSC 1000,3:00 pm,4:50 pm,W,"Aug 17, 2026","Dec 11, 2026",Upchurch Hall,203
10122,ANSC 1000,8:00 am,8:50 am,MWF,"Aug 17, 2026","Dec 11, 2026",Thach Hall,112
10122,ANSC 1000,3:00 pm,4:50 pm,W,"Aug 17, 2026","Dec 11, 2026",Upchurch Hall,203
10123,ANSC 1050,10:00 am,10:50 am,MW,"Aug 17, 2026","Dec 11, 2026",Upchurch Hall,220
10123,ANSC 1050,3:00 pm,4:50 pm,R,"Aug 17, 2026","Dec 11, 2026",Upchurch Hall,218
10124,ANSC 1050,10:00 am,10:50 am,MW,"Aug 17, 2026","Dec 11, 2026",Upchurch Hall,220
10124,ANSC 1050,3:00 pm,4:50 pm,M,"Aug 17, 2026","Dec 11, 2026",Upchurch Hall,218
10125,ANSC 1100,8:00 am,8:50 am,R,"Aug 17, 2026","Dec 11, 2026",Haley Center,3195
10127,ANSC 2150,5:00 pm,5:50 pm,M,"Aug 17, 2026","Dec 11, 2026",Upchurch Hall,203
10128,ANSC 2150,5:00 pm,5:50 pm,T,"Aug 17, 2026","Dec 11, 2026",Upchurch Hall,203
10130,ANSC 2400,4:00 pm,4:50 pm,T,"Aug 17, 2026","Dec 11, 2026",Upchurch Hall,218
10131,ANSC 2720,11:00 am,11:50 am,MWF,"Aug 17, 2026","Dec 11, 2026",Upchurch Hall,220
10132,ANSC 3150,11:00 am,12:15 pm,TR,"Aug 17, 2026","Dec 11, 2026",Upchurch Hall,203
10134,ANSC 3310,9:00 am,9:50 am,W,"Aug 17, 2026","Dec 11, 2026",Upchurch Hall,220
10134,ANSC 3310,1:00 pm,4:00 pm,F,"Aug 17, 2026","Dec 11, 2026",Lambert Meat Lab,120
10136,ANSC 3400,3:00 pm,4:50 pm,M,"Aug 17, 2026","Dec 11, 2026",Upchurch Hall,220
10137,ANSC 3500,8:00 am,8:50 am,MWF,"Aug 17, 2026","Dec 11, 2026",Upchurch Hall,203
10138,ANSC 3600,9:00 am,9:50 am,MWF,"Aug 17, 2026","Dec 11, 2026",Upchurch Hall,203
10138,ANSC 3600,1:00 pm,2:50 pm,M,"Aug 17, 2026","Dec 11, 2026",Upchurch Hall,203
10139,ANSC 3600,9:00 am,9:50 am,MWF,"Aug 17, 2026","Dec 11, 2026",Upchurch Hall,203
10139,ANSC 3600,3:00 pm,4:50 pm,M,"Aug 17, 2026","Dec 11, 2026",Upchurch Hall,203
10142,ANSC 3800,1:00 pm,1:50 pm,F,"Aug 17, 2026","Dec 11, 2026",Upchurch Hall,203
10144,ANSC 4010,9:30 am,10:45 am,TR,"Aug 17, 2026","Dec 11, 2026",Upchurch Hall,203
10144,ANSC 4010,1:00 pm,2:50 pm,R,"Aug 17, 2026","Dec 11, 2026",Upchurch Hall,203
10147,ANSC 4450,9:30 am,10:20 am,TR,"Aug 17, 2026","Dec 11, 2026",Upchurch Hall,220
10147,ANSC 4450,1:00 pm,2:50 pm,W,"Aug 17, 2026","Dec 11, 2026",Upchurch Hall,220
10148,ANSC 4700,11:00 am,11:50 am,MWF,"Aug 17, 2026","Dec 11, 2026",STEM and Agric Science Complex,1142
10148,ANSC 4700,1:00 pm,2:50 pm,W,"Aug 17, 2026","Dec 11, 2026",Lambert Meat Lab,120
10172,ANSC 7010,8:00 am,9:15 am,TR,"Aug 17, 2026","Dec 11, 2026",Upchurch Hall,203
10157,ANSC 7610,11:00 am,12:15 pm,TR,"Aug 17, 2026","Dec 11, 2026",Upchurch Hall,220
12639,ANTH 1000,9:30 am,10:45 am,TR,"Aug 17, 2026","Dec 11, 2026",Haley Center,3195
12640,ANTH 1000,12:30 pm,1:45 pm,TR,"Aug 17, 2026","Dec 11, 2026",Haley Center,3195
12641,ANTH 1000,1:00 pm,1:50 pm,MWF,"Aug 17, 2026","Dec 11, 2026",Biggin Hall,5
12646,ANTH 3000,9:30 am,10:45 am,TR,"Aug 17, 2026","Dec 11, 2026",Mell Street Classroom Bldg,4546
12647,ANTH 3100,11:00 am,11:50 am,MWF,"Aug 17, 2026","Dec 11, 2026",Miller Hall,226
12649,ANTH 3300,2:00 pm,3:15 pm,TR,"Aug 17, 2026","Dec 11, 2026",Haley Center,2468
12650,ANTH 3410,1:00 pm,1:50 pm,MWF,"Aug 17, 2026","Dec 11, 2026",Draughon Library,3027
13097,APBT 4100,1:00 pm,1:50 pm,TR,"Aug 17, 2026","Dec 11, 2026",STEM and Agric Science Complex,2118
13097,APBT 4100,2:00 pm,4:00 pm,TR,"Aug 17, 2026","Dec 11, 2026",STEM and Agric Science Complex,2118
13103,APBT 5800,8:30 am,10:30 am,MW,"Aug 17, 2026","Dec 11, 2026",STEM and Agric Science Complex,2106
10005,ARCH 1010,9:00 am,12:50 pm,MWF,"Aug 17, 2026","Dec 11, 2026",Dudley Hall,218
10006,ARCH 1010,9:00 am,12:50 pm,MWF,"Aug 17, 2026","Dec 11, 2026",Dudley Hall,219A
10007,ARCH 1060,1:00 pm,2:50 pm,T,"Aug 17, 2026","Dec 11, 2026",Dudley Hall,102
10008,ARCH 2010,1:00 pm,4:50 pm,MWF,"Aug 17, 2026","Dec 11, 2026",Dudley Hall,418
10009,ARCH 2010,1:00 pm,4:50 pm,MWF,"Aug 17, 2026","Dec 11, 2026",Dudley Hall,419
10010,ARCH 2010,1:00 pm,4:50 pm,MWF,"Aug 17, 2026","Dec 11, 2026",Dudley Hall,404
10011,ARCH 2010,1:00 pm,4:50 pm,MWF,"Aug 17, 2026","Dec 11, 2026",Dudley Hall,404
10012,ARCH 2010,1:00 pm,4:50 pm,MWF,"Aug 17, 2026","Dec 11, 2026",Dudley Hall,404
10019,ARCH 3010,1:00 pm,4:50 pm,MWF,"Aug 17, 2026","Dec 11, 2026",Dudley Hall,319A
10020,ARCH 3010,1:00 pm,4:50 pm,MWF,"Aug 17, 2026","Dec 11, 2026",Dudley Hall,401
18082,ARCH 3300,5:30 pm,7:45 pm,T,"Aug 17, 2026","Dec 11, 2026",Dudley Hall,109
18083,ARCH 3300,5:30 pm,7:45 pm,W,"Aug 17, 2026","Dec 11, 2026",Dudley Hall,109
18518,ARCH 3300,5:00 pm,7:15 pm,M,"Aug 17, 2026","Dec 11, 2026",Dudley Hall,109
10025,ARCH 3410,11:00 am,12:15 pm,MW,"Aug 17, 2026","Dec 11, 2026",Dudley Hall,109
10028,ARCH 3500,11:00 am,12:15 pm,TR,"Aug 17, 2026","Dec 11, 2026",Dudley Hall,109
10032,ARCH 3700,9:30 am,10:45 am,TR,"Aug 17, 2026","Dec 11, 2026",Dudley Hall,109
10033,ARCH 3700,11:00 am,12:15 pm,MW,"Aug 17, 2026","Dec 11, 2026",Dudley Hall,118
18138,ARCH 3700,11:00 am,12:15 pm,TR,"Aug 17, 2026","Dec 11, 2026",Dudley Hall,118
10034,ARCH 3800,9:30 am,10:45 am,MW,"Aug 17, 2026","Dec 11, 2026",Dudley Hall,109
10037,ARCH 4010,1:00 pm,4:50 pm,MWF,"Aug 17, 2026","Dec 11, 2026",Dudley Hall,304B
10038,ARCH 4010,1:00 pm,4:50 pm,MWF,"Aug 17, 2026","Dec 11, 2026",Dudley Hall,304A
10039,ARCH 4010,1:00 pm,4:50 pm,MWF,"Aug 17, 2026","Dec 11, 2026",Dudley Hall,318
18123,ARCH 4010,1:00 pm,4:50 pm,MWF,"Aug 17, 2026","Dec 11, 2026",Dudley Hall,304C
10040,ARCH 4110,12:30 pm,1:45 pm,TR,"Aug 17, 2026","Dec 11, 2026",Mell Street Classroom Bldg,2550
10041,ARCH 4110,12:30 pm,1:45 pm,TR,"Aug 17, 2026","Dec 11, 2026",Mell Street Classroom Bldg,2550
15878,ARTS 1110,8:00 am,9:50 am,MWF,"Aug 17, 2026","Dec 11, 2026",Biggin Hall,118
15879,ARTS 1110,10:00 am,11:50 am,MWF,"Aug 17, 2026","Dec 11, 2026",Biggin Hall,118
15880,ARTS 1110,8:00 am,10:45 am,TR,"Aug 17, 2026","Dec 11, 2026",Biggin Hall,118
15881,ARTS 1110,11:00 am,1:45 pm,TR,"Aug 17, 2026","Dec 11, 2026",Biggin Hall,118
18187,ARTS 1110,2:00 pm,4:45 pm,TR,"Aug 17, 2026","Dec 11, 2026",Biggin Hall,118
15882,ARTS 1210,8:00 am,9:50 am,MWF,"Aug 17, 2026","Dec 11, 2026",Biggin Hall,126
15883,ARTS 1210,10:00 am,11:50 am,MWF,"Aug 17, 2026","Dec 11, 2026",Biggin Hall,126
15884,ARTS 1220,1:00 pm,2:50 pm,MWF,"Aug 17, 2026","Dec 11, 2026",Three-Dimensional Arts Bldg,102
15885,ARTS 1230,10:00 am,11:50 am,MWF,"Aug 17, 2026","Dec 11, 2026",Biggin Hall,205
15886,ARTS 1230,1:00 pm,2:50 pm,MWF,"Aug 17, 2026","Dec 11, 2026",Biggin Hall,205
15887,ARTS 1250,5:00 pm,6:30 pm,T,"Aug 17, 2026","Dec 11, 2026",Biggin Hall,5
15888,ARTS 1510,11:00 am,12:15 pm,TR,"Aug 17, 2026","Dec 11, 2026",Biggin Hall,5
15889,ARTS 1510,12:30 pm,1:45 pm,TR,"Aug 17, 2026","Dec 11, 2026",Biggin Hall,5
15890,ARTS 1510,9:00 am,9:50 am,MWF,"Aug 17, 2026","Dec 11, 2026",Biggin Hall,5
15892,ARTS 1510,2:00 pm,3:15 pm,MW,"Aug 17, 2026","Dec 11, 2026",Biggin Hall,5
15893,ARTS 1610,8:00 am,9:15 am,TR,"Aug 17, 2026","Dec 11, 2026",Biggin Hall,5
15894,ARTS 1610,9:30 am,10:45 am,TR,"Aug 17, 2026","Dec 11, 2026",Biggin Hall,5
15895,ARTS 1610,2:00 pm,3:15 pm,TR,"Aug 17, 2026","Dec 11, 2026",Biggin Hall,5
15897,ARTS 1617,2:00 pm,3:15 pm,TR,"Aug 17, 2026","Dec 11, 2026",Biggin Hall,5
15900,ARTS 2150,10:00 am,10:50 am,MWF,"Aug 17, 2026","Dec 11, 2026",Biggin Hall,008
15901,ARTS 2150,2:00 pm,2:50 pm,MWF,"Aug 17, 2026","Dec 11, 2026",Biggin Hall,008
15902,ARTS 3020,8:00 am,10:45 am,TR,"Aug 17, 2026","Dec 11, 2026",Biggin Hall,228
15903,ARTS 3110,2:00 pm,4:45 pm,TR,"Aug 17, 2026","Dec 11, 2026",Biggin Hall,114
15904,ARTS 3120,11:00 am,1:45 pm,TR,"Aug 17, 2026","Dec 11, 2026",Biggin Hall,228
15905,ARTS 3130,6:00 pm,8:45 pm,TR,"Aug 17, 2026","Dec 11, 2026",Biggin Hall,228
15907,ARTS 3140,1:00 pm,2:50 pm,MWF,"Aug 17, 2026","Dec 11, 2026",Biggin Hall,136
15908,ARTS 3150,1:00 pm,2:50 pm,MWF,"Aug 17, 2026","Dec 11, 2026",Biggin Hall,136
15909,ARTS 3210,10:00 am,11:50 am,MWF,"Aug 17, 2026","Dec 11, 2026",Biggin Hall,201
15910,ARTS 3210,1:00 pm,2:50 pm,MWF,"Aug 17, 2026","Dec 11, 2026",Biggin Hall,201
15911,ARTS 3230,2:00 pm,4:45 pm,TR,"Aug 17, 2026","Dec 11, 2026",Biggin Hall,201
15912,ARTS 3310,11:00 am,1:45 pm,TR,"Aug 17, 2026","Dec 11, 2026",Biggin Hall,320
15914,ARTS 3320,11:00 am,1:45 pm,TR,"Aug 17, 2026","Dec 11, 2026",Biggin Hall,312
15915,ARTS 3330,2:00 pm,4:45 pm,TR,"Aug 17, 2026","Dec 11, 2026",Biggin Hall,306
15916,ARTS 3410,1:00 pm,2:50 pm,MWF,"Aug 17, 2026","Dec 11, 2026",Biggin Hall,22
15918,ARTS 3510,2:00 pm,4:45 pm,TR,"Aug 17, 2026","Dec 11, 2026",Three-Dimensional Arts Bldg,120
15919,ARTS 3520,11:00 am,1:45 pm,TR,"Aug 17, 2026","Dec 11, 2026",Three-Dimensional Arts Bldg,120
18131,ARTS 3730,1:00 pm,1:50 pm,MWF,"Aug 17, 2026","Dec 11, 2026",Biggin Hall,008
Writing Enriched,18132,9:30 am,10:45 am,TR,"Aug 17, 2026","Dec 11, 2026",Biggin Hall,008
18133,ARTS 3790,2:00 pm,3:15 pm,TR,"Aug 17, 2026","Dec 11, 2026",Biggin Hall,008
15924,ARTS 3820,8:00 am,9:50 am,MWF,"Aug 17, 2026","Dec 11, 2026",Three-Dimensional Arts Bldg,110
15925,ARTS 3840,10:00 am,11:50 am,MWF,"Aug 17, 2026","Dec 11, 2026",Three-Dimensional Arts Bldg,110
15926,ARTS 3850,1:00 pm,2:50 pm,MWF,"Aug 17, 2026","Dec 11, 2026",Three-Dimensional Arts Bldg,110
15927,ARTS 4140,11:00 am,1:45 pm,TR,"Aug 17, 2026","Dec 11, 2026",Biggin Hall,228
15928,ARTS 4240,2:00 pm,4:45 pm,TR,"Aug 17, 2026","Dec 11, 2026",Biggin Hall,201
15929,ARTS 4340,2:00 pm,4:45 pm,TR,"Aug 17, 2026","Dec 11, 2026",Biggin Hall,306
15930,ARTS 4440,1:00 pm,2:50 pm,MWF,"Aug 17, 2026","Dec 11, 2026",Biggin Hall,22
15931,ARTS 4540,11:00 am,1:45 pm,TR,"Aug 17, 2026","Dec 11, 2026",Three-Dimensional Arts Bldg,120
15932,ARTS 4700,4:00 pm,6:30 pm,R,"Aug 17, 2026","Dec 11, 2026",Biggin Hall,5
15933,ARTS 4840,1:00 pm,2:50 pm,MWF,"Aug 17, 2026","Dec 11, 2026",Three-Dimensional Arts Bldg,110
15934,ARTS 4850,5:00 pm,6:15 pm,TR,"Aug 17, 2026","Dec 11, 2026",Biggin Hall,008
15935,ARTS 4860,5:00 pm,5:50 pm,W,"Aug 17, 2026","Dec 11, 2026",Biggin Hall,008
15936,ARTS 4980,11:00 am,1:45 pm,TR,"Aug 17, 2026","Dec 11, 2026",Biggin Hall,228
15937,ARTS 4980,2:00 pm,4:45 pm,TR,"Aug 17, 2026","Dec 11, 2026",Biggin Hall,201
15938,ARTS 4980,2:00 pm,4:45 pm,TR,"Aug 17, 2026","Dec 11, 2026",Biggin Hall,306
15939,ARTS 4980,1:00 pm,2:50 pm,MWF,"Aug 17, 2026","Dec 11, 2026",Biggin Hall,22
15940,ARTS 4980,11:00 am,1:45 pm,TR,"Aug 17, 2026","Dec 11, 2026",Three-Dimensional Arts Bldg,120
15941,ARTS 4980,1:00 pm,2:50 pm,MWF,"Aug 17, 2026","Dec 11, 2026",Three-Dimensional Arts Bldg,110
15448,GLOB 0100,11:00 am,11:50 am,R,"Aug 17, 2026","Dec 11, 2026",Haley Center,2116
15449,GLOB 0210,12:00 pm,12:50 pm,MWF,"Aug 17, 2026","Dec 11, 2026",Charles E Davis Aerospace Hall,256
15449,GLOB 0210,1:00 pm,1:50 pm,MWF,"Aug 17, 2026","Dec 11, 2026",Charles E Davis Aerospace Hall,256
15449,GLOB 0210,12:30 pm,1:45 pm,TR,"Aug 17, 2026","Dec 11, 2026",Charles E Davis Aerospace Hall,256
15450,GLOB 0220,9:00 am,9:50 am,MWF,"Aug 17, 2026","Dec 11, 2026",Charles E Davis Aerospace Hall,257
15450,GLOB 0220,10:00 am,10:50 am,MWF,"Aug 17, 2026","Dec 11, 2026",Charles E Davis Aerospace Hall,355
15450,GLOB 0220,9:00 am,10:15 am,TR,"Aug 17, 2026","Dec 11, 2026",Charles E Davis Aerospace Hall,257
15451,GLOB 0310,2:00 pm,2:50 pm,MWF,"Aug 17, 2026","Dec 11, 2026",Haley Center,3332
15451,GLOB 0310,3:00 pm,3:50 pm,MWF,"Aug 17, 2026","Dec 11, 2026",Haley Center,3330
15451,GLOB 0310,2:00 pm,3:15 pm,TR,"Aug 17, 2026","Dec 11, 2026",Haley Center,2312
15452,GLOB 0410,11:00 am,12:15 pm,TR,"Aug 17, 2026","Dec 11, 2026",Haley Center,3218
15453,GLOB 0440,6:30 pm,9:00 pm,MW,"Aug 17, 2026","Dec 11, 2026",Haley Center,2468
15454,GLOB 0900,11:00 am,11:50 am,F,"Aug 17, 2026","Dec 11, 2026",Charles E Davis Aerospace Hall,256
15454,GLOB 0900,4:00 pm,11:00 pm,F,"Aug 17, 2026","Dec 11, 2026",Haley Center,2222
15455,GLOB 0900,3:45 pm,9:00 pm,W,"Aug 17, 2026","Dec 11, 2026",Haley Center,2332
15455,GLOB 0900,3:45 pm,6:00 pm,F,"Aug 17, 2026","Dec 11, 2026",Haley Center,3224
15457,GLOB 1010,2:00 pm,2:50 pm,TR,"Aug 17, 2026","Dec 11, 2026",Haley Center,2196
15458,GLOB 1030,3:30 pm,4:45 pm,T,"Aug 17, 2026","Dec 11, 2026",Haley Center,2332
15459,GLOB 1030,11:00 am,12:15 pm,M,"Aug 17, 2026","Dec 11, 2026",Haley Center,2306
15460,GLOB 1100,11:00 am,11:50 am,MWF,"Aug 17, 2026","Dec 11, 2026",Haley Center,2224
15008,AVMG 1010,11:00 am,12:15 pm,TR,"Aug 17, 2026","Dec 11, 2026",Haley Center,2352
15010,AVMG 1010,2:00 pm,3:15 pm,TR,"Aug 17, 2026","Dec 11, 2026",Miller Hall,226
15011,AVMG 1010,1:00 pm,1:50 pm,MWF,"Aug 17, 2026","Dec 11, 2026",Draughon Library,3041
15009,AVMG 1010,12:30 pm,1:45 pm,TR,"Aug 17, 2026","Dec 11, 2026",Miller Hall,201
15013,AVMG 2050,9:30 am,10:45 am,TR,"Aug 17, 2026","Dec 11, 2026",Haley Center,2213
15014,AVMG 2050,8:00 am,9:15 am,TR,"Aug 17, 2026","Dec 11, 2026",Haley Center,2213
15015,AVMG 2050,12:30 pm,1:45 pm,TR,"Aug 17, 2026","Dec 11, 2026",Academic Classroom/Lab Complex,170A
15016,AVMG 2050,1:00 pm,1:50 pm,MWF,"Aug 17, 2026","Dec 11, 2026",Mell Street Classroom Bldg,4546
15017,AVMG 2400,9:00 am,9:50 am,MWF,"Aug 17, 2026","Dec 11, 2026",Charles E Davis Aerospace Hall,358
15018,AVMG 2400,10:00 am,10:50 am,MWF,"Aug 17, 2026","Dec 11, 2026",Charles E Davis Aerospace Hall,358
15023,AVMG 2600,12:30 pm,1:45 pm,TR,"Aug 17, 2026","Dec 11, 2026",Broun Hall,107
15026,AVMG 2810,10:00 am,10:50 am,MWF,"Aug 17, 2026","Dec 11, 2026",Mell Street Classroom Bldg,3510B
15027,AVMG 2810,2:00 pm,3:15 pm,TR,"Aug 17, 2026","Dec 11, 2026",Haley Center,2228
15029,AVMG 2810,9:30 am,10:45 am,TR,"Aug 17, 2026","Dec 11, 2026",Haley Center,2352
15030,AVMG 3050,3:00 pm,4:15 pm,MW,"Aug 17, 2026","Dec 11, 2026",Charles E Davis Aerospace Hall,256
15032,AVMG 3050,8:00 am,9:15 am,TR,"Aug 17, 2026","Dec 11, 2026",Mell Street Classroom Bldg,3520
15033,AVMG 3050,11:00 am,12:15 pm,TR,"Aug 17, 2026","Dec 11, 2026",Draughon Library,4035
15036,AVMG 3140,11:00 am,12:15 pm,TR,"Aug 17, 2026","Dec 11, 2026",Mell Street Classroom Bldg,4546
15037,AVMG 3140,9:00 am,9:50 am,MWF,"Aug 17, 2026","Dec 11, 2026",Draughon Library,3129
15038,AVMG 3140,10:00 am,10:50 am,MWF,"Aug 17, 2026","Dec 11, 2026",Draughon Library,3041
15040,AVMG 3200,12:30 pm,1:45 pm,TR,"Aug 17, 2026","Dec 11, 2026",Charles E Davis Aerospace Hall,254
15041,AVMG 3200,2:00 pm,3:15 pm,TR,"Aug 17, 2026","Dec 11, 2026",Charles E Davis Aerospace Hall,254
15042,AVMG 3200,3:30 pm,4:45 pm,TR,"Aug 17, 2026","Dec 11, 2026",Mell Street Classroom Bldg,3546
15043,AVMG 3600,9:00 am,9:50 am,MWF,"Aug 17, 2026","Dec 11, 2026",Draughon Library,3041
15044,AVMG 3600,11:00 am,11:50 am,MWF,"Aug 17, 2026","Dec 11, 2026",Draughon Library,3041
15045,AVMG 3600,12:00 pm,12:50 pm,MWF,"Aug 17, 2026","Dec 11, 2026",Draughon Library,3041
15047,AVMG 3710,5:00 pm,6:15 pm,TR,"Aug 17, 2026","Dec 11, 2026",Mell Street Classroom Bldg,4546
15049,AVMG 4040,9:30 am,10:45 am,TR,"Aug 17, 2026","Dec 11, 2026",Charles E Davis Aerospace Hall,358
15050,AVMG 4060,8:00 am,9:15 am,TR,"Aug 17, 2026","Dec 11, 2026",Miller Hall,226
15051,AVMG 4060,9:30 am,10:45 am,TR,"Aug 17, 2026","Dec 11, 2026",Miller Hall,226
15052,AVMG 4060,9:00 am,9:50 am,MWF,"Aug 17, 2026","Dec 11, 2026",Miller Hall,226
15053,AVMG 4060,10:00 am,10:50 am,MWF,"Aug 17, 2026","Dec 11, 2026",Miller Hall,226
15054,AVMG 4080,11:00 am,11:50 am,MWF,"Aug 17, 2026","Dec 11, 2026",Mell Street Classroom Bldg,3550
15055,AVMG 4080,12:00 pm,12:50 pm,MWF,"Aug 17, 2026","Dec 11, 2026",Mell Street Classroom Bldg,4546
15056,AVMG 4080,1:00 pm,1:50 pm,MWF,"Aug 17, 2026","Dec 11, 2026",Mell Street Classroom Bldg,3510B
15057,AVMG 4080,9:30 am,10:45 am,TR,"Aug 17, 2026","Dec 11, 2026",Charles E Davis Aerospace Hall,356
15059,AVMG 4130,9:30 am,10:45 am,TR,"Aug 17, 2026","Dec 11, 2026",Miller Hall,201
15060,AVMG 4130,11:00 am,12:15 pm,TR,"Aug 17, 2026","Dec 11, 2026",Lowder Hall,20
15061,AVMG 4130,9:00 am,9:50 am,MWF,"Aug 17, 2026","Dec 11, 2026",Mell Street Classroom Bldg,3520
15062,AVMG 4140,2:00 pm,3:15 pm,TR,"Aug 17, 2026","Dec 11, 2026",Mell Street Classroom Bldg,3510B
15063,AVMG 4190,11:00 am,11:50 am,MWF,"Aug 17, 2026","Dec 11, 2026",Mell Street Classroom Bldg,4520
15064,AVMG 4190,12:30 pm,1:45 pm,TR,"Aug 17, 2026","Dec 11, 2026",Charles E Davis Aerospace Hall,358
15065,AVMG 4190,2:00 pm,3:15 pm,TR,"Aug 17, 2026","Dec 11, 2026",Charles E Davis Aerospace Hall,354
15066,AVMG 4200,10:00 am,10:50 am,MWF,"Aug 17, 2026","Dec 11, 2026",Miller Hall,201
15067,AVMG 4200,11:00 am,11:50 am,MWF,"Aug 17, 2026","Dec 11, 2026",Miller Hall,201
15068,AVMG 4200,1:00 pm,1:50 pm,MWF,"Aug 17, 2026","Dec 11, 2026",Miller Hall,201
15069,AVMG 4200,12:30 pm,1:45 pm,TR,"Aug 17, 2026","Dec 11, 2026",Mell Street Classroom Bldg,4546
15070,AVMG 5090,9:30 am,10:45 am,TR,"Aug 17, 2026","Dec 11, 2026",Charles E Davis Aerospace Hall,254
15071,AVMG 5090,12:30 pm,1:45 pm,TR,"Aug 17, 2026","Dec 11, 2026",Charles E Davis Aerospace Hall,257
15073,AVMG 5090,2:00 pm,3:15 pm,TR,"Aug 17, 2026","Dec 11, 2026",Charles E Davis Aerospace Hall,257
15072,AVMG 5090,3:30 pm,4:45 pm,TR,"Aug 17, 2026","Dec 11, 2026",Charles E Davis Aerospace Hall,257
15075,AVMG 5180,8:00 am,9:15 am,TR,"Aug 17, 2026","Dec 11, 2026",Charles E Davis Aerospace Hall,354
15076,AVMG 5180,12:00 pm,12:50 pm,MWF,"Aug 17, 2026","Dec 11, 2026",Draughon Library,4035
15077,AVMG 5180,1:00 pm,1:50 pm,MWF,"Aug 17, 2026","Dec 11, 2026",Draughon Library,4035
11629,BATM 1110,9:00 am,9:50 am,MW,"Aug 17, 2026","Dec 11, 2026",Corley Hall,314
11629,BATM 1110,12:30 pm,3:20 pm,R,"Aug 17, 2026","Dec 11, 2026",Corley Hall,314
11630,BATM 3100,9:00 am,9:50 am,MW,"Aug 17, 2026","Dec 11, 2026",Corley Hall,314
11630,BATM 3100,12:30 pm,3:20 pm,R,"Aug 17, 2026","Dec 11, 2026",Corley Hall,314
11631,BATM 3110,10:00 am,10:50 am,MW,"Aug 17, 2026","Dec 11, 2026",Corley Hall,302
11631,BATM 3110,12:30 pm,3:20 pm,W,"Aug 17, 2026","Dec 11, 2026",Corley Hall,314
11632,BATM 4100,12:00 pm,2:50 pm,M,"Aug 17, 2026","Dec 11, 2026",Corley Hall,302
11633,BATM 5110,8:00 am,8:50 am,TR,"Aug 17, 2026","Dec 11, 2026",Corley Hall,302
11633,BATM 5110,1:00 pm,3:50 pm,R,"Aug 17, 2026","Dec 11, 2026",Corley Hall,302
11634,BATM 5120,11:00 am,11:50 am,TR,"Aug 17, 2026","Dec 11, 2026",Corley Hall,302
11634,BATM 5120,1:00 pm,3:50 pm,T,"Aug 17, 2026","Dec 11, 2026",Corley Hall,302
11635,BATM 5140,11:00 am,11:50 am,MW,"Aug 17, 2026","Dec 11, 2026",Corley Hall,302
11635,BATM 5140,2:00 pm,4:50 pm,R,"Aug 17, 2026","Dec 11, 2026",National Poultry Tech Building,001
11636,BATM 5550,9:00 am,9:50 am,MWF,"Aug 17, 2026","Dec 11, 2026",Corley Hall,302
11636,BATM 5550,1:00 pm,3:50 pm,M,"Aug 17, 2026","Dec 11, 2026",Corley Hall,307
11637,BATM 6110,8:00 am,8:50 am,TR,"Aug 17, 2026","Dec 11, 2026",Corley Hall,302
11637,BATM 6110,1:00 pm,3:50 pm,R,"Aug 17, 2026","Dec 11, 2026",Corley Hall,302
11638,BATM 6120,11:00 am,11:50 am,TR,"Aug 17, 2026","Dec 11, 2026",Corley Hall,302
11638,BATM 6120,1:00 pm,3:50 pm,T,"Aug 17, 2026","Dec 11, 2026",Corley Hall,302
11639,BATM 6140,11:00 am,11:50 am,MW,"Aug 17, 2026","Dec 11, 2026",Corley Hall,302
11639,BATM 6140,2:00 pm,4:50 pm,R,"Aug 17, 2026","Dec 11, 2026",National Poultry Tech Building,001
11640,BATM 6550,9:00 am,9:50 am,MWF,"Aug 17, 2026","Dec 11, 2026",Corley Hall,302
11640,BATM 6550,1:00 pm,3:50 pm,M,"Aug 17, 2026","Dec 11, 2026",Corley Hall,307
10598,BCHE 3180,11:00 am,12:15 pm,TR,"Aug 17, 2026","Dec 11, 2026",Academic Classroom/Lab Complex,202
10171,BCHE 3200,11:00 am,11:50 am,MWF,"Aug 17, 2026","Dec 11, 2026",Rouse Life Sciences Bldg,112
12398,BCHE 5180,12:30 pm,1:45 pm,TR,"Aug 17, 2026","Dec 11, 2026",Chemistry Bldg,151
12399,BCHE 5180,9:00 am,9:50 am,MWF,"Aug 17, 2026","Dec 11, 2026",Mell Street Classroom Bldg,2550
12406,BCHE 6180,12:30 pm,1:45 pm,TR,"Aug 17, 2026","Dec 11, 2026",Chemistry Bldg,151
12408,BCHE 6181,2:00 pm,4:50 pm,M,"Aug 17, 2026","Dec 11, 2026",Science Center Laboratory Bldg,323
12409,BCHE 6181,9:30 am,12:20 pm,T,"Aug 17, 2026","Dec 11, 2026",Science Center Laboratory Bldg,323
12412,BCHE 6191,2:00 pm,4:50 pm,T,"Aug 17, 2026","Dec 11, 2026",Science Center Laboratory Bldg,323
13922,BIOL 1000,1:00 pm,1:50 pm,MWF,"Aug 17, 2026","Dec 11, 2026",Chemistry Bldg,151
13923,BIOL 1000,2:00 pm,2:50 pm,MWF,"Aug 17, 2026","Dec 11, 2026",Chemistry Bldg,151
13924,BIOL 1000,12:30 pm,1:45 pm,TR,"Aug 17, 2026","Dec 11, 2026",Science Center Auditorium,101
13931,BIOL 1001,11:00 am,12:50 pm,W,"Aug 17, 2026","Dec 11, 2026",Academic Classroom/Lab Complex,178
13932,BIOL 1001,1:00 pm,2:50 pm,W,"Aug 17, 2026","Dec 11, 2026",Academic Classroom/Lab Complex,178
13941,BIOL 1010,2:00 pm,2:50 pm,MWF,"Aug 17, 2026","Dec 11, 2026",Foy Hall,258
13949,BIOL 1011,1:00 pm,2:50 pm,R,"Aug 17, 2026","Dec 11, 2026",Academic Classroom/Lab Complex,186
13950,BIOL 1020,10:00 am,10:50 am,MWF,"Aug 17, 2026","Dec 11, 2026",Foy Hall,258
13952,BIOL 1020,11:00 am,12:15 pm,TR,"Aug 17, 2026","Dec 11, 2026",Science Center Auditorium,101
13953,BIOL 1020,2:00 pm,3:15 pm,TR,"Aug 17, 2026","Dec 11, 2026",Foy Hall,258
13954,BIOL 1020,2:00 pm,3:15 pm,TR,"Aug 17, 2026","Dec 11, 2026",Chemistry Bldg,151
13955,BIOL 1020,2:00 pm,2:50 pm,MWF,"Aug 17, 2026","Dec 11, 2026",Langdon Hall,101
13974,BIOL 1021,9:00 am,10:50 am,T,"Aug 17, 2026","Dec 11, 2026",Academic Classroom/Lab Complex,134
18754,BIOL 1021,11:00 am,12:50 pm,W,"Aug 17, 2026","Dec 11, 2026",Academic Classroom/Lab Complex,134
13997,BIOL 1030,8:00 am,9:15 am,TR,"Aug 17, 2026","Dec 11, 2026",Chemistry Bldg,134
13998,BIOL 1030,2:00 pm,3:15 pm,TR,"Aug 17, 2026","Dec 11, 2026",Chemistry Bldg,134
14011,BIOL 2500,11:00 am,12:15 pm,TR,"Aug 17, 2026","Dec 11, 2026",Academic Classroom/Lab Complex,012
14036,BIOL 2501,10:00 am,11:50 am,F,"Aug 17, 2026","Dec 11, 2026",Science Center Laboratory Bldg,423
14039,BIOL 2507,8:00 am,9:15 am,TR,"Aug 17, 2026","Dec 11, 2026",Langdon Hall,101
14040,BIOL 2510,8:00 am,9:15 am,TR,"Aug 17, 2026","Dec 11, 2026",Science Center Auditorium,101
14042,BIOL 2510,11:00 am,11:50 am,MWF,"Aug 17, 2026","Dec 11, 2026",Mell Street Classroom Bldg,2550
14057,BIOL 2511,2:00 pm,3:50 pm,F,"Aug 17, 2026","Dec 11, 2026",Science Center Laboratory Bldg,223
14058,BIOL 2511,6:00 pm,7:50 pm,W,"Aug 17, 2026","Dec 11, 2026",Science Center Laboratory Bldg,223
14062,BIOL 3001,1:00 pm,2:50 pm,T,"Aug 17, 2026","Dec 11, 2026",Science Center Classroom Bldg,129
14066,BIOL 3001,1:00 pm,2:50 pm,R,"Aug 17, 2026","Dec 11, 2026",Science Center Classroom Bldg,129
14067,BIOL 3001,3:00 pm,4:50 pm,R,"Aug 17, 2026","Dec 11, 2026",Science Center Classroom Bldg,129
14068,BIOL 3020,11:00 am,12:15 pm,TR,"Aug 17, 2026","Dec 11, 2026",Academic Classroom/Lab Complex,270
14068,BIOL 3020,3:30 pm,6:15 pm,T,"Aug 17, 2026","Dec 11, 2026",Academic Classroom/Lab Complex,270
14077,BIOL 3200,9:00 am,9:50 am,MWF,"Aug 17, 2026","Dec 11, 2026",Science Center Auditorium,101
14078,BIOL 3200,12:00 pm,12:50 pm,MWF,"Aug 17, 2026","Dec 11, 2026",Foy Hall,258
14094,BIOL 3207,9:00 am,9:50 am,MWF,"Aug 17, 2026","Dec 11, 2026",Science Center Auditorium,101
14095,BIOL 3207,12:00 pm,12:50 pm,MWF,"Aug 17, 2026","Dec 11, 2026",Foy Hall,258
14096,BIOL 4000,3:00 pm,3:50 pm,MWF,"Aug 17, 2026","Dec 11, 2026",Foy Hall,258
14098,BIOL 4010,9:30 am,10:45 am,TR,"Aug 17, 2026","Dec 11, 2026",Science Center Classroom Bldg,122
14104,BIOL 4020,8:00 am,8:50 am,MWF,"Aug 17, 2026","Dec 11, 2026",Science Center Classroom Bldg,122
14104,BIOL 4020,12:30 pm,3:15 pm,R,"Aug 17, 2026","Dec 11, 2026",Biodiversity Learning Center,251
14105,BIOL 4100,3:30 pm,4:45 pm,TR,"Aug 17, 2026","Dec 11, 2026",Chemistry Bldg,134
18154,BIOL 4950,2:00 pm,2:50 pm,F,"Aug 17, 2026","Dec 11, 2026",Rouse Life Sciences Bldg,112
14117,BIOL 4970,12:00 pm,2:00 pm,TR,"Aug 17, 2026","Dec 11, 2026",Science Center Laboratory Bldg,310
18152,BIOL 4970,1:00 pm,4:00 pm,W,"Aug 17, 2026","Dec 11, 2026",Science Center Laboratory Bldg,310
14118,BIOL 4970,9:00 am,9:50 am,MWF,"Aug 17, 2026","Dec 11, 2026",Rouse Life Sciences Bldg,112
14121,BIOL 4970,3:00 pm,3:50 pm,W,"Aug 17, 2026","Dec 11, 2026",Upchurch Hall,220
14116,BIOL 4970,11:00 am,12:15 pm,TR,"Aug 17, 2026","Dec 11, 2026",Academic Classroom/Lab Complex,161
14150,BIOL 5020,1:00 pm,1:50 pm,MWF,"Aug 17, 2026","Dec 11, 2026",Science Center Classroom Bldg,115
18232,BIOL 5190,8:00 am,9:15 am,TR,"Aug 17, 2026","Dec 11, 2026",Science Center Classroom Bldg,122
18249,BIOL 5240,9:30 am,10:45 am,TR,"Aug 17, 2026","Dec 11, 2026",Science Center Laboratory Bldg,319
18249,BIOL 5240,2:00 pm,3:45 pm,W,"Aug 17, 2026","Dec 11, 2026",Science Center Laboratory Bldg,319
14158,BIOL 5250,9:00 am,9:50 am,MWF,"Aug 17, 2026","Dec 11, 2026",Science Center Classroom Bldg,115
18151,BIOL 5370,2:00 pm,3:15 pm,TR,"Aug 17, 2026","Dec 11, 2026",Science Center Classroom Bldg,115
14170,BIOL 5600,11:00 am,12:15 pm,TR,"Aug 17, 2026","Dec 11, 2026",Chemistry Bldg,134
14170,BIOL 5600,6:00 pm,8:45 pm,W,"Aug 17, 2026","Dec 11, 2026",Science Center Laboratory Bldg,419
14170,BIOL 5600,2:00 pm,2:50 pm,F,"Aug 17, 2026","Dec 11, 2026",Chemistry Bldg,134
14173,BIOL 5650,12:00 pm,12:50 pm,MWF,"Aug 17, 2026","Dec 11, 2026",Science Center Classroom Bldg,129
14176,BIOL 5800,3:00 pm,4:15 pm,MW,"Aug 17, 2026","Dec 11, 2026",Academic Classroom/Lab Complex,161
14177,BIOL 6020,1:00 pm,1:50 pm,MWF,"Aug 17, 2026","Dec 11, 2026",Science Center Classroom Bldg,115
14180,BIOL 6200,11:00 am,11:50 am,MWF,"Aug 17, 2026","Dec 11, 2026",Science Center Classroom Bldg,115
14180,BIOL 6200,3:00 pm,4:50 pm,MW,"Aug 17, 2026","Dec 11, 2026",Rouse Life Sciences Bldg,13
14184,BIOL 6230,9:00 am,9:50 am,MWF,"Aug 17, 2026","Dec 11, 2026",Academic Classroom/Lab Complex,242
18250,BIOL 6240,9:30 am,10:45 am,TR,"Aug 17, 2026","Dec 11, 2026",Science Center Laboratory Bldg,319
18250,BIOL 6240,2:00 pm,3:45 pm,W,"Aug 17, 2026","Dec 11, 2026",Science Center Laboratory Bldg,319
18241,BIOL 6370,2:00 pm,3:15 pm,TR,"Aug 17, 2026","Dec 11, 2026",Science Center Classroom Bldg,115
14190,BIOL 6521,1:00 pm,2:50 pm,TR,"Aug 17, 2026","Dec 11, 2026",Science Center Laboratory Bldg,227
14192,BIOL 6600,11:00 am,12:15 pm,TR,"Aug 17, 2026","Dec 11, 2026",Chemistry Bldg,134
14192,BIOL 6600,12:30 pm,3:15 pm,T,"Aug 17, 2026","Dec 11, 2026",Science Center Laboratory Bldg,419
14192,BIOL 6600,2:00 pm,2:50 pm,F,"Aug 17, 2026","Dec 11, 2026",Chemistry Bldg,134
14194,BIOL 6600,11:00 am,12:15 pm,TR,"Aug 17, 2026","Dec 11, 2026",Chemistry Bldg,134
14194,BIOL 6600,12:30 pm,3:15 pm,R,"Aug 17, 2026","Dec 11, 2026",Science Center Laboratory Bldg,419
14194,BIOL 6600,2:00 pm,2:50 pm,F,"Aug 17, 2026","Dec 11, 2026",Chemistry Bldg,134
14198,BIOL 6800,3:00 pm,4:15 pm,MW,"Aug 17, 2026","Dec 11, 2026",Academic Classroom/Lab Complex,161
18148,BIOL 7170,11:00 am,12:15 pm,TR,"Aug 17, 2026","Dec 11, 2026",Academic Classroom/Lab Complex,161
14201,BIOL 7800,1:00 pm,2:50 pm,W,"Aug 17, 2026","Dec 11, 2026",Corley Hall,302
14209,BIOL 7970,2:00 pm,3:50 pm,R,"Aug 17, 2026","Dec 11, 2026",Rouse Life Sciences Bldg,112
14212,BIOL 7970,3:00 pm,3:50 pm,W,"Aug 17, 2026","Dec 11, 2026",Upchurch Hall,220
14215,BIOL 7970,9:30 am,10:45 am,TR,"Aug 17, 2026","Dec 11, 2026",Draughon Library,4027
12115,BIOP 1390,9:00 am,9:50 am,MW,"Aug 17, 2026","Dec 11, 2026",Forestry & Wildlife Sci Bldg,1223
12115,BIOP 1390,1:00 pm,3:50 pm,F,"Aug 17, 2026","Dec 11, 2026",Forestry & Wildlife Sci Bldg,1223
18160,BIOP 4400,2:00 pm,5:50 pm,W,"Aug 17, 2026","Dec 11, 2026",Forestry & Wildlife Sci Bldg,1219
12117,BIOP 5080,10:00 am,10:50 am,MWF,"Aug 17, 2026","Dec 11, 2026",Forestry & Wildlife Sci Bldg,1219
12118,BIOP 5250,9:30 am,10:45 am,TR,"Aug 17, 2026","Dec 11, 2026",Forestry & Wildlife Sci Bldg,1207
12119,BIOP 6080,10:00 am,10:50 am,MWF,"Aug 17, 2026","Dec 11, 2026",Forestry & Wildlife Sci Bldg,1219
11641,BSEN 2210,12:00 pm,12:50 pm,W,"Aug 17, 2026","Dec 11, 2026",Corley Hall,307
11645,BSEN 4300,11:00 am,12:15 pm,TR,"Aug 17, 2026","Dec 11, 2026",Corley Hall,307
11646,BSEN 4970,12:30 pm,3:20 pm,T,"Aug 17, 2026","Dec 11, 2026",Corley Hall,307
11647,BSEN 5220,9:00 am,9:50 am,MW,"Aug 17, 2026","Dec 11, 2026",Corley Hall,307
18646,BSEN 5250,9:30 am,10:45 am,TR,"Aug 17, 2026","Dec 11, 2026",Corley Hall,314
11650,BSEN 5510,9:30 am,10:45 am,TR,"Aug 17, 2026","Dec 11, 2026",Corley Hall,307
11653,BSEN 5570,10:00 am,10:50 am,MW,"Aug 17, 2026","Dec 11, 2026",Corley Hall,314
11653,BSEN 5570,3:30 pm,6:20 pm,W,"Aug 17, 2026","Dec 11, 2026",Corley Hall,314
11654,BSEN 6220,9:00 am,9:50 am,MW,"Aug 17, 2026","Dec 11, 2026",Corley Hall,307
11655,BSEN 6250,9:30 am,10:45 am,TR,"Aug 17, 2026","Dec 11, 2026",Corley Hall,314
11657,BSEN 6510,9:30 am,10:45 am,TR,"Aug 17, 2026","Dec 11, 2026",Corley Hall,307
11660,BSEN 6570,10:00 am,10:50 am,MW,"Aug 17, 2026","Dec 11, 2026",Corley Hall,314
11660,BSEN 6570,3:30 pm,6:20 pm,W,"Aug 17, 2026","Dec 11, 2026",Corley Hall,314
11662,BSEN 7970,10:00 am,11:30 am,F,"Aug 17, 2026","Dec 11, 2026",Corley Hall,307
14511,BSCI 1100,1:00 pm,1:50 pm,F,"Aug 17, 2026","Dec 11, 2026",Academic Classroom/Lab Complex,270
14512,BSCI 1100,10:00 am,10:50 am,MWF,"Aug 17, 2026","Dec 11, 2026",Academic Classroom/Lab Complex,242
14513,BSCI 1100,2:00 pm,2:50 pm,MWF,"Aug 17, 2026","Dec 11, 2026",Academic Classroom/Lab Complex,202
14516,BSCI 2200,4:00 pm,6:15 pm,TR,"Aug 17, 2026","Dec 11, 2026",Gorrie Center,227
18253,BSCI 2200,12:00 pm,2:15 pm,MW,"Aug 17, 2026","Dec 11, 2026",College of Education Bldg,2130
14515,BSCI 2200,3:00 pm,5:15 pm,TR,"Aug 17, 2026","Dec 11, 2026",Science Center Classroom Bldg,118
14517,BSCI 2200,10:00 am,10:50 am,MW,"Aug 17, 2026","Dec 11, 2026",Gorrie Center,107
14518,BSCI 2200,11:00 am,11:50 am,MW,"Aug 17, 2026","Dec 11, 2026",Gorrie Center,107
14521,BSCI 2300,8:00 am,8:50 am,MWF,"Aug 17, 2026","Dec 11, 2026",Academic Classroom/Lab Complex,202
14524,BSCI 2400,11:00 am,12:15 pm,TR,"Aug 17, 2026","Dec 11, 2026",College of Education Bldg,1121
14522,BSCI 2400,11:00 am,12:15 pm,MW,"Aug 17, 2026","Dec 11, 2026",College of Education Bldg,2118
14525,BSCI 2400,3:30 pm,4:45 pm,TR,"Aug 17, 2026","Dec 11, 2026",College of Education Bldg,2116
18095,BSCI 2400,1:00 pm,2:15 pm,TR,"Aug 17, 2026","Dec 11, 2026",College of Education Bldg,2128
14523,BSCI 2400,9:30 am,10:45 am,TR,"Aug 17, 2026","Dec 11, 2026",Academic Classroom/Lab Complex,242
14526,BSCI 3200,10:30 am,11:45 am,MW,"Aug 17, 2026","Dec 11, 2026",College of Education Bldg,1123
14527,BSCI 3200,8:00 am,9:15 am,TR,"Aug 17, 2026","Dec 11, 2026",Gorrie Center,303
14528,BSCI 3440,2:00 pm,3:15 pm,TR,"Aug 17, 2026","Dec 11, 2026",Dudley Hall,109
14529,BSCI 3440,9:30 am,10:45 am,TR,"Aug 17, 2026","Dec 11, 2026",Gorrie Center,107
14530,BSCI 3440,8:00 am,9:15 am,TR,"Aug 17, 2026","Dec 11, 2026",Dudley Hall,102
14531,BSCI 3440,11:00 am,12:15 pm,TR,"Aug 17, 2026","Dec 11, 2026",Gorrie Center,107
14533,BSCI 3500,8:00 am,9:50 am,MW,"Aug 17, 2026","Dec 11, 2026",Gorrie Center,307
14534,BSCI 3500,9:30 am,11:20 am,TR,"Aug 17, 2026","Dec 11, 2026",Gorrie Center,205
14535,BSCI 3500,1:00 pm,2:50 pm,MW,"Aug 17, 2026","Dec 11, 2026",Gorrie Center,205
14536,BSCI 3600,1:00 pm,3:50 pm,TR,"Aug 17, 2026","Dec 11, 2026",Gorrie Center,205
14537,BSCI 3600,8:00 am,10:50 am,MW,"Aug 17, 2026","Dec 11, 2026",Gorrie Center,205
14538,BSCI 3660,8:00 am,9:50 am,MW,"Aug 17, 2026","Dec 11, 2026",Gorrie Center,303
14541,BSCI 3700,12:30 pm,1:45 pm,TR,"Aug 17, 2026","Dec 11, 2026",College of Education Bldg,1121
14542,BSCI 3800,8:00 am,9:50 am,MW,"Aug 17, 2026","Dec 11, 2026",Gorrie Center,227
14543,BSCI 3800,10:00 am,11:50 am,MW,"Aug 17, 2026","Dec 11, 2026",Gorrie Center,303
14544,BSCI 4200,8:00 am,9:15 am,TR,"Aug 17, 2026","Dec 11, 2026",Draughon Library,4129
14545,BSCI 4300,11:00 am,12:15 pm,TR,"Aug 17, 2026","Dec 11, 2026",College of Education Bldg,2128
14548,BSCI 4350,11:30 am,12:45 pm,TR,"Aug 17, 2026","Dec 11, 2026",Gorrie Center,205
14546,BSCI 4350,3:00 pm,4:15 pm,MW,"Aug 17, 2026","Dec 11, 2026",Gorrie Center,303
14547,BSCI 4350,3:00 pm,4:15 pm,TR,"Aug 17, 2026","Dec 11, 2026",Gorrie Center,303
14549,BSCI 4350,3:00 pm,4:15 pm,TR,"Aug 17, 2026","Dec 11, 2026",Academic Classroom/Lab Complex,208
14557,BSCI 4500,1:00 pm,2:50 pm,MW,"Aug 17, 2026","Dec 11, 2026",Gorrie Center,307
14558,BSCI 4500,3:00 pm,4:50 pm,MW,"Aug 17, 2026","Dec 11, 2026",Gorrie Center,307
14559,BSCI 4500,1:00 pm,2:50 pm,TR,"Aug 17, 2026","Dec 11, 2026",Gorrie Center,307
14560,BSCI 4500,8:00 am,9:50 am,TR,"Aug 17, 2026","Dec 11, 2026",Gorrie Center,307
14561,BSCI 4500,10:00 am,11:50 am,TR,"Aug 17, 2026","Dec 11, 2026",Gorrie Center,307
14562,BSCI 4500,3:00 pm,4:50 pm,TR,"Aug 17, 2026","Dec 11, 2026",Gorrie Center,307
14563,BSCI 4610,8:00 am,9:50 am,TR,"Aug 17, 2026","Dec 11, 2026",Gorrie Center,227
14564,BSCI 4610,1:00 pm,2:50 pm,MW,"Aug 17, 2026","Dec 11, 2026",Gorrie Center,227
14565,BSCI 4610,1:00 pm,2:50 pm,MW,"Aug 17, 2026","Dec 11, 2026",Gorrie Center,303
14566,BSCI 4610,1:00 pm,2:50 pm,TR,"Aug 17, 2026","Dec 11, 2026",Gorrie Center,303
14567,BSCI 4700,10:00 am,11:50 am,TR,"Aug 17, 2026","Dec 11, 2026",Gorrie Center,227
14568,BSCI 4700,1:00 pm,2:50 pm,TR,"Aug 17, 2026","Dec 11, 2026",Gorrie Center,227
14569,BSCI 4750,8:00 am,9:15 am,TR,"Aug 17, 2026","Dec 11, 2026",Gorrie Center,107
14571,BSCI 4850,1:00 pm,2:15 pm,TR,"Aug 17, 2026","Dec 11, 2026",Gorrie Center,107
14572,BSCI 4850,2:30 pm,3:45 pm,TR,"Aug 17, 2026","Dec 11, 2026",Gorrie Center,107
14574,BSCI 4990,8:00 am,11:50 am,MWF,"Aug 17, 2026","Dec 11, 2026",Gorrie Center,327
14575,BSCI 4990,8:00 am,11:50 am,MWF,"Aug 17, 2026","Dec 11, 2026",Gorrie Center,327
14576,BSCI 5430,9:30 am,10:45 am,TR,"Aug 17, 2026","Dec 11, 2026",Gorrie Center,303
14577,BSCI 5470,2:30 pm,3:45 pm,MW,"Aug 17, 2026","Dec 11, 2026",Gorrie Center,107
14581,BSCI 5960,12:00 pm,12:50 pm,W,"Aug 17, 2026","Dec 11, 2026",Gorrie Center,307
18092,BSCI 5960,8:00 am,9:15 am,TR,"Aug 17, 2026","Dec 11, 2026",Draughon Library,4129
14583,BSCI 6470,2:30 pm,3:45 pm,MW,"Aug 17, 2026","Dec 11, 2026",Gorrie Center,107
18093,BSCI 6960,8:00 am,9:15 am,TR,"Aug 17, 2026","Dec 11, 2026",Draughon Library,4129
14586,BSCI 7030,3:30 pm,5:00 pm,TR,"Aug 17, 2026","Dec 11, 2026",College of Education Bldg,2242
14588,BSCI 7060,11:15 am,12:30 pm,TR,"Aug 17, 2026","Dec 11, 2026",Gorrie Center,303
14589,BSCI 7100,8:00 am,9:15 am,TR,"Aug 17, 2026","Dec 11, 2026",Gorrie Center,205
14594,BSCI 7950,1:00 pm,1:50 pm,R,"Aug 17, 2026","Dec 11, 2026",College of Education Bldg,2130
14601,BSCI 8060,9:00 am,11:30 am,F,"Aug 17, 2026","Dec 11, 2026",Gorrie Center,107
14602,BSCI 8950,1:00 pm,1:50 pm,T,"Aug 17, 2026","Dec 11, 2026",College of Education Bldg,2141
13275,BUSI 1010,8:00 am,8:50 am,T,"Aug 17, 2026","Dec 11, 2026",Horton-Hardgrave Hall,1057
13276,BUSI 1010,9:00 am,9:50 am,T,"Aug 17, 2026","Dec 11, 2026",Horton-Hardgrave Hall,1057
13277,BUSI 1010,10:00 am,10:50 am,T,"Aug 17, 2026","Dec 11, 2026",Horton-Hardgrave Hall,1057
13278,BUSI 1010,11:00 am,11:50 am,T,"Aug 17, 2026","Dec 11, 2026",Horton-Hardgrave Hall,1057
13279,BUSI 1010,2:00 pm,2:50 pm,T,"Aug 17, 2026","Dec 11, 2026",Horton-Hardgrave Hall,1047
13280,BUSI 1010,10:00 am,10:50 am,W,"Aug 17, 2026","Dec 11, 2026",Horton-Hardgrave Hall,1047
13281,BUSI 1010,11:00 am,11:50 am,W,"Aug 17, 2026","Dec 11, 2026",Horton-Hardgrave Hall,1047
13282,BUSI 1010,2:00 pm,2:50 pm,W,"Aug 17, 2026","Dec 11, 2026",Horton-Hardgrave Hall,1047
13283,BUSI 1010,2:00 pm,2:50 pm,T,"Aug 17, 2026","Dec 11, 2026",Horton-Hardgrave Hall,1057
13284,BUSI 1010,1:00 pm,1:50 pm,T,"Aug 17, 2026","Dec 11, 2026",Horton-Hardgrave Hall,1047
13285,BUSI 1010,8:00 am,8:50 am,W,"Aug 17, 2026","Dec 11, 2026",Horton-Hardgrave Hall,1057
13286,BUSI 1010,11:00 am,11:50 am,T,"Aug 17, 2026","Dec 11, 2026",Horton-Hardgrave Hall,1047
13287,BUSI 1010,10:00 am,10:50 am,T,"Aug 17, 2026","Dec 11, 2026",Horton-Hardgrave Hall,1047
13288,BUSI 1010,12:00 pm,12:50 pm,T,"Aug 17, 2026","Dec 11, 2026",Horton-Hardgrave Hall,1047
13289,BUSI 1010,3:00 pm,3:50 pm,T,"Aug 17, 2026","Dec 11, 2026",Horton-Hardgrave Hall,1057
13290,BUSI 1010,10:00 am,10:50 am,W,"Aug 17, 2026","Dec 11, 2026",Horton-Hardgrave Hall,1057
13291,BUSI 1010,9:00 am,9:50 am,W,"Aug 17, 2026","Dec 11, 2026",Horton-Hardgrave Hall,1057
13292,BUSI 1010,11:00 am,11:50 am,W,"Aug 17, 2026","Dec 11, 2026",Horton-Hardgrave Hall,1057
13293,BUSI 1010,9:00 am,9:50 am,T,"Aug 17, 2026","Dec 11, 2026",Horton-Hardgrave Hall,1047
13294,BUSI 1010,2:00 pm,2:50 pm,W,"Aug 17, 2026","Dec 11, 2026",Horton-Hardgrave Hall,1057
13295,BUSI 1010,2:00 pm,2:50 pm,M,"Aug 17, 2026","Dec 11, 2026",Horton-Hardgrave Hall,1057
13296,BUSI 1010,3:00 pm,3:50 pm,M,"Aug 17, 2026","Dec 11, 2026",Horton-Hardgrave Hall,1057
13297,BUSI 1010,3:00 pm,3:50 pm,T,"Aug 17, 2026","Dec 11, 2026",Horton-Hardgrave Hall,1047
13298,BUSI 1010,4:00 pm,4:50 pm,T,"Aug 17, 2026","Dec 11, 2026",Horton-Hardgrave Hall,1047
13299,BUSI 1010,8:00 am,8:50 am,T,"Aug 17, 2026","Dec 11, 2026",Horton-Hardgrave Hall,1047
13300,BUSI 1010,3:00 pm,3:50 pm,W,"Aug 17, 2026","Dec 11, 2026",Horton-Hardgrave Hall,1057
13303,BUSI 2010,2:00 pm,2:50 pm,R,"Aug 17, 2026","Dec 11, 2026",Horton-Hardgrave Hall,1047
13304,BUSI 2010,10:00 am,10:50 am,M,"Aug 17, 2026","Dec 11, 2026",Horton-Hardgrave Hall,1057
13305,BUSI 2010,3:00 pm,3:50 pm,M,"Aug 17, 2026","Dec 11, 2026",Horton-Hardgrave Hall,1047
13306,BUSI 2010,2:00 pm,2:50 pm,M,"Aug 17, 2026","Dec 11, 2026",Horton-Hardgrave Hall,1047
13307,BUSI 2010,11:00 am,11:50 am,M,"Aug 17, 2026","Dec 11, 2026",Horton-Hardgrave Hall,1057
13308,BUSI 2010,10:00 am,10:50 am,M,"Aug 17, 2026","Dec 11, 2026",Horton-Hardgrave Hall,1047
13309,BUSI 2010,9:00 am,9:50 am,M,"Aug 17, 2026","Dec 11, 2026",Horton-Hardgrave Hall,1047
13310,BUSI 2010,12:00 pm,12:50 pm,M,"Aug 17, 2026","Dec 11, 2026",Horton-Hardgrave Hall,1047
13311,BUSI 2010,10:00 am,10:50 am,R,"Aug 17, 2026","Dec 11, 2026",Horton-Hardgrave Hall,1047
13312,BUSI 2010,3:00 pm,3:50 pm,W,"Aug 17, 2026","Dec 11, 2026",Horton-Hardgrave Hall,1047
13313,BUSI 2010,4:00 pm,4:50 pm,W,"Aug 17, 2026","Dec 11, 2026",Horton-Hardgrave Hall,1047
13314,BUSI 2010,11:00 am,11:50 am,R,"Aug 17, 2026","Dec 11, 2026",Horton-Hardgrave Hall,1047
13315,BUSI 2010,12:00 pm,12:50 pm,T,"Aug 17, 2026","Dec 11, 2026",Horton-Hardgrave Hall,1057
13316,BUSI 2010,1:00 pm,1:50 pm,T,"Aug 17, 2026","Dec 11, 2026",Horton-Hardgrave Hall,1057
13317,BUSI 3250,8:00 am,9:15 am,MW,"Aug 17, 2026","Dec 11, 2026",Horton-Hardgrave Hall,2057
13318,BUSI 3250,9:30 am,10:45 am,MW,"Aug 17, 2026","Dec 11, 2026",Lowder Hall,27
13320,BUSI 3250,12:30 pm,1:45 pm,TR,"Aug 17, 2026","Dec 11, 2026",Lowder Hall,27
13321,BUSI 3250,11:00 am,12:15 pm,MW,"Aug 17, 2026","Dec 11, 2026",Lowder Hall,111
13322,BUSI 3250,8:00 am,9:15 am,TR,"Aug 17, 2026","Dec 11, 2026",Lowder Hall,153
17731,BUSI 3250,5:00 pm,7:00 pm,M,"Aug 17, 2026","Dec 11, 2026",Horton-Hardgrave Hall,2018
13329,BUSI 3500,3:30 pm,5:15 pm,TR,"Aug 17, 2026","Dec 11, 2026",Broun Hall,239
13331,BUSI 4010,12:00 pm,12:50 pm,W,"Aug 17, 2026","Dec 11, 2026",Horton-Hardgrave Hall,1047
13332,BUSI 4010,1:00 pm,1:50 pm,W,"Aug 17, 2026","Dec 11, 2026",Horton-Hardgrave Hall,1047
13333,BUSI 4010,12:00 pm,12:50 pm,W,"Aug 17, 2026","Dec 11, 2026",Horton-Hardgrave Hall,1057
13334,BUSI 4010,1:00 pm,1:50 pm,W,"Aug 17, 2026","Dec 11, 2026",Horton-Hardgrave Hall,1057
13335,BUSI 4010,9:00 am,9:50 am,W,"Aug 17, 2026","Dec 11, 2026",Horton-Hardgrave Hall,1047
13336,BUSI 4010,8:00 am,8:50 am,W,"Aug 17, 2026","Dec 11, 2026",Horton-Hardgrave Hall,1047
13337,BUSI 4010,12:00 pm,12:50 pm,M,"Aug 17, 2026","Dec 11, 2026",Horton-Hardgrave Hall,1057
13338,BUSI 4010,1:00 pm,1:50 pm,M,"Aug 17, 2026","Dec 11, 2026",Horton-Hardgrave Hall,1057
13339,BUSI 4010,8:00 am,8:50 am,R,"Aug 17, 2026","Dec 11, 2026",Horton-Hardgrave Hall,1047
13340,BUSI 4010,1:00 pm,1:50 pm,R,"Aug 17, 2026","Dec 11, 2026",Horton-Hardgrave Hall,1057
13341,BUSI 4010,9:00 am,9:50 am,R,"Aug 17, 2026","Dec 11, 2026",Horton-Hardgrave Hall,1047
13342,BUSI 4010,12:00 pm,12:50 pm,R,"Aug 17, 2026","Dec 11, 2026",Horton-Hardgrave Hall,1047
13343,BUSI 4010,1:00 pm,1:50 pm,R,"Aug 17, 2026","Dec 11, 2026",Horton-Hardgrave Hall,1047
13345,BUSI 5500,4:00 pm,5:40 pm,MW,"Aug 17, 2026","Dec 11, 2026",Lowder Hall,14
10805,BUSI 7120,9:30 am,10:45 am,TR,"Aug 17, 2026","Dec 11, 2026",Horton-Hardgrave Hall,3017
10807,BUSI 7130,11:00 am,12:15 pm,MW,"Aug 17, 2026","Dec 11, 2026",Horton-Hardgrave Hall,3017
10813,BUSI 7150,11:00 am,12:15 pm,TR,"Aug 17, 2026","Dec 11, 2026",Horton-Hardgrave Hall,3017
10815,BUSI 7160,1:00 pm,1:50 pm,M,"Aug 17, 2026","Dec 11, 2026",Horton-Hardgrave Hall,1047
10816,BUSI 7160,11:00 am,11:50 am,M,"Aug 17, 2026","Dec 11, 2026",Horton-Hardgrave Hall,1047
10824,BUSI 7310,12:30 pm,1:45 pm,MW,"Aug 17, 2026","Dec 11, 2026",Horton-Hardgrave Hall,3017
10826,BUAL 2600,2:00 pm,3:15 pm,TR,"Aug 17, 2026","Dec 11, 2026",Lowder Hall,113A
10827,BUAL 2600,12:30 pm,1:45 pm,MW,"Aug 17, 2026","Dec 11, 2026",Lowder Hall,125A
10828,BUAL 2600,2:00 pm,3:15 pm,MW,"Aug 17, 2026","Dec 11, 2026",Lowder Hall,125A
10829,BUAL 2650,8:00 am,9:15 am,MW,"Aug 17, 2026","Dec 11, 2026",Lowder Hall,129
10830,BUAL 2650,2:00 pm,3:15 pm,MW,"Aug 17, 2026","Dec 11, 2026",Lowder Hall,19
10831,BUAL 2650,3:30 pm,4:45 pm,MW,"Aug 17, 2026","Dec 11, 2026",Lowder Hall,19
10832,BUAL 2650,11:00 am,12:15 pm,TR,"Aug 17, 2026","Dec 11, 2026",Lowder Hall,129
10833,BUAL 2650,12:30 pm,1:45 pm,TR,"Aug 17, 2026","Dec 11, 2026",Lowder Hall,110
10834,BUAL 2650,3:30 pm,4:45 pm,TR,"Aug 17, 2026","Dec 11, 2026",Lowder Hall,110
10835,BUAL 2650,9:30 am,10:45 am,TR,"Aug 17, 2026","Dec 11, 2026",Lowder Hall,129
10836,BUAL 2650,12:30 pm,1:45 pm,MW,"Aug 17, 2026","Dec 11, 2026",Lowder Hall,129
10837,BUAL 3010,2:00 pm,2:50 pm,M,"Aug 17, 2026","Dec 11, 2026",Horton-Hardgrave Hall,2017
10838,BUAL 3100,12:30 pm,1:45 pm,MW,"Aug 17, 2026","Dec 11, 2026",Lowder Hall,10
10839,BUAL 3100,3:30 pm,4:45 pm,TR,"Aug 17, 2026","Dec 11, 2026",Horton-Hardgrave Hall,2017
10840,BUAL 5500,9:30 am,10:45 am,MW,"Aug 17, 2026","Dec 11, 2026",Lowder Hall,124
10841,BUAL 5500,12:30 pm,1:45 pm,TR,"Aug 17, 2026","Dec 11, 2026",Lowder Hall,20
10843,BUAL 5600,3:30 pm,4:45 pm,TR,"Aug 17, 2026","Dec 11, 2026",Horton-Hardgrave Hall,3017
10844,BUAL 5600,11:00 am,12:15 pm,TR,"Aug 17, 2026","Dec 11, 2026",Lowder Hall,14
10846,BUAL 5610,12:30 pm,1:45 pm,TR,"Aug 17, 2026","Dec 11, 2026",Horton-Hardgrave Hall,3017
10847,BUAL 5660,9:30 am,10:45 am,MW,"Aug 17, 2026","Dec 11, 2026",Lowder Hall,154
10848,BUAL 5660,12:30 pm,1:45 pm,MW,"Aug 17, 2026","Dec 11, 2026",Lowder Hall,26
18167,BUAL 5750,11:00 am,12:15 pm,TR,"Aug 17, 2026","Dec 11, 2026",Lowder Hall,127
18180,BUAL 5800,12:30 pm,1:45 pm,TR,"Aug 17, 2026","Dec 11, 2026",Lowder Hall,155
10851,BUAL 5860,2:00 pm,3:15 pm,TR,"Aug 17, 2026","Dec 11, 2026",Lowder Hall,153
18168,BUAL 6500,9:30 am,10:45 am,TR,"Aug 17, 2026","Dec 11, 2026",Horton-Hardgrave Hall,2017
10852,BUAL 6600,3:30 pm,4:45 pm,TR,"Aug 17, 2026","Dec 11, 2026",Horton-Hardgrave Hall,3017
10853,BUAL 6600,11:00 am,12:15 pm,TR,"Aug 17, 2026","Dec 11, 2026",Lowder Hall,14
10855,BUAL 6610,12:30 pm,1:45 pm,TR,"Aug 17, 2026","Dec 11, 2026",Horton-Hardgrave Hall,3017
10858,BUAL 6660,9:30 am,10:45 am,MW,"Aug 17, 2026","Dec 11, 2026",Lowder Hall,154
10857,BUAL 6660,12:30 pm,1:45 pm,MW,"Aug 17, 2026","Dec 11, 2026",Lowder Hall,26
18181,BUAL 6800,12:30 pm,1:45 pm,TR,"Aug 17, 2026","Dec 11, 2026",Lowder Hall,155
10864,BUAL 7000,11:00 am,12:15 pm,MW,"Aug 17, 2026","Dec 11, 2026",Lowder Hall,20
16156,CTCT 2200,12:00 pm,12:50 pm,MWF,"Aug 17, 2026","Dec 11, 2026",College of Education Bldg,2242
16158,CTCT 3250,8:00 am,9:15 am,TR,"Aug 17, 2026","Dec 11, 2026",College of Education Bldg,2109
16159,CTCT 3250,8:00 am,9:15 am,MW,"Aug 17, 2026","Dec 11, 2026",College of Education Bldg,2244
16160,CTCT 3250,9:30 am,10:45 am,TR,"Aug 17, 2026","Dec 11, 2026",College of Education Bldg,2109
16161,CTCT 3250,9:30 am,10:45 am,MW,"Aug 17, 2026","Dec 11, 2026",College of Education Bldg,2244
16162,CTCT 3250,11:00 am,12:15 pm,MW,"Aug 17, 2026","Dec 11, 2026",College of Education Bldg,2244
16163,CTCT 3250,11:00 am,12:15 pm,TR,"Aug 17, 2026","Dec 11, 2026",College of Education Bldg,2109
16164,CTCT 3250,9:30 am,10:45 am,TR,"Aug 17, 2026","Dec 11, 2026",College of Education Bldg,2244
16166,CTCT 3250,9:30 am,10:45 am,MW,"Aug 17, 2026","Dec 11, 2026",College of Education Bldg,2242
16167,CTCT 3250,3:30 pm,4:45 pm,TR,"Aug 17, 2026","Dec 11, 2026",College of Education Bldg,2244
16168,CTCT 3250,9:30 am,10:45 am,MW,"Aug 17, 2026","Dec 11, 2026",College of Education Bldg,2111
16169,CTCT 3250,12:30 pm,1:45 pm,MW,"Aug 17, 2026","Dec 11, 2026",College of Education Bldg,2244
16170,CTCT 3250,2:00 pm,3:15 pm,TR,"Aug 17, 2026","Dec 11, 2026",College of Education Bldg,2244
16171,CTCT 3250,11:00 am,12:15 pm,MW,"Aug 17, 2026","Dec 11, 2026",College of Education Bldg,2111
16172,CTCT 3250,2:00 pm,3:15 pm,MW,"Aug 17, 2026","Dec 11, 2026",College of Education Bldg,2244
16173,CTCT 3250,12:30 pm,1:45 pm,MW,"Aug 17, 2026","Dec 11, 2026",College of Education Bldg,2111
16176,CTCT 3250,8:00 am,9:15 am,TR,"Aug 17, 2026","Dec 11, 2026",College of Education Bldg,2244
16177,CTCT 3250,12:30 pm,1:45 pm,TR,"Aug 17, 2026","Dec 11, 2026",College of Education Bldg,2109
16197,CTCT 4140,4:30 pm,7:20 pm,T,"Aug 17, 2026","Dec 11, 2026",College of Education Bldg,2203
16205,CTCT 5050,10:00 am,11:50 am,MW,"Aug 17, 2026","Dec 11, 2026",College of Education Bldg,2109
16205,CTCT 5050,10:00 am,10:50 am,F,"Aug 17, 2026","Dec 11, 2026",College of Education Bldg,2109
16206,CTCT 5060,1:00 pm,3:50 pm,M,"Aug 17, 2026","Dec 11, 2026",College of Education Bldg,2203
16207,CTCT 5200,8:00 am,9:15 am,MW,"Aug 17, 2026","Dec 11, 2026",College of Education Bldg,2109
16209,CTCT 5240,11:00 am,12:15 pm,TR,"Aug 17, 2026","Dec 11, 2026",College of Education Bldg,2244
16211,CTCT 6050,12:30 pm,1:45 pm,TR,"Aug 17, 2026","Dec 11, 2026",College of Education Bldg,2203
16212,CTCT 6050,10:00 am,11:50 am,MW,"Aug 17, 2026","Dec 11, 2026",College of Education Bldg,2109
16212,CTCT 6050,10:00 am,10:50 am,F,"Aug 17, 2026","Dec 11, 2026",College of Education Bldg,2109
16213,CTCT 6050,12:30 pm,1:45 pm,TR,"Aug 17, 2026","Dec 11, 2026",College of Education Bldg,2203
16215,CTCT 6050,12:30 pm,1:45 pm,TR,"Aug 17, 2026","Dec 11, 2026",College of Education Bldg,2203
16216,CTCT 6060,1:00 pm,3:50 pm,M,"Aug 17, 2026","Dec 11, 2026",College of Education Bldg,2203
16218,CTCT 6060,1:00 pm,3:50 pm,M,"Aug 17, 2026","Dec 11, 2026",College of Education Bldg,2203
16219,CTCT 6200,8:00 am,9:15 am,MW,"Aug 17, 2026","Dec 11, 2026",College of Education Bldg,2109
16221,CTCT 6240,11:00 am,12:15 pm,TR,"Aug 17, 2026","Dec 11, 2026",College of Education Bldg,2244
16223,CTCT 7000,1:00 pm,1:50 pm,MWF,"Aug 17, 2026","Dec 11, 2026",College of Education Bldg,2242
16228,CTCT 7100,9:00 am,11:50 am,T,"Aug 17, 2026","Dec 11, 2026",College of Education Bldg,1420
16230,CTCT 7300,9:30 am,10:45 am,TR,"Aug 17, 2026","Dec 11, 2026",College of Education Bldg,2242
16234,CTCT 7730,11:00 am,11:50 am,MWF,"Aug 17, 2026","Dec 11, 2026",College of Education Bldg,1420
16236,CTCT 7750,3:00 pm,5:50 pm,W,"Aug 17, 2026","Dec 11, 2026",College of Education Bldg,1424
16238,CTCT 7780,12:30 pm,1:45 pm,TR,"Aug 17, 2026","Dec 11, 2026",College of Education Bldg,2244
16247,CTCT 7970,10:00 am,12:50 pm,W,"Aug 17, 2026","Dec 11, 2026",College of Education Bldg,1424
18924,CTCT 8810,11:00 am,1:50 pm,W,"Aug 17, 2026","Dec 11, 2026",College of Education Bldg,2203
11549,CHEN 1000,12:30 pm,1:45 pm,T,"Aug 17, 2026","Dec 11, 2026",Ross Hall,309
18172,CHEN 1000,3:00 pm,3:50 pm,M,"Aug 17, 2026","Dec 11, 2026",Brown-Kopel Engineering Bldg,2133
18172,CHEN 1000,2:00 pm,3:15 pm,T,"Aug 17, 2026","Dec 11, 2026",Ross Hall,309
11550,CHEN 1007,3:00 pm,3:50 pm,M,"Aug 17, 2026","Dec 11, 2026",Brown-Kopel Engineering Bldg,2133
11551,CHEN 1007,3:00 pm,3:50 pm,M,"Aug 17, 2026","Dec 11, 2026",Brown-Kopel Engineering Bldg,2133
11552,CHEN 1007,3:00 pm,3:50 pm,M,"Aug 17, 2026","Dec 11, 2026",Brown-Kopel Engineering Bldg,2133
18173,CHEN 1007,3:00 pm,3:50 pm,M,"Aug 17, 2026","Dec 11, 2026",Brown-Kopel Engineering Bldg,2133
18173,CHEN 1007,2:00 pm,3:15 pm,T,"Aug 17, 2026","Dec 11, 2026",Ross Hall,309
11554,CHEN 2100,1:00 pm,1:50 pm,MWF,"Aug 17, 2026","Dec 11, 2026",Foy Hall,258
11555,CHEN 2100,1:00 pm,1:50 pm,MWF,"Aug 17, 2026","Dec 11, 2026",Foy Hall,258
11555,CHEN 2100,11:00 am,12:15 pm,TR,"Aug 17, 2026","Dec 11, 2026",Shelby Center,1113
11556,CHEN 2100,1:00 pm,1:50 pm,MWF,"Aug 17, 2026","Dec 11, 2026",Foy Hall,258
11556,CHEN 2100,11:00 am,12:15 pm,TR,"Aug 17, 2026","Dec 11, 2026",Charles E Davis Aerospace Hall,358
11557,CHEN 2110,11:00 am,12:15 pm,TR,"Aug 17, 2026","Dec 11, 2026",Charles E Davis Aerospace Hall,254
11559,CHEN 2650,2:00 pm,2:50 pm,MWF,"Aug 17, 2026","Dec 11, 2026",Charles E Davis Aerospace Hall,257
11563,CHEN 3600,1:00 pm,1:50 pm,MW,"Aug 17, 2026","Dec 11, 2026",Broun Hall,239
11564,CHEN 3620,8:00 am,8:50 am,MWF,"Aug 17, 2026","Dec 11, 2026",Brown-Kopel Engineering Bldg,2133
11565,CHEN 3650,10:00 am,10:50 am,MW,"Aug 17, 2026","Dec 11, 2026",Charles E Davis Aerospace Hall,256
11566,CHEN 3660,9:00 am,9:50 am,MWF,"Aug 17, 2026","Dec 11, 2026",Ross Hall,136
11567,CHEN 3700,8:00 am,9:15 am,TR,"Aug 17, 2026","Dec 11, 2026",Ross Hall,136
18409,CHEN 3820,2:00 pm,2:50 pm,T,"Aug 17, 2026","Dec 11, 2026",Charles E Davis Aerospace Hall,256
11570,CHEN 4100,1:00 pm,1:50 pm,W,"Aug 17, 2026","Dec 11, 2026",Charles E Davis Aerospace Hall,356
11571,CHEN 4170,12:30 pm,1:45 pm,TR,"Aug 17, 2026","Dec 11, 2026",Tichenor Hall,215
11574,CHEN 4460,9:30 am,10:45 am,R,"Aug 17, 2026","Dec 11, 2026",Broun Hall,238
11584,CHEN 5130,8:00 am,9:15 am,TR,"Aug 17, 2026","Dec 11, 2026",Shelby Center,1120
11586,CHEN 5970,9:30 am,10:45 am,TR,"Aug 17, 2026","Dec 11, 2026",Lowder Hall,21
11588,CHEN 6110,8:00 am,8:50 am,MWF,"Aug 17, 2026","Dec 11, 2026",Ramsay Hall,304B
11589,CHEN 6110,8:00 am,8:50 am,MWF,"Aug 17, 2026","Dec 11, 2026",Ramsay Hall,304B
11590,CHEN 6130,8:00 am,9:15 am,TR,"Aug 17, 2026","Dec 11, 2026",Shelby Center,1120
11591,CHEN 6130,8:00 am,9:15 am,TR,"Aug 17, 2026","Dec 11, 2026",Shelby Center,1120
11593,CHEN 6410,3:30 pm,4:45 pm,TR,"Aug 17, 2026","Dec 11, 2026",Shelby Center,1122
11594,CHEN 6970,9:30 am,10:45 am,TR,"Aug 17, 2026","Dec 11, 2026",Lowder Hall,21
11596,CHEN 6970,9:30 am,10:45 am,TR,"Aug 17, 2026","Dec 11, 2026",Lowder Hall,21
11599,CHEN 7100,9:00 am,9:50 am,MWF,"Aug 17, 2026","Dec 11, 2026",Ramsay Hall,200
11601,CHEN 7200,10:00 am,10:50 am,MWF,"Aug 17, 2026","Dec 11, 2026",Ramsay Hall,201
11602,CHEN 7950,3:00 pm,3:50 pm,W,"Aug 17, 2026","Dec 11, 2026",Brown-Kopel Engineering Bldg,2133
12415,CHEM 1010,9:30 am,10:45 am,TR,"Aug 17, 2026","Dec 11, 2026",Academic Classroom/Lab Complex,161
12417,CHEM 1011,3:30 pm,6:20 pm,R,"Aug 17, 2026","Dec 11, 2026",Science Center Laboratory Bldg,202
12418,CHEM 1011,12:00 pm,2:50 pm,W,"Aug 17, 2026","Dec 11, 2026",Science Center Laboratory Bldg,202
12421,CHEM 1030,8:00 am,8:50 am,MWF,"Aug 17, 2026","Dec 11, 2026",Chemistry Bldg,151
12419,CHEM 1030,11:00 am,11:50 am,MWF,"Aug 17, 2026","Dec 11, 2026",Chemistry Bldg,151
12425,CHEM 1030,11:00 am,11:50 am,MWF,"Aug 17, 2026","Dec 11, 2026",Chemistry Bldg,134
12422,CHEM 1030,12:00 pm,12:50 pm,MWF,"Aug 17, 2026","Dec 11, 2026",Chemistry Bldg,151
12424,CHEM 1030,1:00 pm,1:50 pm,MWF,"Aug 17, 2026","Dec 11, 2026",Chemistry Bldg,134
12420,CHEM 1030,8:00 am,9:15 am,TR,"Aug 17, 2026","Dec 11, 2026",Chemistry Bldg,151
12426,CHEM 1030,9:30 am,10:45 am,TR,"Aug 17, 2026","Dec 11, 2026",Chemistry Bldg,134
12429,CHEM 1030,11:00 am,12:15 pm,TR,"Aug 17, 2026","Dec 11, 2026",Chemistry Bldg,151
12423,CHEM 1030,12:30 pm,1:45 pm,TR,"Aug 17, 2026","Dec 11, 2026",Chemistry Bldg,134
18244,CHEM 1030,8:00 am,8:50 am,MWF,"Aug 17, 2026","Dec 11, 2026",Chemistry Bldg,134
18141,CHEM 1030,9:30 am,10:45 am,TR,"Aug 17, 2026","Dec 11, 2026",Academic Classroom/Lab Complex,002
18142,CHEM 1030,3:30 pm,4:45 pm,TR,"Aug 17, 2026","Dec 11, 2026",Academic Classroom/Lab Complex,002
12428,CHEM 1030,3:00 pm,3:50 pm,MWF,"Aug 17, 2026","Dec 11, 2026",Science Center Auditorium,101
12434,CHEM 1031,12:00 pm,2:50 pm,M,"Aug 17, 2026","Dec 11, 2026",Science Center Laboratory Bldg,102
12463,CHEM 1031,8:00 am,10:50 am,R,"Aug 17, 2026","Dec 11, 2026",Science Center Laboratory Bldg,121
12465,CHEM 1031,12:30 pm,3:20 pm,R,"Aug 17, 2026","Dec 11, 2026",Science Center Laboratory Bldg,102
12466,CHEM 1031,12:30 pm,3:20 pm,R,"Aug 17, 2026","Dec 11, 2026",Science Center Laboratory Bldg,121
12467,CHEM 1031,12:30 pm,3:20 pm,R,"Aug 17, 2026","Dec 11, 2026",Science Center Laboratory Bldg,125
12468,CHEM 1031,3:30 pm,6:20 pm,R,"Aug 17, 2026","Dec 11, 2026",Science Center Laboratory Bldg,102
12469,CHEM 1031,3:30 pm,6:20 pm,R,"Aug 17, 2026","Dec 11, 2026",Science Center Laboratory Bldg,121
12470,CHEM 1031,3:30 pm,6:20 pm,R,"Aug 17, 2026","Dec 11, 2026",Science Center Laboratory Bldg,125
12471,CHEM 1031,8:00 am,10:50 am,F,"Aug 17, 2026","Dec 11, 2026",Science Center Laboratory Bldg,102
12472,CHEM 1031,8:00 am,10:50 am,F,"Aug 17, 2026","Dec 11, 2026",Science Center Laboratory Bldg,105
12473,CHEM 1031,8:00 am,10:50 am,F,"Aug 17, 2026","Dec 11, 2026",Science Center Laboratory Bldg,121
12474,CHEM 1031,8:00 am,10:50 am,F,"Aug 17, 2026","Dec 11, 2026",Science Center Laboratory Bldg,125
12437,CHEM 1031,12:00 pm,2:50 pm,F,"Aug 17, 2026","Dec 11, 2026",Science Center Laboratory Bldg,102
12441,CHEM 1031,12:00 pm,2:50 pm,F,"Aug 17, 2026","Dec 11, 2026",Science Center Laboratory Bldg,105
12445,CHEM 1031,12:00 pm,2:50 pm,F,"Aug 17, 2026","Dec 11, 2026",Science Center Laboratory Bldg,121
12475,CHEM 1031,12:00 pm,2:50 pm,F,"Aug 17, 2026","Dec 11, 2026",Science Center Laboratory Bldg,125
12476,CHEM 1040,9:00 am,9:50 am,MWF,"Aug 17, 2026","Dec 11, 2026",Chemistry Bldg,134
12477,CHEM 1040,11:00 am,11:50 am,MWF,"Aug 17, 2026","Dec 11, 2026",Science Center Auditorium,101
18220,CHEM 1041,12:00 pm,2:50 pm,M,"Aug 17, 2026","Dec 11, 2026",Science Center Laboratory Bldg,105
18221,CHEM 1041,3:00 pm,5:50 pm,M,"Aug 17, 2026","Dec 11, 2026",Science Center Laboratory Bldg,105
18222,CHEM 1041,8:00 am,10:50 am,T,"Aug 17, 2026","Dec 11, 2026",Science Center Laboratory Bldg,105
12487,CHEM 1110,11:00 am,11:50 am,MWF,"Aug 17, 2026","Dec 11, 2026",Academic Classroom/Lab Complex,208
12489,CHEM 1111,3:30 pm,6:20 pm,T,"Aug 17, 2026","Dec 11, 2026",Science Center Laboratory Bldg,202
12491,CHEM 1111,12:30 pm,3:20 pm,R,"Aug 17, 2026","Dec 11, 2026",Science Center Laboratory Bldg,202
12493,CHEM 1117,11:00 am,11:50 am,MWF,"Aug 17, 2026","Dec 11, 2026",Academic Classroom/Lab Complex,161
12496,CHEM 2070,9:00 am,9:50 am,MWF,"Aug 17, 2026","Dec 11, 2026",Chemistry Bldg,151
12497,CHEM 2070,10:00 am,10:50 am,MWF,"Aug 17, 2026","Dec 11, 2026",Chemistry Bldg,134
12498,CHEM 2070,11:00 am,12:15 pm,TR,"Aug 17, 2026","Dec 11, 2026",Academic Classroom/Lab Complex,153
18140,CHEM 2070,2:00 pm,2:50 pm,MWF,"Aug 17, 2026","Dec 11, 2026",Academic Classroom/Lab Complex,002
12510,CHEM 2071,8:00 am,10:50 am,T,"Aug 17, 2026","Dec 11, 2026",Science Center Laboratory Bldg,406
12525,CHEM 2071,8:00 am,10:50 am,T,"Aug 17, 2026","Dec 11, 2026",Science Center Laboratory Bldg,425
12526,CHEM 2071,8:00 am,10:50 am,T,"Aug 17, 2026","Dec 11, 2026",Science Center Laboratory Bldg,428
12514,CHEM 2071,3:00 pm,5:50 pm,W,"Aug 17, 2026","Dec 11, 2026",Science Center Laboratory Bldg,425
12515,CHEM 2071,3:00 pm,5:50 pm,W,"Aug 17, 2026","Dec 11, 2026",Science Center Laboratory Bldg,428
12516,CHEM 2071,8:00 am,10:50 am,R,"Aug 17, 2026","Dec 11, 2026",Science Center Laboratory Bldg,406
12517,CHEM 2071,8:00 am,10:50 am,R,"Aug 17, 2026","Dec 11, 2026",Science Center Laboratory Bldg,425
12519,CHEM 2071,12:30 pm,3:20 pm,R,"Aug 17, 2026","Dec 11, 2026",Science Center Laboratory Bldg,406
12523,CHEM 2071,3:30 pm,6:20 pm,R,"Aug 17, 2026","Dec 11, 2026",Science Center Laboratory Bldg,425
12524,CHEM 2071,3:30 pm,6:20 pm,R,"Aug 17, 2026","Dec 11, 2026",Science Center Laboratory Bldg,428
12527,CHEM 2077,9:00 am,9:50 am,MWF,"Aug 17, 2026","Dec 11, 2026",Science Center Classroom Bldg,129
12529,CHEM 2078,3:30 pm,6:20 pm,T,"Aug 17, 2026","Dec 11, 2026",Science Center Laboratory Bldg,406
12528,CHEM 2078,12:00 pm,2:50 pm,W,"Aug 17, 2026","Dec 11, 2026",Science Center Laboratory Bldg,406
12530,CHEM 2080,10:00 am,10:50 am,MWF,"Aug 17, 2026","Dec 11, 2026",Chemistry Bldg,151
18251,CHEM 2080,12:30 pm,1:45 pm,TR,"Aug 17, 2026","Dec 11, 2026",Science Center Classroom Bldg,115
18240,CHEM 2081,8:00 am,10:50 am,T,"Aug 17, 2026","Dec 11, 2026",Science Center Laboratory Bldg,402
12537,CHEM 2081,8:00 am,10:50 am,R,"Aug 17, 2026","Dec 11, 2026",Science Center Laboratory Bldg,402
12540,CHEM 3050,9:30 am,10:45 am,TR,"Aug 17, 2026","Dec 11, 2026",Science Center Classroom Bldg,129
12542,CHEM 3051,11:00 am,1:50 pm,T,"Aug 17, 2026","Dec 11, 2026",Science Center Laboratory Bldg,302
12544,CHEM 3160,2:00 pm,2:50 pm,MWF,"Aug 17, 2026","Dec 11, 2026",Science Center Classroom Bldg,122
12545,CHEM 4070,9:00 am,9:50 am,MWF,"Aug 17, 2026","Dec 11, 2026",Chemistry Bldg,156
12547,CHEM 4071,1:00 pm,3:50 pm,R,"Aug 17, 2026","Dec 11, 2026",Science Center Laboratory Bldg,306
12548,CHEM 4100,8:00 am,8:50 am,MWF,"Aug 17, 2026","Dec 11, 2026",Chemistry Bldg,156
12552,CHEM 4950,1:00 pm,1:50 pm,F,"Aug 17, 2026","Dec 11, 2026",Chemistry Bldg,156
12553,CHEM 4950,2:00 pm,2:50 pm,T,"Aug 17, 2026","Dec 11, 2026",Chemistry Bldg,156
12554,CHEM 4950,4:00 pm,4:50 pm,T,"Aug 17, 2026","Dec 11, 2026",Chemistry Bldg,156
12555,CHEM 4950,12:00 pm,12:50 pm,F,"Aug 17, 2026","Dec 11, 2026",Chemistry Bldg,156
12556,CHEM 4950,12:00 pm,12:50 pm,M,"Aug 17, 2026","Dec 11, 2026",Chemistry Bldg,156
12578,CHEM 6280,9:30 am,10:45 am,TR,"Aug 17, 2026","Dec 11, 2026",Academic Classroom/Lab Complex,208
12578,CHEM 6280,12:00 pm,12:50 pm,F,"Aug 17, 2026","Dec 11, 2026",Academic Classroom/Lab Complex,208
12579,CHEM 7100,9:30 am,10:45 am,TR,"Aug 17, 2026","Dec 11, 2026",Chemistry Bldg,156
12580,CHEM 7200,10:00 am,10:50 am,MWF,"Aug 17, 2026","Dec 11, 2026",Chemistry Bldg,156
12581,CHEM 7220,11:00 am,12:15 pm,TR,"Aug 17, 2026","Dec 11, 2026",Chemistry Bldg,156
12582,CHEM 7300,8:00 am,9:15 am,TR,"Aug 17, 2026","Dec 11, 2026",Chemistry Bldg,156
12583,CHEM 7500,12:30 pm,1:45 pm,TR,"Aug 17, 2026","Dec 11, 2026",Chemistry Bldg,156
18145,CHEM 7560,12:00 pm,12:50 pm,MWF,"Aug 17, 2026","Dec 11, 2026",Science Center Classroom Bldg,122
12586,CHEM 7750,2:00 pm,2:50 pm,T,"Aug 17, 2026","Dec 11, 2026",Chemistry Bldg,156
12587,CHEM 7750,4:00 pm,4:50 pm,T,"Aug 17, 2026","Dec 11, 2026",Chemistry Bldg,156
12610,CHEM 7950,4:00 pm,4:50 pm,M,"Aug 17, 2026","Dec 11, 2026",Chemistry Bldg,156
13693,CIVL 3010,11:00 am,12:15 pm,TR,"Aug 17, 2026","Dec 11, 2026",Brown-Kopel Engineering Bldg,2133
13694,CIVL 3010,11:00 am,12:15 pm,TR,"Aug 17, 2026","Dec 11, 2026",Brown-Kopel Engineering Bldg,2133
13695,CIVL 3010,11:00 am,12:15 pm,TR,"Aug 17, 2026","Dec 11, 2026",Brown-Kopel Engineering Bldg,2133
13695,CIVL 3010,4:00 pm,5:50 pm,W,"Aug 17, 2026","Dec 11, 2026",Harbert Center,216
13696,CIVL 3010,11:00 am,12:15 pm,TR,"Aug 17, 2026","Dec 11, 2026",Brown-Kopel Engineering Bldg,2133
13697,CIVL 3110,10:00 am,10:50 am,MWF,"Aug 17, 2026","Dec 11, 2026",Brown-Kopel Engineering Bldg,2117
13697,CIVL 3110,4:00 pm,5:50 pm,M,"Aug 17, 2026","Dec 11, 2026",Harbert Center,101A
13698,CIVL 3110,10:00 am,10:50 am,MWF,"Aug 17, 2026","Dec 11, 2026",Brown-Kopel Engineering Bldg,2117
13698,CIVL 3110,4:00 pm,5:50 pm,T,"Aug 17, 2026","Dec 11, 2026",Harbert Center,101A
13699,CIVL 3110,10:00 am,10:50 am,MWF,"Aug 17, 2026","Dec 11, 2026",Brown-Kopel Engineering Bldg,2117
13699,CIVL 3110,4:00 pm,5:50 pm,W,"Aug 17, 2026","Dec 11, 2026",Harbert Center,101A
13700,CIVL 3110,10:00 am,10:50 am,MWF,"Aug 17, 2026","Dec 11, 2026",Brown-Kopel Engineering Bldg,2117
13700,CIVL 3110,4:00 pm,5:50 pm,R,"Aug 17, 2026","Dec 11, 2026",Harbert Center,101A
13701,CIVL 3230,12:00 pm,12:50 pm,MWF,"Aug 17, 2026","Dec 11, 2026",Brown-Kopel Engineering Bldg,2133
13702,CIVL 3230,12:00 pm,12:50 pm,MWF,"Aug 17, 2026","Dec 11, 2026",Brown-Kopel Engineering Bldg,2133
13703,CIVL 3230,12:00 pm,12:50 pm,MWF,"Aug 17, 2026","Dec 11, 2026",Brown-Kopel Engineering Bldg,2133
13704,CIVL 3230,12:00 pm,12:50 pm,MWF,"Aug 17, 2026","Dec 11, 2026",Brown-Kopel Engineering Bldg,2133
13705,CIVL 3310,4:00 pm,5:50 pm,M,"Aug 17, 2026","Dec 11, 2026",Harbert Center,108
13706,CIVL 3310,4:00 pm,5:50 pm,T,"Aug 17, 2026","Dec 11, 2026",Harbert Center,108
13707,CIVL 3310,4:00 pm,5:50 pm,W,"Aug 17, 2026","Dec 11, 2026",Harbert Center,108
13708,CIVL 3310,11:00 am,11:50 am,MWF,"Aug 17, 2026","Dec 11, 2026",Ramsay Hall,314
13708,CIVL 3310,4:00 pm,5:50 pm,R,"Aug 17, 2026","Dec 11, 2026",Harbert Center,108
13709,CIVL 3310,11:00 am,11:50 am,MWF,"Aug 17, 2026","Dec 11, 2026",Ramsay Hall,314
13710,CIVL 3410,8:00 am,9:15 am,TR,"Aug 17, 2026","Dec 11, 2026",Brown-Kopel Engineering Bldg,2133
18741,CIVL 3510,9:00 am,9:50 am,W,"Aug 17, 2026","Dec 11, 2026",Brown-Kopel Engineering Bldg,2133
13712,CIVL 3610,8:00 am,8:50 am,MWF,"Aug 17, 2026","Dec 11, 2026",Brown-Kopel Engineering Bldg,2117
13713,CIVL 3610,8:00 am,8:50 am,MWF,"Aug 17, 2026","Dec 11, 2026",Brown-Kopel Engineering Bldg,2117
13714,CIVL 3610,8:00 am,8:50 am,MWF,"Aug 17, 2026","Dec 11, 2026",Brown-Kopel Engineering Bldg,2117
13715,CIVL 3610,8:00 am,8:50 am,MWF,"Aug 17, 2026","Dec 11, 2026",Charles E Davis Aerospace Hall,155
13716,CIVL 3610,8:00 am,8:50 am,MWF,"Aug 17, 2026","Dec 11, 2026",Charles E Davis Aerospace Hall,155
13716,CIVL 3610,2:00 pm,3:50 pm,R,"Aug 17, 2026","Dec 11, 2026",Harbert Center,112
13717,CIVL 3820,11:00 am,11:50 am,TR,"Aug 17, 2026","Dec 11, 2026",Charles E Davis Aerospace Hall,155
18805,CIVL 3820,11:00 am,11:50 am,TR,"Aug 17, 2026","Dec 11, 2026",Charles E Davis Aerospace Hall,155
18806,CIVL 3820,11:00 am,11:50 am,TR,"Aug 17, 2026","Dec 11, 2026",Charles E Davis Aerospace Hall,155
18807,CIVL 3820,11:00 am,11:50 am,TR,"Aug 17, 2026","Dec 11, 2026",Charles E Davis Aerospace Hall,155
13722,CIVL 4230,12:00 pm,12:50 pm,MWF,"Aug 17, 2026","Dec 11, 2026",Harbert Center,216
13723,CIVL 4420,8:00 am,9:15 am,TR,"Aug 17, 2026","Dec 11, 2026",Broun Hall,238
18045,CIVL 4490,8:00 am,9:15 am,TR,"Aug 17, 2026","Dec 11, 2026",Harbert Center,111
13724,CIVL 4530,9:30 am,10:45 am,TR,"Aug 17, 2026","Dec 11, 2026",Ramsay Hall,314
13725,CIVL 4650,8:00 am,8:50 am,MWF,"Aug 17, 2026","Dec 11, 2026",Ramsay Hall,314
13726,CIVL 4690,9:00 am,9:50 am,MWF,"Aug 17, 2026","Dec 11, 2026",Harbert Center,111
13727,CIVL 5110,1:00 pm,1:50 pm,MWF,"Aug 17, 2026","Dec 11, 2026",Shelby Center,1122
13728,CIVL 5210,9:30 am,10:45 am,TR,"Aug 17, 2026","Dec 11, 2026",Shelby Center,1120
17963,CIVL 5230,11:00 am,12:15 pm,TR,"Aug 17, 2026","Dec 11, 2026",Ramsay Hall,202A
13729,CIVL 5410,3:30 pm,4:45 pm,TR,"Aug 17, 2026","Dec 11, 2026",Charles E Davis Aerospace Hall,254
13731,CIVL 5440,2:00 pm,3:15 pm,TR,"Aug 17, 2026","Dec 11, 2026",Ramsay Hall,314
18044,CIVL 5450,9:30 am,10:45 am,TR,"Aug 17, 2026","Dec 11, 2026",Harbert Center,111
18034,CIVL 5620,10:00 am,10:50 am,MWF,"Aug 17, 2026","Dec 11, 2026",Ramsay Hall,200
18031,CIVL 5640,8:00 am,8:50 am,MWF,"Aug 17, 2026","Dec 11, 2026",Ramsay Hall,200
18035,CIVL 5670,11:00 am,11:50 am,MWF,"Aug 17, 2026","Dec 11, 2026",Ramsay Hall,200
13735,CIVL 5720,9:00 am,9:50 am,MWF,"Aug 17, 2026","Dec 11, 2026",Ramsay Hall,202A
13736,CIVL 5810,11:00 am,12:15 pm,TR,"Aug 17, 2026","Dec 11, 2026",Ramsay Hall,304B
18047,CIVL 5970,2:00 pm,3:15 pm,TR,"Aug 17, 2026","Dec 11, 2026",Broun Hall,113
13739,CIVL 6110,1:00 pm,1:50 pm,MWF,"Aug 17, 2026","Dec 11, 2026",Shelby Center,1122
13741,CIVL 6210,9:30 am,10:45 am,TR,"Aug 17, 2026","Dec 11, 2026",Shelby Center,1120
17964,CIVL 6230,11:00 am,12:15 pm,TR,"Aug 17, 2026","Dec 11, 2026",Ramsay Hall,202A
13743,CIVL 6410,3:30 pm,4:45 pm,TR,"Aug 17, 2026","Dec 11, 2026",Charles E Davis Aerospace Hall,254
13745,CIVL 6440,2:00 pm,3:15 pm,TR,"Aug 17, 2026","Dec 11, 2026",Ramsay Hall,314
18046,CIVL 6450,9:30 am,10:45 am,TR,"Aug 17, 2026","Dec 11, 2026",Harbert Center,111
18036,CIVL 6620,10:00 am,10:50 am,MWF,"Aug 17, 2026","Dec 11, 2026",Ramsay Hall,200
18032,CIVL 6640,8:00 am,8:50 am,MWF,"Aug 17, 2026","Dec 11, 2026",Ramsay Hall,200
18038,CIVL 6670,11:00 am,11:50 am,MWF,"Aug 17, 2026","Dec 11, 2026",Ramsay Hall,200
13751,CIVL 6720,9:00 am,9:50 am,MWF,"Aug 17, 2026","Dec 11, 2026",Ramsay Hall,202A
13753,CIVL 6810,11:00 am,12:15 pm,TR,"Aug 17, 2026","Dec 11, 2026",Ramsay Hall,304B
18048,CIVL 6970,2:00 pm,3:15 pm,TR,"Aug 17, 2026","Dec 11, 2026",Broun Hall,113
18052,CIVL 7330,8:00 am,9:15 am,TR,"Aug 17, 2026","Dec 11, 2026",Ramsay Hall,314
18050,CIVL 7360,11:00 am,12:15 pm,TR,"Aug 17, 2026","Dec 11, 2026",Ramsay Hall,201
18040,CIVL 7630,12:00 pm,1:30 pm,MW,"Aug 17, 2026","Dec 11, 2026",Ramsay Hall,202A
13771,CIVL 7970,8:00 am,10:45 am,T,"Aug 17, 2026","Dec 11, 2026",Ramsay Hall,201
13351,COMM 1000,8:00 am,8:50 am,MWF,"Aug 17, 2026","Dec 11, 2026",Tichenor Hall,111
13352,COMM 1000,9:00 am,9:50 am,MWF,"Aug 17, 2026","Dec 11, 2026",Tichenor Hall,111
13353,COMM 1000,9:00 am,9:50 am,MWF,"Aug 17, 2026","Dec 11, 2026",Haley Center,2224
13354,COMM 1000,9:00 am,9:50 am,MWF,"Aug 17, 2026","Dec 11, 2026",Haley Center,2324
13355,COMM 1000,10:00 am,10:50 am,MWF,"Aug 17, 2026","Dec 11, 2026",Haley Center,2324
13356,COMM 1000,9:30 am,10:45 am,TR,"Aug 17, 2026","Dec 11, 2026",Haley Center,2224
13357,COMM 1000,11:00 am,11:50 am,MWF,"Aug 17, 2026","Dec 11, 2026",Haley Center,2196
13358,COMM 1000,12:00 pm,12:50 pm,MWF,"Aug 17, 2026","Dec 11, 2026",Haley Center,2334
13359,COMM 1000,12:00 pm,12:50 pm,MWF,"Aug 17, 2026","Dec 11, 2026",Haley Center,3328
13360,COMM 1000,12:00 pm,12:50 pm,MWF,"Aug 17, 2026","Dec 11, 2026",Tichenor Hall,111
13361,COMM 1000,1:00 pm,1:50 pm,MWF,"Aug 17, 2026","Dec 11, 2026",Haley Center,3304
13362,COMM 1000,1:00 pm,1:50 pm,MWF,"Aug 17, 2026","Dec 11, 2026",Haley Center,2324
13363,COMM 1000,2:00 pm,2:50 pm,MWF,"Aug 17, 2026","Dec 11, 2026",Tichenor Hall,111
13364,COMM 1000,2:00 pm,2:50 pm,MWF,"Aug 17, 2026","Dec 11, 2026",Haley Center,2196
13365,COMM 1000,12:30 pm,1:45 pm,TR,"Aug 17, 2026","Dec 11, 2026",Tichenor Hall,111
13366,COMM 1000,8:00 am,9:15 am,TR,"Aug 17, 2026","Dec 11, 2026",Haley Center,2224
13367,COMM 1000,9:30 am,10:45 am,TR,"Aug 17, 2026","Dec 11, 2026",Haley Center,3238
13368,COMM 1000,2:00 pm,2:50 pm,MWF,"Aug 17, 2026","Dec 11, 2026",Haley Center,2224
13369,COMM 1000,9:30 am,10:45 am,TR,"Aug 17, 2026","Dec 11, 2026",Haley Center,3174
13370,COMM 1000,9:30 am,10:45 am,TR,"Aug 17, 2026","Dec 11, 2026",Haley Center,2204
13371,COMM 1000,11:00 am,12:15 pm,TR,"Aug 17, 2026","Dec 11, 2026",Haley Center,3332
13372,COMM 1000,11:00 am,12:15 pm,TR,"Aug 17, 2026","Dec 11, 2026",Tichenor Hall,111
13373,COMM 1000,11:00 am,12:15 pm,TR,"Aug 17, 2026","Dec 11, 2026",Haley Center,2224
13374,COMM 1000,12:30 pm,1:45 pm,TR,"Aug 17, 2026","Dec 11, 2026",Haley Center,3212
13375,COMM 1000,12:30 pm,1:45 pm,TR,"Aug 17, 2026","Dec 11, 2026",Haley Center,3228
13376,COMM 1000,2:00 pm,3:15 pm,TR,"Aug 17, 2026","Dec 11, 2026",Haley Center,3238
13377,COMM 1000,8:00 am,9:15 am,TR,"Aug 17, 2026","Dec 11, 2026",Haley Center,3238
13378,COMM 1000,12:30 pm,1:45 pm,TR,"Aug 17, 2026","Dec 11, 2026",Haley Center,2224
13379,COMM 1000,1:00 pm,1:50 pm,MWF,"Aug 17, 2026","Dec 11, 2026",Tichenor Hall,111
13380,COMM 1000,2:00 pm,3:15 pm,TR,"Aug 17, 2026","Dec 11, 2026",Haley Center,3326
13381,COMM 1000,8:00 am,9:15 am,TR,"Aug 17, 2026","Dec 11, 2026",Tichenor Hall,111
13382,COMM 1000,12:30 pm,1:45 pm,TR,"Aug 17, 2026","Dec 11, 2026",Haley Center,3332
13383,COMM 1000,2:00 pm,3:15 pm,TR,"Aug 17, 2026","Dec 11, 2026",Haley Center,3328
13384,COMM 1000,9:30 am,10:45 am,TR,"Aug 17, 2026","Dec 11, 2026",Tichenor Hall,111
13385,COMM 1000,11:00 am,12:15 pm,TR,"Aug 17, 2026","Dec 11, 2026",Haley Center,3174
13386,COMM 1000,12:30 pm,1:45 pm,TR,"Aug 17, 2026","Dec 11, 2026",Haley Center,3304
13387,COMM 1000,8:00 am,9:15 am,TR,"Aug 17, 2026","Dec 11, 2026",Haley Center,2324
13388,COMM 1000,12:30 pm,1:45 pm,TR,"Aug 17, 2026","Dec 11, 2026",Haley Center,3238
13389,COMM 1000,1:00 pm,1:50 pm,MWF,"Aug 17, 2026","Dec 11, 2026",Haley Center,2196
13390,COMM 1000,1:00 pm,1:50 pm,MWF,"Aug 17, 2026","Dec 11, 2026",Haley Center,3324
13391,COMM 1000,3:00 pm,3:50 pm,MWF,"Aug 17, 2026","Dec 11, 2026",Tichenor Hall,111
13392,COMM 1000,11:00 am,11:50 am,MWF,"Aug 17, 2026","Dec 11, 2026",Tichenor Hall,111
13393,COMM 1000,10:00 am,10:50 am,MWF,"Aug 17, 2026","Dec 11, 2026",Haley Center,3318
13394,COMM 1000,2:00 pm,3:15 pm,TR,"Aug 17, 2026","Dec 11, 2026",Haley Center,3330
13395,COMM 1000,3:00 pm,3:50 pm,MWF,"Aug 17, 2026","Dec 11, 2026",Haley Center,3238
13396,COMM 1000,2:00 pm,3:15 pm,TR,"Aug 17, 2026","Dec 11, 2026",Haley Center,2332
13397,COMM 1000,2:00 pm,3:15 pm,TR,"Aug 17, 2026","Dec 11, 2026",Haley Center,3228
13398,COMM 1000,8:00 am,9:15 am,TR,"Aug 17, 2026","Dec 11, 2026",Haley Center,2306
13400,COMM 1000,12:00 pm,12:50 pm,MWF,"Aug 17, 2026","Dec 11, 2026",Haley Center,2332
13411,COMM 1000,8:00 am,8:50 am,MWF,"Aug 17, 2026","Dec 11, 2026",Draughon Library,3133
13412,COMM 1000,8:00 am,8:50 am,MWF,"Aug 17, 2026","Dec 11, 2026",Draughon Library,3041
13413,COMM 1000,9:00 am,9:50 am,MWF,"Aug 17, 2026","Dec 11, 2026",Haley Center,3334
13414,COMM 1000,10:00 am,10:50 am,MWF,"Aug 17, 2026","Dec 11, 2026",Draughon Library,3133
13415,COMM 1000,10:00 am,10:50 am,MWF,"Aug 17, 2026","Dec 11, 2026",Haley Center,2212
13416,COMM 1000,5:00 pm,6:15 pm,MW,"Aug 17, 2026","Dec 11, 2026",Draughon Library,4133
13417,COMM 1000,1:00 pm,1:50 pm,MWF,"Aug 17, 2026","Dec 11, 2026",Miller Hall,226
13418,COMM 1000,8:00 am,9:15 am,TR,"Aug 17, 2026","Dec 11, 2026",Draughon Library,3133
13419,COMM 1000,2:00 pm,3:15 pm,TR,"Aug 17, 2026","Dec 11, 2026",Draughon Library,3133
13420,COMM 1000,5:00 pm,6:15 pm,TR,"Aug 17, 2026","Dec 11, 2026",Draughon Library,4133
13421,COMM 1000,11:00 am,11:50 am,MWF,"Aug 17, 2026","Dec 11, 2026",Haley Center,2334
13422,COMM 1000,9:00 am,9:50 am,MWF,"Aug 17, 2026","Dec 11, 2026",Draughon Library,3033
13423,COMM 1000,8:00 am,8:50 am,MWF,"Aug 17, 2026","Dec 11, 2026",Haley Center,2224
13424,COMM 1000,2:00 pm,3:15 pm,TR,"Aug 17, 2026","Dec 11, 2026",Haley Center,2212
13425,COMM 1000,9:00 am,9:50 am,MWF,"Aug 17, 2026","Dec 11, 2026",Haley Center,2334
13426,COMM 1000,9:30 am,10:45 am,TR,"Aug 17, 2026","Dec 11, 2026",Haley Center,2324
13427,COMM 1007,9:30 am,10:45 am,TR,"Aug 17, 2026","Dec 11, 2026",Draughon Library,4041
13429,COMM 2400,9:00 am,9:50 am,MWF,"Aug 17, 2026","Dec 11, 2026",Mell Street Classroom Bldg,4546
13430,COMM 2410,8:00 am,9:15 am,TR,"Aug 17, 2026","Dec 11, 2026",Draughon Library,3041
13431,COMM 2410,11:00 am,12:15 pm,TR,"Aug 17, 2026","Dec 11, 2026",Draughon Library,3133
13433,COMM 3100,10:00 am,10:50 am,MWF,"Aug 17, 2026","Dec 11, 2026",Mell Street Classroom Bldg,4546
13438,COMM 3300,1:00 pm,1:50 pm,MWF,"Aug 17, 2026","Dec 11, 2026",Haley Center,2334
13440,COMM 3400,9:30 am,10:45 am,TR,"Aug 17, 2026","Dec 11, 2026",Draughon Library,3133
13443,COMM 3500,12:30 pm,1:45 pm,TR,"Aug 17, 2026","Dec 11, 2026",Draughon Library,4129
13444,COMM 3510,2:00 pm,3:15 pm,TR,"Aug 17, 2026","Dec 11, 2026",Draughon Library,4133
13445,COMM 3600,11:00 am,11:50 am,MWF,"Aug 17, 2026","Dec 11, 2026",Haley Center,2206
13447,COMM 3700,1:00 pm,1:50 pm,MWF,"Aug 17, 2026","Dec 11, 2026",Haley Center,2224
13449,COMM 3800,9:30 am,10:45 am,TR,"Aug 17, 2026","Dec 11, 2026",Haley Center,2334
13450,COMM 4420,10:00 am,10:50 am,MWF,"Aug 17, 2026","Dec 11, 2026",Broun Hall,102
13452,COMM 4480,12:30 pm,1:45 pm,TR,"Aug 17, 2026","Dec 11, 2026",Draughon Library,4133
13454,COMM 4800,11:00 am,11:50 am,MWF,"Aug 17, 2026","Dec 11, 2026",Haley Center,3034
13456,COMM 5470,11:00 am,12:15 pm,TR,"Aug 17, 2026","Dec 11, 2026",Haley Center,2306
13461,COMM 7000,5:00 pm,8:00 pm,T,"Aug 17, 2026","Dec 11, 2026",Draughon Library,3133
13463,COMM 7020,5:00 pm,8:00 pm,W,"Aug 17, 2026","Dec 11, 2026",Draughon Library,4041
13465,COMM 7850,5:00 pm,8:00 pm,M,"Aug 17, 2026","Dec 11, 2026",Tichenor Hall,111
13466,COMM 7970,3:30 pm,4:45 pm,TR,"Aug 17, 2026","Dec 11, 2026",Mell Street Classroom Bldg,4546
13467,COMM 7970,5:00 pm,8:00 pm,R,"Aug 17, 2026","Dec 11, 2026",Mell Street Classroom Bldg,3546
13346,CMJN 2100,11:00 am,12:15 pm,TR,"Aug 17, 2026","Dec 11, 2026",Haley Center,2370
13348,CMJN 3350,9:30 am,10:45 am,TR,"Aug 17, 2026","Dec 11, 2026",Haley Center,2116
13349,CMJN 3650,11:00 am,12:15 pm,TR,"Aug 17, 2026","Dec 11, 2026",Haley Center,3318
13350,CMJN 4000,9:00 am,9:50 am,MWF,"Aug 17, 2026","Dec 11, 2026",Miller Hall,201
11995,CPLN 5010,3:30 pm,6:00 pm,M,"Aug 17, 2026","Dec 11, 2026",Haley Center,2212
18184,CPLN 5050,3:30 pm,6:00 pm,T,"Aug 17, 2026","Dec 11, 2026",Haley Center,3220
17969,CPLN 5110,11:00 am,12:15 pm,TR,"Aug 17, 2026","Dec 11, 2026",Draughon Library,4127
11997,CPLN 5970,3:30 pm,6:00 pm,W,"Aug 17, 2026","Dec 11, 2026",Haley Center,3166
11998,CPLN 6010,3:30 pm,6:00 pm,M,"Aug 17, 2026","Dec 11, 2026",Haley Center,2212
11999,CPLN 6050,3:30 pm,6:00 pm,T,"Aug 17, 2026","Dec 11, 2026",Haley Center,3220
17975,CPLN 6110,11:00 am,12:15 pm,TR,"Aug 17, 2026","Dec 11, 2026",Draughon Library,4127
12002,CPLN 6970,3:30 pm,6:00 pm,W,"Aug 17, 2026","Dec 11, 2026",Haley Center,3166
12004,CPLN 7300,9:30 am,10:45 am,TR,"Aug 17, 2026","Dec 11, 2026",Haley Center,2226
12006,CPLN 7600,9:30 am,12:00 pm,W,"Aug 17, 2026","Dec 11, 2026",Haley Center,3206
15943,COMP 1100,10:00 am,10:50 am,MWF,"Aug 17, 2026","Dec 11, 2026",Shelby Center,3129
18091,COMP 1100,9:00 am,9:50 am,MWF,"Aug 17, 2026","Dec 11, 2026",Shelby Center,3129
15959,COMP 1220,2:00 pm,3:15 pm,TR,"Aug 17, 2026","Dec 11, 2026",Shelby Center,1113
15959,COMP 1220,8:00 am,8:50 am,F,"Aug 17, 2026","Dec 11, 2026",Langdon Hall,101
15960,COMP 1230,8:00 am,9:15 am,TR,"Aug 17, 2026","Dec 11, 2026",Shelby Center,2205
15960,COMP 1230,8:00 am,8:50 am,W,"Aug 17, 2026","Dec 11, 2026",Langdon Hall,101
15961,COMP 1230,8:00 am,9:15 am,TR,"Aug 17, 2026","Dec 11, 2026",Shelby Center,2210
15961,COMP 1230,8:00 am,8:50 am,W,"Aug 17, 2026","Dec 11, 2026",Langdon Hall,101
15976,COMP 2210,8:00 am,9:15 am,TR,"Aug 17, 2026","Dec 11, 2026",Shelby Center,1103
15980,COMP 2240,12:00 pm,12:50 pm,MWF,"Aug 17, 2026","Dec 11, 2026",Shelby Center,2101
15982,COMP 2710,3:00 pm,3:50 pm,MWF,"Aug 17, 2026","Dec 11, 2026",Brown-Kopel Engineering Bldg,2117
15983,COMP 2710,11:00 am,12:15 pm,TR,"Aug 17, 2026","Dec 11, 2026",Shelby Center,2101
15985,COMP 2800,9:30 am,10:20 am,T,"Aug 17, 2026","Dec 11, 2026",Shelby Center,1103
15987,COMP 3220,2:00 pm,3:15 pm,TR,"Aug 17, 2026","Dec 11, 2026",Brown-Kopel Engineering Bldg,2133
15989,COMP 3270,10:00 am,10:50 am,MWF,"Aug 17, 2026","Dec 11, 2026",Shelby Center,2101
18236,COMP 3270,12:00 pm,12:50 pm,MWF,"Aug 17, 2026","Dec 11, 2026",Shelby Center,3129
15990,COMP 3270,11:00 am,12:15 pm,TR,"Aug 17, 2026","Dec 11, 2026",Shelby Center,3129
15991,COMP 3350,12:30 pm,1:45 pm,TR,"Aug 17, 2026","Dec 11, 2026",Shelby Center,2101
15992,COMP 3350,2:00 pm,3:15 pm,TR,"Aug 17, 2026","Dec 11, 2026",Brown-Kopel Engineering Bldg,2117
15993,COMP 3500,11:00 am,11:50 am,MWF,"Aug 17, 2026","Dec 11, 2026",Shelby Center,1124
15996,COMP 3700,11:00 am,12:15 pm,TR,"Aug 17, 2026","Dec 11, 2026",Shelby Center,1126
15997,COMP 3700,2:00 pm,2:50 pm,MWF,"Aug 17, 2026","Dec 11, 2026",Shelby Center,3129
15998,COMP 4200,3:30 pm,4:45 pm,TR,"Aug 17, 2026","Dec 11, 2026",Brown-Kopel Engineering Bldg,2133
15999,COMP 4200,2:00 pm,3:15 pm,TR,"Aug 17, 2026","Dec 11, 2026",Shelby Center,2101
16000,COMP 4300,12:30 pm,1:45 pm,TR,"Aug 17, 2026","Dec 11, 2026",Brown-Kopel Engineering Bldg,2117
16001,COMP 4320,2:00 pm,3:15 pm,TR,"Aug 17, 2026","Dec 11, 2026",Shelby Center,3129
16002,COMP 4320,12:00 pm,12:50 pm,MWF,"Aug 17, 2026","Dec 11, 2026",Shelby Center,1124
16003,COMP 4710,8:00 am,8:50 am,MWF,"Aug 17, 2026","Dec 11, 2026",Shelby Center,2133
16005,COMP 4730,8:00 am,8:50 am,TR,"Aug 17, 2026","Dec 11, 2026",Shelby Center,2101
16009,COMP 5120,12:00 pm,12:50 pm,MWF,"Aug 17, 2026","Dec 11, 2026",Shelby Center,1103
16010,COMP 5120,1:00 pm,1:50 pm,MWF,"Aug 17, 2026","Dec 11, 2026",Shelby Center,3129
16011,COMP 5130,12:30 pm,1:45 pm,TR,"Aug 17, 2026","Dec 11, 2026",Shelby Center,3129
16013,COMP 5320,3:00 pm,3:50 pm,MWF,"Aug 17, 2026","Dec 11, 2026",Shelby Center,1120
16015,COMP 5370,3:30 pm,4:45 pm,TR,"Aug 17, 2026","Dec 11, 2026",Shelby Center,1103
16016,COMP 5600,10:00 am,10:50 am,MWF,"Aug 17, 2026","Dec 11, 2026",Shelby Center,1120
16017,COMP 5600,11:00 am,11:50 am,MWF,"Aug 17, 2026","Dec 11, 2026",Shelby Center,2101
16018,COMP 5620,12:00 pm,12:50 pm,MWF,"Aug 17, 2026","Dec 11, 2026",Shelby Center,1120
16019,COMP 5630,2:00 pm,3:15 pm,TR,"Aug 17, 2026","Dec 11, 2026",Shelby Center,1120
16021,COMP 5660,11:00 am,11:50 am,MWF,"Aug 17, 2026","Dec 11, 2026",Shelby Center,1120
16022,COMP 5700,3:00 pm,3:50 pm,MWF,"Aug 17, 2026","Dec 11, 2026",Shelby Center,1103
16024,COMP 5710,10:00 am,10:50 am,MWF,"Aug 17, 2026","Dec 11, 2026",Shelby Center,1122
16026,COMP 5970,1:00 pm,1:50 pm,MWF,"Aug 17, 2026","Dec 11, 2026",Shelby Center,1120
16027,COMP 5970,3:30 pm,4:45 pm,TR,"Aug 17, 2026","Dec 11, 2026",Shelby Center,1120
16028,COMP 5970,12:30 pm,1:45 pm,TR,"Aug 17, 2026","Dec 11, 2026",Shelby Center,1120
16032,COMP 6130,12:30 pm,1:45 pm,TR,"Aug 17, 2026","Dec 11, 2026",Shelby Center,3129
16035,COMP 6320,3:00 pm,3:50 pm,MWF,"Aug 17, 2026","Dec 11, 2026",Shelby Center,1120
16037,COMP 6350,4:00 pm,6:30 pm,M,"Aug 17, 2026","Dec 11, 2026",Shelby Center,1103
16041,COMP 6600,10:00 am,10:50 am,MWF,"Aug 17, 2026","Dec 11, 2026",Shelby Center,1120
16043,COMP 6620,12:00 pm,12:50 pm,MWF,"Aug 17, 2026","Dec 11, 2026",Shelby Center,1120
16045,COMP 6630,2:00 pm,3:15 pm,TR,"Aug 17, 2026","Dec 11, 2026",Shelby Center,1120
16049,COMP 6660,11:00 am,11:50 am,MWF,"Aug 17, 2026","Dec 11, 2026",Shelby Center,1120
16051,COMP 6700,3:00 pm,3:50 pm,MWF,"Aug 17, 2026","Dec 11, 2026",Shelby Center,1103
16053,COMP 6710,10:00 am,10:50 am,MWF,"Aug 17, 2026","Dec 11, 2026",Shelby Center,1122
16055,COMP 6970,1:00 pm,1:50 pm,MWF,"Aug 17, 2026","Dec 11, 2026",Shelby Center,1120
16056,COMP 6970,3:30 pm,4:45 pm,TR,"Aug 17, 2026","Dec 11, 2026",Shelby Center,1120
16057,COMP 6970,12:30 pm,1:45 pm,TR,"Aug 17, 2026","Dec 11, 2026",Shelby Center,1120
16062,COMP 7300,2:00 pm,3:15 pm,TR,"Aug 17, 2026","Dec 11, 2026",Shelby Center,1103
16064,COMP 7720,11:00 am,12:15 pm,TR,"Aug 17, 2026","Dec 11, 2026",Shelby Center,1120
14274,CADS 1000,9:30 am,10:45 am,TR,"Aug 17, 2026","Dec 11, 2026",Haley Center,1403
14275,CADS 1100,12:00 pm,2:45 pm,MW,"Aug 17, 2026","Dec 11, 2026",Haley Center,3472
14276,CADS 1100,12:30 pm,3:15 pm,TR,"Aug 17, 2026","Dec 11, 2026",Haley Center,3472
14277,CADS 1100,8:00 am,10:45 am,MW,"Aug 17, 2026","Dec 11, 2026",Haley Center,3472
14278,CADS 1600,9:00 am,9:50 am,MWF,"Aug 17, 2026","Dec 11, 2026",Haley Center,1403
14279,CADS 1700,11:00 am,12:15 pm,TR,"Aug 17, 2026","Dec 11, 2026",Haley Center,2414
14280,CADS 1740,9:30 am,10:45 am,TR,"Aug 17, 2026","Dec 11, 2026",Charles E Davis Aerospace Hall,355
14282,CADS 2000,8:00 am,9:15 am,TR,"Aug 17, 2026","Dec 11, 2026",Thach Hall,112
14283,CADS 2007,8:00 am,9:15 am,TR,"Aug 17, 2026","Dec 11, 2026",Thach Hall,112
14284,CADS 2040,11:00 am,11:50 am,MWF,"Aug 17, 2026","Dec 11, 2026",Haley Center,2414
14285,CADS 2100,10:00 am,12:45 pm,MW,"Aug 17, 2026","Dec 11, 2026",Haley Center,3430
14285,CADS 2100,9:00 am,9:50 am,M,"Aug 17, 2026","Dec 11, 2026",Charles E Davis Aerospace Hall,355
14286,CADS 2100,1:30 pm,4:15 pm,MW,"Aug 17, 2026","Dec 11, 2026",Haley Center,3430
14286,CADS 2100,9:00 am,9:50 am,M,"Aug 17, 2026","Dec 11, 2026",Charles E Davis Aerospace Hall,355
14287,CADS 2100,9:00 am,9:50 am,M,"Aug 17, 2026","Dec 11, 2026",Charles E Davis Aerospace Hall,355
14287,CADS 2100,9:30 am,12:15 pm,TR,"Aug 17, 2026","Dec 11, 2026",Haley Center,3430
14288,CADS 2150,9:00 am,9:50 am,F,"Aug 17, 2026","Dec 11, 2026",Rane Center,306A
14289,CADS 2350,8:00 am,9:15 am,TR,"Aug 17, 2026","Dec 11, 2026",Mell Street Classroom Bldg,3550
14290,CADS 2550,9:30 am,12:15 pm,TR,"Aug 17, 2026","Dec 11, 2026",Haley Center,1435
14291,CADS 2550,1:30 pm,4:15 pm,TR,"Aug 17, 2026","Dec 11, 2026",Haley Center,1435
14292,CADS 2600,1:00 pm,1:50 pm,MWF,"Aug 17, 2026","Dec 11, 2026",Haley Center,1408
14293,CADS 2700,9:30 am,10:45 am,TR,"Aug 17, 2026","Dec 11, 2026",Haley Center,2206
14294,CADS 2740,9:30 am,11:45 am,TR,"Aug 17, 2026","Dec 11, 2026",Haley Center,3420
14295,CADS 2800,9:00 am,9:50 am,MWF,"Aug 17, 2026","Dec 11, 2026",Haley Center,1408
14295,CADS 2800,2:00 pm,4:45 pm,M,"Aug 17, 2026","Dec 11, 2026",Haley Center,3412
14296,CADS 2800,9:00 am,9:50 am,MWF,"Aug 17, 2026","Dec 11, 2026",Haley Center,1408
14296,CADS 2800,2:00 pm,4:45 pm,W,"Aug 17, 2026","Dec 11, 2026",Haley Center,3412
14298,CADS 2900,12:00 pm,12:50 pm,M,"Aug 17, 2026","Dec 11, 2026",Haley Center,1408
14299,CADS 3150,8:00 am,8:50 am,M,"Aug 17, 2026","Dec 11, 2026",Rane Center,306B
14304,CADS 3810,12:30 pm,1:45 pm,TR,"Aug 17, 2026","Dec 11, 2026",Mell Street Classroom Bldg,4550
14318,CADS 3970,4:30 pm,5:20 pm,M,"Aug 17, 2026","Dec 11, 2026",Haley Center,2414
14320,CADS 4040,9:30 am,10:45 am,TR,"Aug 17, 2026","Dec 11, 2026",Haley Center,2414
14322,CADS 4200,11:00 am,11:50 am,F,"Aug 17, 2026","Dec 11, 2026",Haley Center,1408
14323,CADS 4740,3:30 pm,4:45 pm,TR,"Aug 17, 2026","Dec 11, 2026",Haley Center,2430
14324,CADS 4800,11:00 am,12:50 pm,MWF,"Aug 17, 2026","Dec 11, 2026",Haley Center,2438
14344,CADS 5100,10:00 am,12:45 pm,MW,"Aug 17, 2026","Dec 11, 2026",Haley Center,3420
14344,CADS 5100,9:00 am,9:50 am,M,"Aug 17, 2026","Dec 11, 2026",Draughon Library,4129
14345,CADS 5100,1:30 pm,4:15 pm,MW,"Aug 17, 2026","Dec 11, 2026",Haley Center,3420
14345,CADS 5100,9:00 am,9:50 am,M,"Aug 17, 2026","Dec 11, 2026",Draughon Library,4129
14346,CADS 5100,9:00 am,9:50 am,M,"Aug 17, 2026","Dec 11, 2026",Draughon Library,4129
14346,CADS 5100,12:30 pm,3:15 pm,TR,"Aug 17, 2026","Dec 11, 2026",Haley Center,3420
14347,CADS 5200,11:00 am,12:15 pm,TR,"Aug 17, 2026","Dec 11, 2026",Haley Center,1408
14348,CADS 5300,10:00 am,12:45 pm,MW,"Aug 17, 2026","Dec 11, 2026",Haley Center,3450
14348,CADS 5300,9:00 am,9:50 am,W,"Aug 17, 2026","Dec 11, 2026",Rane Center,306A
14349,CADS 5300,1:30 pm,4:15 pm,MW,"Aug 17, 2026","Dec 11, 2026",Haley Center,3450
14349,CADS 5300,9:00 am,9:50 am,W,"Aug 17, 2026","Dec 11, 2026",Rane Center,306A
14350,CADS 5300,12:30 pm,3:15 pm,TR,"Aug 17, 2026","Dec 11, 2026",Haley Center,3450
14350,CADS 5300,9:00 am,9:50 am,W,"Aug 17, 2026","Dec 11, 2026",Rane Center,306A
14351,CADS 5310,9:30 am,10:45 am,TR,"Aug 17, 2026","Dec 11, 2026",Mell Street Classroom Bldg,4550
14352,CADS 5460,11:00 am,11:50 am,MWF,"Aug 17, 2026","Dec 11, 2026",Haley Center,2406
14353,CADS 5600,3:00 pm,3:50 pm,MWF,"Aug 17, 2026","Dec 11, 2026",Mell Street Classroom Bldg,3550
14354,CADS 5700,12:00 pm,1:15 pm,TR,"Aug 17, 2026","Dec 11, 2026",Haley Center,2406
14355,CADS 5760,1:00 pm,1:50 pm,MWF,"Aug 17, 2026","Dec 11, 2026",Academic Classroom/Lab Complex,202
14356,CADS 5770,9:30 am,12:15 pm,TR,"Aug 17, 2026","Dec 11, 2026",Rane Center,215
14357,CADS 5850,9:30 am,10:45 am,TR,"Aug 17, 2026","Dec 11, 2026",Haley Center,2438
14357,CADS 5850,2:00 pm,3:45 pm,T,"Aug 17, 2026","Dec 11, 2026",Haley Center,0015A
14359,CADS 6100,10:00 am,12:45 pm,MW,"Aug 17, 2026","Dec 11, 2026",Haley Center,3420
14359,CADS 6100,9:00 am,9:50 am,M,"Aug 17, 2026","Dec 11, 2026",Draughon Library,4129
14360,CADS 6100,9:00 am,9:50 am,M,"Aug 17, 2026","Dec 11, 2026",Draughon Library,4129
14360,CADS 6100,12:30 pm,3:15 pm,TR,"Aug 17, 2026","Dec 11, 2026",Haley Center,3420
14364,CADS 6310,9:30 am,10:45 am,TR,"Aug 17, 2026","Dec 11, 2026",Mell Street Classroom Bldg,4550
14366,CADS 6600,3:00 pm,3:50 pm,MWF,"Aug 17, 2026","Dec 11, 2026",Mell Street Classroom Bldg,3550
14367,CADS 6700,12:00 pm,1:15 pm,TR,"Aug 17, 2026","Dec 11, 2026",Haley Center,2406
14368,CADS 6760,1:00 pm,1:50 pm,MWF,"Aug 17, 2026","Dec 11, 2026",Academic Classroom/Lab Complex,202
14371,CADS 7040,11:00 am,11:50 am,F,"Aug 17, 2026","Dec 11, 2026",Haley Center,2430
14372,CADS 7060,12:30 pm,1:45 pm,TR,"Aug 17, 2026","Dec 11, 2026",Draughon Library,4027
14374,CADS 7690,9:00 am,11:45 am,W,"Aug 17, 2026","Dec 11, 2026",Haley Center,2430
14418,CADS 8970,12:00 pm,12:50 pm,M,"Aug 17, 2026","Dec 11, 2026",Haley Center,1408
10176,COUN 2000,9:00 am,9:50 am,MWF,"Aug 17, 2026","Dec 11, 2026",College of Education Bldg,2130
10178,COUN 2000,12:30 pm,1:45 pm,TR,"Aug 17, 2026","Dec 11, 2026",College of Education Bldg,2116
10179,COUN 2000,11:00 am,11:50 am,MWF,"Aug 17, 2026","Dec 11, 2026",College of Education Bldg,2116
10180,COUN 2000,11:00 am,12:15 pm,TR,"Aug 17, 2026","Dec 11, 2026",College of Education Bldg,1123
10181,COUN 2000,12:30 pm,1:45 pm,TR,"Aug 17, 2026","Dec 11, 2026",College of Education Bldg,1123
10182,COUN 2000,11:00 am,11:50 am,MWF,"Aug 17, 2026","Dec 11, 2026",College of Education Bldg,2130
10184,COUN 2000,10:00 am,10:50 am,MWF,"Aug 17, 2026","Dec 11, 2026",College of Education Bldg,1121
10194,COUN 2007,9:30 am,10:45 am,TR,"Aug 17, 2026","Dec 11, 2026",College of Education Bldg,1102
10199,COUN 3100,11:00 am,12:15 pm,TR,"Aug 17, 2026","Dec 11, 2026",College of Education Bldg,2130
10212,COUN 4010,2:00 pm,3:15 pm,TR,"Aug 17, 2026","Dec 11, 2026",College of Education Bldg,2118
10214,COUN 7010,9:00 am,11:30 am,R,"Aug 17, 2026","Dec 11, 2026",College of Education Bldg,2116
10216,COUN 7230,5:00 pm,7:30 pm,W,"Aug 17, 2026","Dec 11, 2026",College of Education Bldg,2233
10217,COUN 7230,5:00 pm,7:30 pm,W,"Aug 17, 2026","Dec 11, 2026",College of Education Bldg,2116
10219,COUN 7240,1:00 pm,3:50 pm,M,"Aug 17, 2026","Dec 11, 2026",College of Education Bldg,2257
10220,COUN 7240,3:00 pm,5:30 pm,M,"Aug 17, 2026","Dec 11, 2026",College of Education Bldg,1103
10222,COUN 7320,4:00 pm,6:50 pm,T,"Aug 17, 2026","Dec 11, 2026",College of Education Bldg,1103
10223,COUN 7320,4:00 pm,6:50 pm,T,"Aug 17, 2026","Dec 11, 2026",College of Education Bldg,1420
10225,COUN 7370,4:00 pm,6:50 pm,R,"Aug 17, 2026","Dec 11, 2026",College of Education Bldg,2118
10227,COUN 7400,4:00 pm,6:50 pm,R,"Aug 17, 2026","Dec 11, 2026",College of Education Bldg,2128
10228,COUN 7400,4:00 pm,6:50 pm,R,"Aug 17, 2026","Dec 11, 2026",College of Education Bldg,1103
10230,COUN 7410,5:00 pm,7:50 pm,W,"Aug 17, 2026","Dec 11, 2026",College of Education Bldg,2128
10232,COUN 7420,5:00 pm,7:30 pm,W,"Aug 17, 2026","Dec 11, 2026",College of Education Bldg,2203
10234,COUN 7450,4:00 pm,6:50 pm,T,"Aug 17, 2026","Dec 11, 2026",College of Education Bldg,3243
10236,COUN 7520,4:00 pm,6:50 pm,M,"Aug 17, 2026","Dec 11, 2026",College of Education Bldg,3245
Clinical Mental Health Counseling,10238,4:00 pm,6:30 pm,T,"Aug 17, 2026","Dec 11, 2026",College of Education Bldg,2141
Clinical Mental Health Counseling,10239,4:00 pm,6:30 pm,T,"Aug 17, 2026","Dec 11, 2026",College of Education Bldg,1424
Clinical Rehabilitation Counseling,10240,7:00 pm,9:30 pm,T,"Aug 17, 2026","Dec 11, 2026",College of Education Bldg,1420
School Counseling,10241,4:00 pm,6:50 pm,R,"Aug 17, 2026","Dec 11, 2026",College of Education Bldg,3245
Counseling Psychology,10242,12:30 pm,3:15 pm,T,"Aug 17, 2026","Dec 11, 2026",College of Education Bldg,3245
10246,COUN 8200,12:30 pm,3:15 pm,R,"Aug 17, 2026","Dec 11, 2026",College of Education Bldg,3245
10247,COUN 8230,3:00 pm,3:50 pm,M,"Aug 17, 2026","Dec 11, 2026",College of Education Bldg,2141
10248,COUN 8250,4:00 pm,5:50 pm,T,"Aug 17, 2026","Dec 11, 2026",College of Education Bldg,3242
10249,COUN 8400,5:00 pm,7:30 pm,W,"Aug 17, 2026","Dec 11, 2026",College of Education Bldg,3245
10250,COUN 8510,4:00 pm,6:50 pm,M,"Aug 17, 2026","Dec 11, 2026",College of Education Bldg,2257
10251,COUN 8530,12:30 pm,3:15 pm,T,"Aug 17, 2026","Dec 11, 2026",College of Education Bldg,1420
10253,COUN 8800,12:30 pm,3:15 pm,R,"Aug 17, 2026","Dec 11, 2026",College of Education Bldg,1420
Counselor Education,10254,3:00 pm,5:30 pm,M,"Aug 17, 2026","Dec 11, 2026",College of Education Bldg,3243
Counseling Psychology,10256,4:00 pm,6:50 pm,R,"Aug 17, 2026","Dec 11, 2026",College of Education Bldg,3242
11483,CSES 1010,10:00 am,10:50 am,MWF,"Aug 17, 2026","Dec 11, 2026",Draughon Library,4129
11483,CSES 1010,1:00 pm,2:50 pm,W,"Aug 17, 2026","Dec 11, 2026",STEM and Agric Science Complex,1122
11484,CSES 1010,10:00 am,10:50 am,MWF,"Aug 17, 2026","Dec 11, 2026",Draughon Library,4129
11484,CSES 1010,3:00 pm,4:50 pm,W,"Aug 17, 2026","Dec 11, 2026",STEM and Agric Science Complex,1122
11485,CSES 1010,10:00 am,10:50 am,MWF,"Aug 17, 2026","Dec 11, 2026",Draughon Library,4129
11485,CSES 1010,1:00 pm,3:00 pm,R,"Aug 17, 2026","Dec 11, 2026",STEM and Agric Science Complex,1122
11486,CSES 1010,10:00 am,10:50 am,MWF,"Aug 17, 2026","Dec 11, 2026",Draughon Library,4129
11486,CSES 1010,3:00 pm,4:50 pm,R,"Aug 17, 2026","Dec 11, 2026",STEM and Agric Science Complex,1122
11487,CSES 1020,9:30 am,10:45 am,TR,"Aug 17, 2026","Dec 11, 2026",Haley Center,1408
11488,CSES 1020,9:30 am,10:45 am,TR,"Aug 17, 2026","Dec 11, 2026",Haley Center,1408
11489,CSES 2000,8:00 am,9:15 am,TR,"Aug 17, 2026","Dec 11, 2026",Rouse Life Sciences Bldg,112
11490,CSES 2000,8:00 am,9:15 am,TR,"Aug 17, 2026","Dec 11, 2026",Rouse Life Sciences Bldg,112
11491,CSES 2040,9:00 am,9:50 am,MWF,"Aug 17, 2026","Dec 11, 2026",Forestry & Wildlife Sci Bldg,1221
11491,CSES 2040,1:00 pm,2:50 pm,M,"Aug 17, 2026","Dec 11, 2026",STEM and Agric Science Complex,1122
11492,CSES 2040,9:00 am,9:50 am,MWF,"Aug 17, 2026","Dec 11, 2026",Forestry & Wildlife Sci Bldg,1221
11492,CSES 2040,3:00 pm,4:50 pm,M,"Aug 17, 2026","Dec 11, 2026",STEM and Agric Science Complex,1122
11493,CSES 2040,9:00 am,9:50 am,MWF,"Aug 17, 2026","Dec 11, 2026",Forestry & Wildlife Sci Bldg,1221
11493,CSES 2040,1:00 pm,2:50 pm,T,"Aug 17, 2026","Dec 11, 2026",STEM and Agric Science Complex,1122
11496,CSES 3120,1:00 pm,1:50 pm,MWF,"Aug 17, 2026","Dec 11, 2026",Rouse Life Sciences Bldg,112
11497,CSES 3150,9:00 am,9:50 am,MWF,"Aug 17, 2026","Dec 11, 2026",Upchurch Hall,218
11498,CSES 3150,9:00 am,9:50 am,MWF,"Aug 17, 2026","Dec 11, 2026",Upchurch Hall,218
11502,CSES 3970,3:00 pm,3:50 pm,MW,"Aug 17, 2026","Dec 11, 2026",Rouse Life Sciences Bldg,112
11502,CSES 3970,4:00 pm,6:00 pm,W,"Aug 17, 2026","Dec 11, 2026",Rouse Life Sciences Bldg,112
11503,CSES 3970,9:30 am,10:45 am,TR,"Aug 17, 2026","Dec 11, 2026",Upchurch Hall,218
11505,CSES 4200,3:00 pm,6:00 pm,F,"Aug 17, 2026","Dec 11, 2026",STEM and Agric Science Complex,1122
11506,CSES 4300,1:00 pm,2:50 pm,W,"Aug 17, 2026","Dec 11, 2026",Upchurch Hall,301
11510,CSES 5160,9:30 am,10:45 am,TR,"Aug 17, 2026","Dec 11, 2026",Rouse Life Sciences Bldg,114
11512,CSES 5240,2:00 pm,3:15 pm,TR,"Aug 17, 2026","Dec 11, 2026",Upchurch Hall,220
14430,CSES 5250,11:00 am,12:15 pm,TR,"Aug 17, 2026","Dec 11, 2026",Haley Center,1454
14430,CSES 5250,4:00 pm,5:00 pm,T,"Aug 17, 2026","Dec 11, 2026",STEM and Agric Science Complex,1122
18931,CSES 5250,11:00 am,12:15 pm,TR,"Aug 17, 2026","Dec 11, 2026",Haley Center,1454
18931,CSES 5250,5:00 pm,6:00 pm,T,"Aug 17, 2026","Dec 11, 2026",STEM and Agric Science Complex,1122
18042,CSES 5300,9:00 am,10:15 am,MW,"Aug 17, 2026","Dec 11, 2026",Rouse Life Sciences Bldg,114
18042,CSES 5300,9:00 am,11:00 am,F,"Aug 17, 2026","Dec 11, 2026",STEM and Agric Science Complex,1122
11513,CSES 5590,8:00 am,9:15 am,TR,"Aug 17, 2026","Dec 11, 2026",Draughon Library,3035
11513,CSES 5590,1:00 pm,3:00 pm,R,"Aug 17, 2026","Dec 11, 2026",STEM and Agric Science Complex,1110
11521,CSES 6160,9:30 am,10:45 am,TR,"Aug 17, 2026","Dec 11, 2026",Rouse Life Sciences Bldg,114
11523,CSES 6240,2:00 pm,3:15 pm,TR,"Aug 17, 2026","Dec 11, 2026",Upchurch Hall,220
14429,CSES 6250,11:00 am,12:15 pm,TR,"Aug 17, 2026","Dec 11, 2026",Haley Center,1454
14429,CSES 6250,4:00 pm,5:00 pm,T,"Aug 17, 2026","Dec 11, 2026",STEM and Agric Science Complex,1122
18932,CSES 6250,11:00 am,12:15 pm,TR,"Aug 17, 2026","Dec 11, 2026",Haley Center,1454
18932,CSES 6250,5:00 pm,6:00 pm,T,"Aug 17, 2026","Dec 11, 2026",STEM and Agric Science Complex,1122
18043,CSES 6300,9:00 am,10:15 am,MW,"Aug 17, 2026","Dec 11, 2026",Rouse Life Sciences Bldg,114
18043,CSES 6300,9:00 am,11:00 am,F,"Aug 17, 2026","Dec 11, 2026",STEM and Agric Science Complex,1122
11525,CSES 6590,8:00 am,9:15 am,TR,"Aug 17, 2026","Dec 11, 2026",Draughon Library,3035
11525,CSES 6590,1:00 pm,3:00 pm,R,"Aug 17, 2026","Dec 11, 2026",STEM and Agric Science Complex,1110
11527,CSES 6800,10:00 am,11:15 am,MW,"Aug 17, 2026","Dec 11, 2026",Upchurch Hall,218
11536,CSES 7950,3:00 pm,3:50 pm,M,"Aug 17, 2026","Dec 11, 2026",STEM and Agric Science Complex,1133
11538,CSES 7970,3:00 pm,3:50 pm,MW,"Aug 17, 2026","Dec 11, 2026",Rouse Life Sciences Bldg,112
11538,CSES 7970,4:00 pm,6:00 pm,W,"Aug 17, 2026","Dec 11, 2026",Rouse Life Sciences Bldg,112
17763,CSES 7970,9:30 am,10:45 am,TR,"Aug 17, 2026","Dec 11, 2026",Upchurch Hall,218
10276,EAGL 0100,9:30 am,10:45 am,TR,"Aug 17, 2026","Dec 11, 2026",College of Education Bldg,1103
10277,EAGL 0110,8:00 am,9:15 am,TR,"Aug 17, 2026","Dec 11, 2026",College of Education Bldg,1403G
10278,EAGL 0130,11:00 am,12:15 pm,MW,"Aug 17, 2026","Dec 11, 2026",College of Education Bldg,1403H
10279,EAGL 0200,8:00 am,9:15 am,MW,"Aug 17, 2026","Dec 11, 2026",College of Education Bldg,1403G
Meal Prep Grocery Shopping,10280,9:30 am,10:45 am,TR,"Aug 17, 2026","Dec 11, 2026",College of Education Bldg,1403H
10282,EAGL 0320,8:00 am,9:15 am,MW,"Aug 17, 2026","Dec 11, 2026",College of Education Bldg,1403H
18340,EAGL 0330,8:00 am,9:15 am,TR,"Aug 17, 2026","Dec 11, 2026",College of Education Bldg,1403H
10283,EAGL 0410,11:00 am,12:15 pm,MW,"Aug 17, 2026","Dec 11, 2026",College of Education Bldg,1403G
10284,EAGL 0420,9:30 am,10:45 am,TR,"Aug 17, 2026","Dec 11, 2026",College of Education Bldg,1403G
16268,CTEC 3020,10:00 am,12:30 pm,M,"Aug 17, 2026","Dec 11, 2026",College of Education Bldg,1109
16269,CTEC 3030,9:00 am,9:50 am,MWF,"Aug 17, 2026","Dec 11, 2026",College of Education Bldg,1123
16273,CTEC 4911,8:00 am,9:59 am,F,"Aug 17, 2026","Dec 11, 2026",College of Education Bldg,1109
16278,CTEC 7270,5:30 pm,8:30 pm,W,"Aug 17, 2026","Dec 11, 2026",College of Education Bldg,1109
16279,CTEC 7270,5:30 pm,8:30 pm,W,"Aug 17, 2026","Dec 11, 2026",College of Education Bldg,1109
16280,CTEC 7520,5:00 pm,8:00 pm,M,"Aug 17, 2026","Dec 11, 2026",College of Education Bldg,1109
16282,CTEC 8270,5:30 pm,8:30 pm,W,"Aug 17, 2026","Dec 11, 2026",College of Education Bldg,1109
14447,ECON 2020,9:00 am,9:50 am,MWF,"Aug 17, 2026","Dec 11, 2026",Lowder Hall,113A
14448,ECON 2020,12:00 pm,12:50 pm,MWF,"Aug 17, 2026","Dec 11, 2026",Lowder Hall,113A
14456,ECON 2020,11:00 am,12:15 pm,TR,"Aug 17, 2026","Dec 11, 2026",Foy Hall,258
14458,ECON 2020,10:00 am,10:50 am,MWF,"Aug 17, 2026","Dec 11, 2026",Biggin Hall,5
14461,ECON 2020,9:30 am,10:45 am,TR,"Aug 17, 2026","Dec 11, 2026",Miller Hall,207
18682,ECON 2020,3:30 pm,4:45 pm,TR,"Aug 17, 2026","Dec 11, 2026",Foy Hall,258
14467,ECON 2027,8:00 am,8:50 am,MWF,"Aug 17, 2026","Dec 11, 2026",Miller Hall,207
14468,ECON 2030,10:00 am,10:50 am,MWF,"Aug 17, 2026","Dec 11, 2026",Lowder Hall,113A
14469,ECON 2030,9:30 am,10:45 am,TR,"Aug 17, 2026","Dec 11, 2026",Lowder Hall,125A
14471,ECON 2030,11:00 am,12:15 pm,TR,"Aug 17, 2026","Dec 11, 2026",Haley Center,2182
14476,ECON 2030,2:00 pm,3:15 pm,TR,"Aug 17, 2026","Dec 11, 2026",Haley Center,3195
14479,ECON 2030,8:00 am,8:50 am,MWF,"Aug 17, 2026","Dec 11, 2026",Lowder Hall,125A
14483,ECON 2037,12:30 pm,1:45 pm,TR,"Aug 17, 2026","Dec 11, 2026",Miller Hall,207
14484,ECON 3020,9:00 am,9:50 am,MWF,"Aug 17, 2026","Dec 11, 2026",Miller Hall,207
14486,ECON 3020,12:00 pm,12:50 pm,MWF,"Aug 17, 2026","Dec 11, 2026",Miller Hall,230
14487,ECON 3020,12:30 pm,1:45 pm,TR,"Aug 17, 2026","Dec 11, 2026",Lowder Hall,15
14488,ECON 3030,12:30 pm,1:45 pm,TR,"Aug 17, 2026","Dec 11, 2026",Miller Hall,230
14489,ECON 3100,11:00 am,12:15 pm,TR,"Aug 17, 2026","Dec 11, 2026",Miller Hall,230
14490,ECON 3200,3:00 pm,3:50 pm,MWF,"Aug 17, 2026","Dec 11, 2026",Miller Hall,207
14492,ECON 3600,1:00 pm,1:50 pm,MWF,"Aug 17, 2026","Dec 11, 2026",Miller Hall,230
14493,ECON 4000,11:00 am,12:15 pm,TR,"Aug 17, 2026","Dec 11, 2026",Miller Hall,207
14494,ECON 4300,2:00 pm,3:15 pm,TR,"Aug 17, 2026","Dec 11, 2026",Miller Hall,230
14495,ECON 4600,3:00 pm,3:50 pm,M,"Aug 17, 2026","Dec 11, 2026",Miller Hall,223
14495,ECON 4600,2:00 pm,3:15 pm,TR,"Aug 17, 2026","Dec 11, 2026",Miller Hall,207
14496,ECON 5020,9:30 am,10:45 am,TR,"Aug 17, 2026","Dec 11, 2026",Haley Center,3187
14497,ECON 6020,9:30 am,10:45 am,TR,"Aug 17, 2026","Dec 11, 2026",Haley Center,3187
14498,ECON 7110,11:00 am,12:15 pm,TR,"Aug 17, 2026","Dec 11, 2026",Miller Hall,223
14499,ECON 7130,1:30 pm,2:45 pm,WF,"Aug 17, 2026","Dec 11, 2026",Miller Hall,223
14500,ECON 7210,12:30 pm,1:45 pm,TR,"Aug 17, 2026","Dec 11, 2026",Haley Center,3187
14501,ECON 7310,3:30 pm,4:45 pm,TR,"Aug 17, 2026","Dec 11, 2026",Miller Hall,223
14502,ECON 7330,9:30 am,10:45 am,TR,"Aug 17, 2026","Dec 11, 2026",Miller Hall,230
14503,ECON 7340,3:30 pm,4:45 pm,TR,"Aug 17, 2026","Dec 11, 2026",Lowder Hall,127
14510,ECON 8990,3:00 pm,4:45 pm,F,"Aug 17, 2026","Dec 11, 2026",Miller Hall,230
10539,ERMA 2400,9:30 am,10:45 am,TR,"Aug 17, 2026","Dec 11, 2026",College of Education Bldg,2111
10541,ERMA 2400,2:00 pm,3:15 pm,TR,"Aug 17, 2026","Dec 11, 2026",College of Education Bldg,2111
10540,ERMA 2400,11:00 am,11:50 am,MWF,"Aug 17, 2026","Dec 11, 2026",College of Education Bldg,2242
10542,ERMA 7200,5:00 pm,7:50 pm,R,"Aug 17, 2026","Dec 11, 2026",College of Education Bldg,1424
10544,ERMA 7200,12:00 pm,2:50 pm,M,"Aug 17, 2026","Dec 11, 2026",College of Education Bldg,1123
10545,ERMA 7200,4:00 pm,6:50 pm,M,"Aug 17, 2026","Dec 11, 2026",College of Education Bldg,1123
10549,ERMA 7210,5:00 pm,7:50 pm,T,"Aug 17, 2026","Dec 11, 2026",College of Education Bldg,2128
10551,ERMA 7220,5:00 pm,7:50 pm,T,"Aug 17, 2026","Dec 11, 2026",College of Education Bldg,2130
10553,ERMA 7230,5:00 pm,7:50 pm,R,"Aug 17, 2026","Dec 11, 2026",College of Education Bldg,1121
10555,ERMA 7300,12:00 pm,2:50 pm,W,"Aug 17, 2026","Dec 11, 2026",College of Education Bldg,2109
10556,ERMA 7300,5:00 pm,7:50 pm,W,"Aug 17, 2026","Dec 11, 2026",College of Education Bldg,2109
10559,ERMA 7310,5:00 pm,7:50 pm,T,"Aug 17, 2026","Dec 11, 2026",College of Education Bldg,2109
10563,ERMA 8100,5:00 pm,7:50 pm,W,"Aug 17, 2026","Dec 11, 2026",College of Education Bldg,1121
10564,ERMA 8100,5:00 pm,7:50 pm,W,"Aug 17, 2026","Dec 11, 2026",College of Education Bldg,1121
10565,ERMA 8320,5:00 pm,7:50 pm,M,"Aug 17, 2026","Dec 11, 2026",College of Education Bldg,2109
10514,EDMD 2000,11:00 am,12:15 pm,TR,"Aug 17, 2026","Dec 11, 2026",College of Education Bldg,2242
10515,EDMD 2000,12:30 pm,1:45 pm,TR,"Aug 17, 2026","Dec 11, 2026",College of Education Bldg,1102
10516,EDMD 2100,5:00 pm,7:50 pm,R,"Aug 17, 2026","Dec 11, 2026",Haley Center,3242
10521,EDMD 3300,8:00 am,9:15 am,TR,"Aug 17, 2026","Dec 11, 2026",College of Education Bldg,1102
10522,EDMD 7210,5:00 pm,7:50 pm,T,"Aug 17, 2026","Dec 11, 2026",College of Education Bldg,2108
10524,EDMD 7300,5:00 pm,7:50 pm,M,"Aug 17, 2026","Dec 11, 2026",College of Education Bldg,1102
16789,ELEC 2110,9:00 am,9:50 am,MWF,"Aug 17, 2026","Dec 11, 2026",Broun Hall,239
16790,ELEC 2110,9:00 am,9:50 am,MWF,"Aug 17, 2026","Dec 11, 2026",Broun Hall,239
16791,ELEC 2110,9:00 am,9:50 am,MWF,"Aug 17, 2026","Dec 11, 2026",Broun Hall,239
16791,ELEC 2110,11:30 am,2:20 pm,R,"Aug 17, 2026","Dec 11, 2026",Broun Hall,266
16792,ELEC 2110,9:00 am,9:50 am,MWF,"Aug 17, 2026","Dec 11, 2026",Broun Hall,239
16793,ELEC 2110,9:00 am,9:50 am,MWF,"Aug 17, 2026","Dec 11, 2026",Broun Hall,239
16793,ELEC 2110,8:00 am,10:50 am,R,"Aug 17, 2026","Dec 11, 2026",Broun Hall,266
16794,ELEC 2110,9:00 am,9:50 am,MWF,"Aug 17, 2026","Dec 11, 2026",Broun Hall,239
16795,ELEC 2110,9:00 am,9:50 am,MWF,"Aug 17, 2026","Dec 11, 2026",Broun Hall,239
16795,ELEC 2110,12:00 pm,2:50 pm,F,"Aug 17, 2026","Dec 11, 2026",Broun Hall,266
16796,ELEC 2110,9:00 am,9:50 am,MWF,"Aug 17, 2026","Dec 11, 2026",Broun Hall,239
16797,ELEC 2120,10:00 am,10:50 am,MWF,"Aug 17, 2026","Dec 11, 2026",Broun Hall,238
16798,ELEC 2120,10:00 am,10:50 am,MWF,"Aug 17, 2026","Dec 11, 2026",Broun Hall,238
16799,ELEC 2120,10:00 am,10:50 am,MWF,"Aug 17, 2026","Dec 11, 2026",Broun Hall,238
16800,ELEC 2120,10:00 am,10:50 am,MWF,"Aug 17, 2026","Dec 11, 2026",Broun Hall,238
16801,ELEC 2120,10:00 am,10:50 am,MWF,"Aug 17, 2026","Dec 11, 2026",Broun Hall,238
16802,ELEC 2120,10:00 am,10:50 am,MWF,"Aug 17, 2026","Dec 11, 2026",Broun Hall,238
16803,ELEC 2120,10:00 am,10:50 am,MWF,"Aug 17, 2026","Dec 11, 2026",Broun Hall,238
16803,ELEC 2120,8:00 am,10:50 am,T,"Aug 17, 2026","Dec 11, 2026",Broun Hall,358
16804,ELEC 2120,10:00 am,10:50 am,MWF,"Aug 17, 2026","Dec 11, 2026",Broun Hall,238
16804,ELEC 2120,3:00 pm,5:50 pm,R,"Aug 17, 2026","Dec 11, 2026",Broun Hall,358
16805,ELEC 2200,11:00 am,12:15 pm,TR,"Aug 17, 2026","Dec 11, 2026",Broun Hall,239
16806,ELEC 2200,2:00 pm,2:50 pm,MWF,"Aug 17, 2026","Dec 11, 2026",Broun Hall,238
16807,ELEC 2200,2:00 pm,2:50 pm,MWF,"Aug 17, 2026","Dec 11, 2026",Broun Hall,102
16808,ELEC 2200,11:00 am,12:15 pm,TR,"Aug 17, 2026","Dec 11, 2026",Broun Hall,235
16809,ELEC 2210,9:00 am,9:50 am,MWF,"Aug 17, 2026","Dec 11, 2026",Broun Hall,238
16810,ELEC 2210,9:00 am,9:50 am,MWF,"Aug 17, 2026","Dec 11, 2026",Broun Hall,238
16811,ELEC 2210,9:00 am,9:50 am,MWF,"Aug 17, 2026","Dec 11, 2026",Broun Hall,238
16812,ELEC 2210,9:00 am,9:50 am,MWF,"Aug 17, 2026","Dec 11, 2026",Broun Hall,238
16812,ELEC 2210,8:00 am,10:50 am,R,"Aug 17, 2026","Dec 11, 2026",Broun Hall,264
16813,ELEC 2210,9:00 am,9:50 am,MWF,"Aug 17, 2026","Dec 11, 2026",Broun Hall,238
16814,ELEC 2210,9:00 am,9:50 am,MWF,"Aug 17, 2026","Dec 11, 2026",Broun Hall,238
16815,ELEC 2210,9:00 am,9:50 am,MWF,"Aug 17, 2026","Dec 11, 2026",Broun Hall,238
16815,ELEC 2210,1:00 pm,3:50 pm,F,"Aug 17, 2026","Dec 11, 2026",Broun Hall,264
16816,ELEC 2210,9:00 am,9:50 am,MWF,"Aug 17, 2026","Dec 11, 2026",Broun Hall,238
16816,ELEC 2210,8:00 am,10:50 am,T,"Aug 17, 2026","Dec 11, 2026",Broun Hall,264
16817,ELEC 2220,11:00 am,11:50 am,MWF,"Aug 17, 2026","Dec 11, 2026",Broun Hall,238
16818,ELEC 3030,3:00 pm,3:50 pm,M,"Aug 17, 2026","Dec 11, 2026",Broun Hall,238
16818,ELEC 3030,8:00 am,9:50 am,R,"Aug 17, 2026","Dec 11, 2026",Broun Hall,361
16819,ELEC 3030,3:00 pm,3:50 pm,M,"Aug 17, 2026","Dec 11, 2026",Broun Hall,238
16819,ELEC 3030,8:00 am,9:50 am,T,"Aug 17, 2026","Dec 11, 2026",Broun Hall,361
16820,ELEC 3030,3:00 pm,3:50 pm,M,"Aug 17, 2026","Dec 11, 2026",Broun Hall,238
16820,ELEC 3030,3:30 pm,5:20 pm,R,"Aug 17, 2026","Dec 11, 2026",Broun Hall,361
16821,ELEC 3030,3:00 pm,3:50 pm,M,"Aug 17, 2026","Dec 11, 2026",Broun Hall,238
16821,ELEC 3030,1:00 pm,2:50 pm,R,"Aug 17, 2026","Dec 11, 2026",Broun Hall,361
16822,ELEC 3030,3:00 pm,3:50 pm,M,"Aug 17, 2026","Dec 11, 2026",Broun Hall,238
16822,ELEC 3030,1:00 pm,2:50 pm,T,"Aug 17, 2026","Dec 11, 2026",Broun Hall,361
16823,ELEC 3030,3:00 pm,3:50 pm,M,"Aug 17, 2026","Dec 11, 2026",Broun Hall,238
16823,ELEC 3030,1:00 pm,2:50 pm,F,"Aug 17, 2026","Dec 11, 2026",Broun Hall,361
16825,ELEC 3040,4:00 pm,6:50 pm,W,"Aug 17, 2026","Dec 11, 2026",Broun Hall,320
16830,ELEC 3040,1:00 pm,3:50 pm,F,"Aug 17, 2026","Dec 11, 2026",Broun Hall,320
16831,ELEC 3050,3:30 pm,6:20 pm,R,"Aug 17, 2026","Dec 11, 2026",Broun Hall,320
16832,ELEC 3050,4:00 pm,6:50 pm,W,"Aug 17, 2026","Dec 11, 2026",Broun Hall,320
16837,ELEC 3050,1:00 pm,3:50 pm,F,"Aug 17, 2026","Dec 11, 2026",Broun Hall,320
16839,ELEC 3310,12:00 pm,12:50 pm,MWF,"Aug 17, 2026","Dec 11, 2026",Broun Hall,239
16840,ELEC 3320,12:00 pm,12:50 pm,MWF,"Aug 17, 2026","Dec 11, 2026",Broun Hall,125
16841,ELEC 3400,11:00 am,12:15 pm,TR,"Aug 17, 2026","Dec 11, 2026",Brown-Kopel Engineering Bldg,2117
16842,ELEC 3500,9:00 am,9:50 am,MWF,"Aug 17, 2026","Dec 11, 2026",Broun Hall,125
16843,ELEC 3600,8:00 am,8:50 am,MWF,"Aug 17, 2026","Dec 11, 2026",Broun Hall,239
16844,ELEC 3700,10:00 am,10:50 am,MWF,"Aug 17, 2026","Dec 11, 2026",Broun Hall,239
16845,ELEC 3800,11:00 am,12:15 pm,TR,"Aug 17, 2026","Dec 11, 2026",Broun Hall,125
16846,ELEC 3810,8:00 am,8:50 am,MWF,"Aug 17, 2026","Dec 11, 2026",Broun Hall,238
16847,ELEC 3810,12:30 pm,1:45 pm,TR,"Aug 17, 2026","Dec 11, 2026",Broun Hall,238
16848,ELEC 3810,1:00 pm,1:50 pm,MWF,"Aug 17, 2026","Dec 11, 2026",Broun Hall,238
16849,ELEC 4010,2:00 pm,2:50 pm,M,"Aug 17, 2026","Dec 11, 2026",Broun Hall,239
16850,ELEC 4020,2:00 pm,4:50 pm,W,"Aug 17, 2026","Dec 11, 2026",Broun Hall,235
16851,ELEC 4020,2:00 pm,4:50 pm,W,"Aug 17, 2026","Dec 11, 2026",Broun Hall,125
16852,ELEC 4200,12:00 pm,12:50 pm,WF,"Aug 17, 2026","Dec 11, 2026",Broun Hall,102
16854,ELEC 5120,2:00 pm,3:15 pm,TR,"Aug 17, 2026","Dec 11, 2026",Broun Hall,107
16856,ELEC 5200,12:00 pm,12:50 pm,MWF,"Aug 17, 2026","Dec 11, 2026",Broun Hall,235
16857,ELEC 5210,10:00 am,10:50 am,MWF,"Aug 17, 2026","Dec 11, 2026",Broun Hall,306
16858,ELEC 5220,12:30 pm,1:45 pm,TR,"Aug 17, 2026","Dec 11, 2026",Broun Hall,125
16859,ELEC 5250,8:00 am,9:15 am,TR,"Aug 17, 2026","Dec 11, 2026",Broun Hall,107
16860,ELEC 5310,2:00 pm,3:15 pm,TR,"Aug 17, 2026","Dec 11, 2026",Ramsay Hall,200
17922,ELEC 5320,9:30 am,10:45 am,TR,"Aug 17, 2026","Dec 11, 2026",Ramsay Hall,200
16861,ELEC 5410,9:30 am,10:45 am,TR,"Aug 17, 2026","Dec 11, 2026",Ramsay Hall,304B
16862,ELEC 5470,2:00 pm,3:15 pm,TR,"Aug 17, 2026","Dec 11, 2026",Broun Hall,235
16864,ELEC 5610,9:00 am,9:50 am,MWF,"Aug 17, 2026","Dec 11, 2026",Shelby Center,1122
17905,ELEC 5620,9:30 am,10:45 am,TR,"Aug 17, 2026","Dec 11, 2026",Ramsay Hall,304A
17892,ELEC 5690,12:00 pm,12:50 pm,MWF,"Aug 17, 2026","Dec 11, 2026",Shelby Center,1122
16866,ELEC 5730,10:00 am,10:50 am,MWF,"Aug 17, 2026","Dec 11, 2026",Broun Hall,235
17920,ELEC 5970,1:00 pm,1:50 pm,MWF,"Aug 17, 2026","Dec 11, 2026",Broun Hall,235
16869,ELEC 6120,2:00 pm,3:15 pm,TR,"Aug 17, 2026","Dec 11, 2026",Broun Hall,107
16873,ELEC 6210,10:00 am,10:50 am,MWF,"Aug 17, 2026","Dec 11, 2026",Broun Hall,306
16877,ELEC 6250,8:00 am,9:15 am,TR,"Aug 17, 2026","Dec 11, 2026",Broun Hall,107
16879,ELEC 6310,2:00 pm,3:15 pm,TR,"Aug 17, 2026","Dec 11, 2026",Ramsay Hall,200
16880,ELEC 6310,2:00 pm,3:15 pm,TR,"Aug 17, 2026","Dec 11, 2026",Ramsay Hall,200
17923,ELEC 6320,9:30 am,10:45 am,TR,"Aug 17, 2026","Dec 11, 2026",Ramsay Hall,200
17924,ELEC 6320,9:30 am,10:45 am,TR,"Aug 17, 2026","Dec 11, 2026",Ramsay Hall,200
16881,ELEC 6410,9:30 am,10:45 am,TR,"Aug 17, 2026","Dec 11, 2026",Ramsay Hall,304B
17908,ELEC 6470,2:00 pm,3:15 pm,TR,"Aug 17, 2026","Dec 11, 2026",Broun Hall,235
16885,ELEC 6610,9:00 am,9:50 am,MWF,"Aug 17, 2026","Dec 11, 2026",Shelby Center,1122
16886,ELEC 6610,9:00 am,9:50 am,MWF,"Aug 17, 2026","Dec 11, 2026",Shelby Center,1122
17906,ELEC 6620,9:30 am,10:45 am,TR,"Aug 17, 2026","Dec 11, 2026",Ramsay Hall,304A
17907,ELEC 6620,9:30 am,10:45 am,TR,"Aug 17, 2026","Dec 11, 2026",Ramsay Hall,304A
17925,ELEC 6690,12:00 pm,12:50 pm,MWF,"Aug 17, 2026","Dec 11, 2026",Shelby Center,1122
17926,ELEC 6690,12:00 pm,12:50 pm,MWF,"Aug 17, 2026","Dec 11, 2026",Shelby Center,1122
16889,ELEC 6730,10:00 am,10:50 am,MWF,"Aug 17, 2026","Dec 11, 2026",Broun Hall,235
17921,ELEC 6970,1:00 pm,1:50 pm,MWF,"Aug 17, 2026","Dec 11, 2026",Broun Hall,235
17899,ELEC 7310,2:00 pm,3:15 pm,TR,"Aug 17, 2026","Dec 11, 2026",Ramsay Hall,304B
16893,ELEC 7410,9:30 am,10:45 am,TR,"Aug 17, 2026","Dec 11, 2026",Broun Hall,306
16894,ELEC 7500,11:00 am,11:50 am,MWF,"Aug 17, 2026","Dec 11, 2026",Broun Hall,235
18074,ELEC 7630,12:30 pm,1:45 pm,TR,"Aug 17, 2026","Dec 11, 2026",Broun Hall,306
18075,ELEC 7630,12:30 pm,1:45 pm,TR,"Aug 17, 2026","Dec 11, 2026",Broun Hall,306
17952,ELEC 8710,3:30 pm,4:45 pm,TR,"Aug 17, 2026","Dec 11, 2026",Broun Hall,235
17953,ELEC 8710,3:30 pm,4:45 pm,TR,"Aug 17, 2026","Dec 11, 2026",Ramsay Hall,201
16285,CTEE 3040,9:30 am,10:45 am,TR,"Aug 17, 2026","Dec 11, 2026",College of Education Bldg,1121
16286,CTEE 3040,8:00 am,9:15 am,TR,"Aug 17, 2026","Dec 11, 2026",College of Education Bldg,2108
16289,CTEE 3100,12:30 pm,1:45 pm,TR,"Aug 17, 2026","Dec 11, 2026",College of Education Bldg,2108
16290,CTEE 3100,2:00 pm,3:15 pm,TR,"Aug 17, 2026","Dec 11, 2026",College of Education Bldg,2108
17772,CTEE 4000,12:30 pm,1:45 pm,TR,"Aug 17, 2026","Dec 11, 2026",College of Education Bldg,2118
16294,CTEE 4020,8:00 am,8:50 am,MWF,"Aug 17, 2026","Dec 11, 2026",College of Education Bldg,2118
17767,CTEE 4020,8:00 am,8:50 am,MWF,"Aug 17, 2026","Dec 11, 2026",College of Education Bldg,2114
16296,CTEE 4030,10:00 am,10:50 am,MWF,"Aug 17, 2026","Dec 11, 2026",College of Education Bldg,2118
16297,CTEE 4030,10:00 am,10:50 am,MWF,"Aug 17, 2026","Dec 11, 2026",College of Education Bldg,2114
16300,CTEE 4040,9:00 am,9:50 am,MWF,"Aug 17, 2026","Dec 11, 2026",College of Education Bldg,2118
17769,CTEE 4190,8:00 am,9:15 am,TR,"Aug 17, 2026","Dec 11, 2026",College of Education Bldg,2118
18248,ENGR 1050,8:00 am,8:50 am,MW,"Aug 17, 2026","Dec 11, 2026",Charles E Davis Aerospace Hall,256
18248,ENGR 1050,3:30 pm,4:45 pm,R,"Aug 17, 2026","Dec 11, 2026",Charles E Davis Aerospace Hall,256
18519,ENGR 1060,10:00 am,10:50 am,T,"Aug 17, 2026","Dec 11, 2026",Broun Hall,238
18519,ENGR 1060,2:00 pm,4:00 pm,W,"Aug 17, 2026","Dec 11, 2026",Charles E Davis Aerospace Hall,254
18408,ENGR 1067,10:00 am,10:50 am,T,"Aug 17, 2026","Dec 11, 2026",Broun Hall,238
18408,ENGR 1067,2:00 pm,4:00 pm,W,"Aug 17, 2026","Dec 11, 2026",Charles E Davis Aerospace Hall,254
17030,ENGR 1100,12:30 pm,1:20 pm,T,"Aug 17, 2026","Dec 11, 2026",Foy Hall,258
17031,ENGR 1100,8:00 am,8:50 am,R,"Aug 17, 2026","Dec 11, 2026",Foy Hall,258
17033,ENGR 1100,3:30 pm,4:20 pm,T,"Aug 17, 2026","Dec 11, 2026",Haley Center,1403
17034,ENGR 1100,4:00 pm,4:50 pm,W,"Aug 17, 2026","Dec 11, 2026",Brown-Kopel Engineering Bldg,2117
17037,ENGR 1110,2:00 pm,2:50 pm,M,"Aug 17, 2026","Dec 11, 2026",Brown-Kopel Engineering Bldg,2133
17037,ENGR 1110,11:00 am,12:15 pm,TR,"Aug 17, 2026","Dec 11, 2026",Harbert Center,216
17038,ENGR 1110,2:00 pm,2:50 pm,M,"Aug 17, 2026","Dec 11, 2026",Brown-Kopel Engineering Bldg,2133
17038,ENGR 1110,9:30 am,10:45 am,TR,"Aug 17, 2026","Dec 11, 2026",Harbert Center,216
17042,ENGR 1110,12:30 pm,1:20 pm,T,"Aug 17, 2026","Dec 11, 2026",Broun Hall,239
17043,ENGR 1110,12:30 pm,1:20 pm,T,"Aug 17, 2026","Dec 11, 2026",Broun Hall,239
17044,ENGR 1110,12:30 pm,1:20 pm,T,"Aug 17, 2026","Dec 11, 2026",Broun Hall,239
17045,ENGR 1110,12:30 pm,1:20 pm,T,"Aug 17, 2026","Dec 11, 2026",Broun Hall,239
17046,ENGR 1110,12:30 pm,1:20 pm,T,"Aug 17, 2026","Dec 11, 2026",Broun Hall,239
17055,ENGR 1110,2:00 pm,2:50 pm,W,"Aug 17, 2026","Dec 11, 2026",Broun Hall,239
17057,ENGR 1110,1:00 pm,1:50 pm,M,"Aug 17, 2026","Dec 11, 2026",Charles E Davis Aerospace Hall,155
17058,ENGR 1110,1:00 pm,1:50 pm,M,"Aug 17, 2026","Dec 11, 2026",Charles E Davis Aerospace Hall,155
17058,ENGR 1110,1:00 pm,2:50 pm,W,"Aug 17, 2026","Dec 11, 2026",Wilmore Labs,177 B
17059,ENGR 1110,1:00 pm,1:50 pm,M,"Aug 17, 2026","Dec 11, 2026",Charles E Davis Aerospace Hall,155
17059,ENGR 1110,3:00 pm,4:50 pm,W,"Aug 17, 2026","Dec 11, 2026",Wilmore Labs,177 B
17063,ENGR 1110,8:00 am,8:50 am,M,"Aug 17, 2026","Dec 11, 2026",Foy Hall,258
17064,ENGR 1110,11:00 am,11:50 am,MWF,"Aug 17, 2026","Dec 11, 2026",Shelby Center,2129
17064,ENGR 1110,8:00 am,8:50 am,M,"Aug 17, 2026","Dec 11, 2026",Foy Hall,258
17066,ENGR 1110,2:00 pm,2:50 pm,M,"Aug 17, 2026","Dec 11, 2026",Brown-Kopel Engineering Bldg,2133
17066,ENGR 1110,8:00 am,9:15 am,TR,"Aug 17, 2026","Dec 11, 2026",Harbert Center,216
17067,ENGR 1110,12:30 pm,1:20 pm,T,"Aug 17, 2026","Dec 11, 2026",Broun Hall,239
17068,ENGR 1110,12:30 pm,1:20 pm,T,"Aug 17, 2026","Dec 11, 2026",Broun Hall,239
17074,ENGR 1110,9:00 am,9:50 am,M,"Aug 17, 2026","Dec 11, 2026",Charles E Davis Aerospace Hall,256
17074,ENGR 1110,11:00 am,12:15 pm,TR,"Aug 17, 2026","Dec 11, 2026",Charles E Davis Aerospace Hall,355
17076,ENGR 1110,3:00 pm,3:50 pm,M,"Aug 17, 2026","Dec 11, 2026",Ross Hall,136
17076,ENGR 1110,2:00 pm,3:15 pm,TR,"Aug 17, 2026","Dec 11, 2026",Harbert Center,216
18245,ENGR 1110,11:00 am,11:50 am,M,"Aug 17, 2026","Dec 11, 2026",Charles E Davis Aerospace Hall,354
18245,ENGR 1110,2:00 pm,4:20 pm,T,"Aug 17, 2026","Dec 11, 2026",Charles E Davis Aerospace Hall,358
18247,ENGR 1110,3:00 pm,3:50 pm,M,"Aug 17, 2026","Dec 11, 2026",Ross Hall,136
18247,ENGR 1110,12:30 pm,1:45 pm,TR,"Aug 17, 2026","Dec 11, 2026",Harbert Center,216
17079,ENGR 1110,11:00 am,11:50 am,T,"Aug 17, 2026","Dec 11, 2026",Academic Classroom/Lab Complex,170A
17079,ENGR 1110,3:30 pm,6:20 pm,R,"Aug 17, 2026","Dec 11, 2026",Corley Hall,314
17080,ENGR 2010,9:00 am,9:50 am,MWF,"Aug 17, 2026","Dec 11, 2026",Charles E Davis Aerospace Hall,155
17081,ENGR 2010,9:30 am,10:45 am,TR,"Aug 17, 2026","Dec 11, 2026",Shelby Center,1126
17082,ENGR 2010,9:30 am,10:45 am,TR,"Aug 17, 2026","Dec 11, 2026",Ross Hall,136
17083,ENGR 2010,9:00 am,9:50 am,MWF,"Aug 17, 2026","Dec 11, 2026",Shelby Center,1120
17085,ENGR 2050,8:00 am,8:50 am,MWF,"Aug 17, 2026","Dec 11, 2026",Charles E Davis Aerospace Hall,255
17087,ENGR 2050,10:00 am,10:50 am,MWF,"Aug 17, 2026","Dec 11, 2026",Brown-Kopel Engineering Bldg,2133
17088,ENGR 2050,11:00 am,11:50 am,MWF,"Aug 17, 2026","Dec 11, 2026",Charles E Davis Aerospace Hall,254
18068,ENGR 2050,12:00 pm,12:50 pm,MWF,"Aug 17, 2026","Dec 11, 2026",Charles E Davis Aerospace Hall,255
17089,ENGR 2050,1:00 pm,1:50 pm,MWF,"Aug 17, 2026","Dec 11, 2026",Charles E Davis Aerospace Hall,255
17090,ENGR 2070,11:00 am,11:50 am,MWF,"Aug 17, 2026","Dec 11, 2026",Brown-Kopel Engineering Bldg,2133
18067,ENGR 2070,11:00 am,11:50 am,MWF,"Aug 17, 2026","Dec 11, 2026",Brown-Kopel Engineering Bldg,2133
18067,ENGR 2070,2:00 pm,2:50 pm,W,"Aug 17, 2026","Dec 11, 2026",Charles E Davis Aerospace Hall,354
17092,ENGR 2070,1:00 pm,1:50 pm,MWF,"Aug 17, 2026","Dec 11, 2026",Brown-Kopel Engineering Bldg,2133
17091,ENGR 2070,1:00 pm,1:50 pm,MWF,"Aug 17, 2026","Dec 11, 2026",Brown-Kopel Engineering Bldg,2133
17093,ENGR 2070,12:00 pm,12:50 pm,MWF,"Aug 17, 2026","Dec 11, 2026",Mell Street Classroom Bldg,4550
17094,ENGR 2070,12:00 pm,12:50 pm,MWF,"Aug 17, 2026","Dec 11, 2026",Mell Street Classroom Bldg,4550
17095,ENGR 2100,12:00 pm,12:50 pm,MWF,"Aug 17, 2026","Dec 11, 2026",Ross Hall,136
17096,ENGR 2200,8:00 am,8:50 am,MWF,"Aug 17, 2026","Dec 11, 2026",Ross Hall,136
17098,ENGR 2350,9:00 am,9:50 am,MWF,"Aug 17, 2026","Dec 11, 2026",Mell Street Classroom Bldg,4550
17099,ENGR 2350,10:00 am,10:50 am,MWF,"Aug 17, 2026","Dec 11, 2026",Mell Street Classroom Bldg,4550
17100,ENGR 2700,3:00 pm,3:50 pm,M,"Aug 17, 2026","Dec 11, 2026",Shelby Center,1126
17101,ENGR 3500,3:30 pm,5:15 pm,TR,"Aug 17, 2026","Dec 11, 2026",Broun Hall,239
17106,ENGR 4710,3:30 pm,4:20 pm,T,"Aug 17, 2026","Dec 11, 2026",Shelby Center,1124
17106,ENGR 4710,3:30 pm,5:10 pm,R,"Aug 17, 2026","Dec 11, 2026",Shelby Center,1124
17107,ENGR 5500,4:00 pm,5:40 pm,MW,"Aug 17, 2026","Dec 11, 2026",Lowder Hall,14
16447,ENGL 1100,8:00 am,8:50 am,MWF,"Aug 17, 2026","Dec 11, 2026",Haley Center,2222
16449,ENGL 1100,8:00 am,8:50 am,MWF,"Aug 17, 2026","Dec 11, 2026",Haley Center,3242
16450,ENGL 1100,8:00 am,8:50 am,MWF,"Aug 17, 2026","Dec 11, 2026",Haley Center,3224
16452,ENGL 1100,8:00 am,9:15 am,TR,"Aug 17, 2026","Dec 11, 2026",Haley Center,2468
16454,ENGL 1100,8:00 am,9:15 am,TR,"Aug 17, 2026","Dec 11, 2026",Haley Center,3150
16455,ENGL 1100,9:00 am,9:50 am,MWF,"Aug 17, 2026","Dec 11, 2026",Haley Center,2346
16456,ENGL 1100,8:00 am,9:15 am,TR,"Aug 17, 2026","Dec 11, 2026",Haley Center,3204
16457,ENGL 1100,9:00 am,9:50 am,MWF,"Aug 17, 2026","Dec 11, 2026",Haley Center,2116
16459,ENGL 1100,9:00 am,9:50 am,MWF,"Aug 17, 2026","Dec 11, 2026",Haley Center,3353
16460,ENGL 1100,9:00 am,9:50 am,MWF,"Aug 17, 2026","Dec 11, 2026",Haley Center,3218
16462,ENGL 1100,9:00 am,9:50 am,MWF,"Aug 17, 2026","Dec 11, 2026",Haley Center,2222
16463,ENGL 1100,10:00 am,10:50 am,MWF,"Aug 17, 2026","Dec 11, 2026",Haley Center,2224
16464,ENGL 1100,10:00 am,10:50 am,MWF,"Aug 17, 2026","Dec 11, 2026",Haley Center,3218
16465,ENGL 1100,10:00 am,10:50 am,MWF,"Aug 17, 2026","Dec 11, 2026",Haley Center,2346
16466,ENGL 1100,10:00 am,10:50 am,MWF,"Aug 17, 2026","Dec 11, 2026",Broun Hall,107
16467,ENGL 1100,10:00 am,10:50 am,MWF,"Aug 17, 2026","Dec 11, 2026",Haley Center,2222
16469,ENGL 1100,11:00 am,11:50 am,MWF,"Aug 17, 2026","Dec 11, 2026",Haley Center,2116
16470,ENGL 1100,11:00 am,11:50 am,MWF,"Aug 17, 2026","Dec 11, 2026",Haley Center,3345
16471,ENGL 1100,11:00 am,11:50 am,MWF,"Aug 17, 2026","Dec 11, 2026",Haley Center,3238
16472,ENGL 1100,11:00 am,11:50 am,MWF,"Aug 17, 2026","Dec 11, 2026",Haley Center,3218
16474,ENGL 1100,9:30 am,10:45 am,TR,"Aug 17, 2026","Dec 11, 2026",Haley Center,3328
16475,ENGL 1100,11:00 am,12:15 pm,TR,"Aug 17, 2026","Dec 11, 2026",Haley Center,2324
16477,ENGL 1100,8:00 am,9:15 am,TR,"Aug 17, 2026","Dec 11, 2026",Haley Center,2226
16478,ENGL 1100,11:00 am,12:15 pm,TR,"Aug 17, 2026","Dec 11, 2026",Haley Center,3034
16479,ENGL 1100,11:00 am,12:15 pm,TR,"Aug 17, 2026","Dec 11, 2026",Haley Center,3334
16480,ENGL 1100,11:00 am,12:15 pm,TR,"Aug 17, 2026","Dec 11, 2026",Haley Center,2346
16483,ENGL 1100,12:00 pm,12:50 pm,MWF,"Aug 17, 2026","Dec 11, 2026",Haley Center,3034
16484,ENGL 1100,12:00 pm,12:50 pm,MWF,"Aug 17, 2026","Dec 11, 2026",Haley Center,2212
16485,ENGL 1100,12:30 pm,1:45 pm,TR,"Aug 17, 2026","Dec 11, 2026",Haley Center,2346
16486,ENGL 1100,12:00 pm,12:50 pm,MWF,"Aug 17, 2026","Dec 11, 2026",Haley Center,3104
16487,ENGL 1100,12:00 pm,12:50 pm,MWF,"Aug 17, 2026","Dec 11, 2026",Haley Center,3309
16488,ENGL 1100,8:00 am,9:15 am,TR,"Aug 17, 2026","Dec 11, 2026",Haley Center,2228
16489,ENGL 1100,12:30 pm,1:45 pm,TR,"Aug 17, 2026","Dec 11, 2026",Haley Center,3203
16491,ENGL 1100,8:00 am,9:15 am,TR,"Aug 17, 2026","Dec 11, 2026",Haley Center,2332
16493,ENGL 1100,2:00 pm,3:15 pm,TR,"Aug 17, 2026","Dec 11, 2026",Haley Center,3204
16495,ENGL 1100,9:00 am,9:50 am,MWF,"Aug 17, 2026","Dec 11, 2026",Haley Center,2312
16496,ENGL 1100,3:30 pm,4:45 pm,TR,"Aug 17, 2026","Dec 11, 2026",Haley Center,3150
16497,ENGL 1100,11:00 am,11:50 am,MWF,"Aug 17, 2026","Dec 11, 2026",Haley Center,2312
16498,ENGL 1100,2:00 pm,3:15 pm,TR,"Aug 17, 2026","Dec 11, 2026",Haley Center,3218
16502,ENGL 1100,11:00 am,12:15 pm,TR,"Aug 17, 2026","Dec 11, 2026",Haley Center,3345
16504,ENGL 1100,1:00 pm,1:50 pm,MWF,"Aug 17, 2026","Dec 11, 2026",Haley Center,2212
16505,ENGL 1100,9:30 am,10:45 am,TR,"Aug 17, 2026","Dec 11, 2026",Haley Center,3218
16446,ENGL 1100,1:00 pm,1:50 pm,MWF,"Aug 17, 2026","Dec 11, 2026",Haley Center,2346
16468,ENGL 1100,11:00 am,11:50 am,MWF,"Aug 17, 2026","Dec 11, 2026",Draughon Library,4133
16473,ENGL 1100,11:00 am,11:50 am,MWF,"Aug 17, 2026","Dec 11, 2026",Draughon Library,4033
16482,ENGL 1100,12:00 pm,12:50 pm,MWF,"Aug 17, 2026","Dec 11, 2026",Draughon Library,4033
16490,ENGL 1100,1:00 pm,1:50 pm,MWF,"Aug 17, 2026","Dec 11, 2026",Draughon Library,4033
16501,ENGL 1100,2:00 pm,2:50 pm,MWF,"Aug 17, 2026","Dec 11, 2026",Draughon Library,4033
16481,ENGL 1100,2:00 pm,2:50 pm,MWF,"Aug 17, 2026","Dec 11, 2026",Draughon Library,4041
16492,ENGL 1100,2:00 pm,3:15 pm,TR,"Aug 17, 2026","Dec 11, 2026",Draughon Library,4041
16451,ENGL 1100,8:00 am,9:15 am,TR,"Aug 17, 2026","Dec 11, 2026",Haley Center,3328
16461,ENGL 1100,9:30 am,10:45 am,TR,"Aug 17, 2026","Dec 11, 2026",Haley Center,2212
16533,ENGL 1100,9:00 am,9:50 am,MWF,"Aug 17, 2026","Dec 11, 2026",Haley Center,3326
16534,ENGL 1100,9:30 am,10:45 am,TR,"Aug 17, 2026","Dec 11, 2026",Haley Center,2312
16535,ENGL 1100,12:00 pm,12:50 pm,MWF,"Aug 17, 2026","Dec 11, 2026",Draughon Library,4133
16536,ENGL 1100,8:00 am,9:15 am,TR,"Aug 17, 2026","Dec 11, 2026",Draughon Library,4041
16537,ENGL 1100,2:00 pm,3:15 pm,TR,"Aug 17, 2026","Dec 11, 2026",Draughon Library,4027
16538,ENGL 1120,8:00 am,8:50 am,MWF,"Aug 17, 2026","Dec 11, 2026",Haley Center,3332
16592,ENGL 1120,2:00 pm,2:50 pm,MWF,"Aug 17, 2026","Dec 11, 2026",Haley Center,3204
16593,ENGL 1120,12:00 pm,12:50 pm,MWF,"Aug 17, 2026","Dec 11, 2026",Draughon Library,3033
16540,ENGL 1120,8:00 am,9:15 am,TR,"Aug 17, 2026","Dec 11, 2026",Haley Center,3330
16541,ENGL 1120,9:00 am,9:50 am,MWF,"Aug 17, 2026","Dec 11, 2026",Haley Center,2212
16542,ENGL 1120,8:00 am,8:50 am,MWF,"Aug 17, 2026","Dec 11, 2026",Haley Center,3304
16543,ENGL 1120,9:00 am,9:50 am,MWF,"Aug 17, 2026","Dec 11, 2026",Haley Center,3034
16544,ENGL 1120,9:00 am,9:50 am,MWF,"Aug 17, 2026","Dec 11, 2026",Haley Center,3328
16595,ENGL 1120,9:30 am,10:45 am,TR,"Aug 17, 2026","Dec 11, 2026",Haley Center,3353
16594,ENGL 1120,12:30 pm,1:45 pm,TR,"Aug 17, 2026","Dec 11, 2026",Haley Center,2312
16546,ENGL 1120,11:00 am,11:50 am,MWF,"Aug 17, 2026","Dec 11, 2026",Broun Hall,113
16547,ENGL 1120,10:00 am,10:50 am,MWF,"Aug 17, 2026","Dec 11, 2026",Broun Hall,113
16548,ENGL 1120,10:00 am,10:50 am,MWF,"Aug 17, 2026","Dec 11, 2026",Haley Center,3332
16549,ENGL 1120,11:00 am,11:50 am,MWF,"Aug 17, 2026","Dec 11, 2026",Miller Hall,223
16550,ENGL 1120,11:00 am,11:50 am,MWF,"Aug 17, 2026","Dec 11, 2026",Haley Center,2182
16551,ENGL 1120,11:00 am,12:15 pm,TR,"Aug 17, 2026","Dec 11, 2026",Haley Center,2124
16552,ENGL 1120,11:00 am,12:15 pm,TR,"Aug 17, 2026","Dec 11, 2026",Haley Center,2334
16554,ENGL 1120,12:00 pm,12:50 pm,MWF,"Aug 17, 2026","Dec 11, 2026",Haley Center,2124
16555,ENGL 1120,12:30 pm,1:45 pm,TR,"Aug 17, 2026","Dec 11, 2026",Haley Center,3218
16556,ENGL 1120,12:30 pm,1:45 pm,TR,"Aug 17, 2026","Dec 11, 2026",Haley Center,3166
16557,ENGL 1120,12:30 pm,1:45 pm,TR,"Aug 17, 2026","Dec 11, 2026",Haley Center,3124
16558,ENGL 1120,1:00 pm,1:50 pm,MWF,"Aug 17, 2026","Dec 11, 2026",Haley Center,3328
16559,ENGL 1120,2:00 pm,3:15 pm,TR,"Aug 17, 2026","Dec 11, 2026",Haley Center,3324
16561,ENGL 1120,2:00 pm,3:15 pm,TR,"Aug 17, 2026","Dec 11, 2026",Haley Center,3304
16562,ENGL 1120,3:30 pm,4:45 pm,TR,"Aug 17, 2026","Dec 11, 2026",Haley Center,3332
16563,ENGL 1120,8:00 am,8:50 am,MWF,"Aug 17, 2026","Dec 11, 2026",Haley Center,2226
16564,ENGL 1120,12:00 pm,12:50 pm,MWF,"Aug 17, 2026","Dec 11, 2026",Miller Hall,223
16568,ENGL 1120,3:30 pm,4:45 pm,TR,"Aug 17, 2026","Dec 11, 2026",Haley Center,3242
16569,ENGL 1120,2:00 pm,3:15 pm,TR,"Aug 17, 2026","Dec 11, 2026",Haley Center,2346
16573,ENGL 1120,9:00 am,9:50 am,MWF,"Aug 17, 2026","Dec 11, 2026",Haley Center,2124
16574,ENGL 1120,10:00 am,10:50 am,MWF,"Aug 17, 2026","Dec 11, 2026",Haley Center,3187
16596,ENGL 1120,9:00 am,9:50 am,MWF,"Aug 17, 2026","Dec 11, 2026",Haley Center,3224
16597,ENGL 1120,10:00 am,10:50 am,MWF,"Aug 17, 2026","Dec 11, 2026",Haley Center,2116
16598,ENGL 1120,12:30 pm,1:45 pm,TR,"Aug 17, 2026","Dec 11, 2026",Haley Center,3220
16599,ENGL 1120,2:00 pm,3:15 pm,TR,"Aug 17, 2026","Dec 11, 2026",Haley Center,2206
16600,ENGL 1120,12:00 pm,12:50 pm,MWF,"Aug 17, 2026","Dec 11, 2026",Haley Center,2468
16601,ENGL 1127,9:30 am,10:45 am,TR,"Aug 17, 2026","Dec 11, 2026",Draughon Library,4133
16602,ENGL 1127,9:30 am,10:45 am,TR,"Aug 17, 2026","Dec 11, 2026",Haley Center,2306
16603,ENGL 1127,11:00 am,12:15 pm,TR,"Aug 17, 2026","Dec 11, 2026",Haley Center,2222
16605,ENGL 2000,11:00 am,12:15 pm,TR,"Aug 17, 2026","Dec 11, 2026",Haley Center,2228
18206,ENGL 2000,12:30 pm,1:45 pm,TR,"Aug 17, 2026","Dec 11, 2026",Haley Center,3309
18208,ENGL 2000,9:00 am,10:15 am,MW,"Aug 17, 2026","Dec 11, 2026",Haley Center,3184
18209,ENGL 2000,10:30 am,11:45 am,MW,"Aug 17, 2026","Dec 11, 2026",Haley Center,3184
18210,ENGL 2000,1:30 pm,2:45 pm,MW,"Aug 17, 2026","Dec 11, 2026",Haley Center,3150
16608,ENGL 2000,9:30 am,10:45 am,TR,"Aug 17, 2026","Dec 11, 2026",Draughon Library,3127
16604,ENGL 2000,11:00 am,12:15 pm,TR,"Aug 17, 2026","Dec 11, 2026",Draughon Library,3127
16607,ENGL 2000,3:30 pm,4:45 pm,TR,"Aug 17, 2026","Dec 11, 2026",Draughon Library,3041
16610,ENGL 2010,1:30 pm,2:45 pm,MW,"Aug 17, 2026","Dec 11, 2026",Haley Center,2332
16612,ENGL 2020,12:30 pm,1:45 pm,TR,"Aug 17, 2026","Dec 11, 2026",Haley Center,3334
16611,ENGL 2020,2:00 pm,3:15 pm,TR,"Aug 17, 2026","Dec 11, 2026",Haley Center,3184
16629,ENGL 2200,1:00 pm,1:50 pm,MWF,"Aug 17, 2026","Dec 11, 2026",Haley Center,2228
16630,ENGL 2200,11:00 am,11:50 am,MWF,"Aug 17, 2026","Dec 11, 2026",Haley Center,3330
16631,ENGL 2200,12:00 pm,12:50 pm,MWF,"Aug 17, 2026","Dec 11, 2026",Haley Center,3326
16614,ENGL 2200,9:00 am,9:50 am,MW,"Aug 17, 2026","Dec 11, 2026",Haley Center,3195
16614,ENGL 2200,9:00 am,9:50 am,F,"Aug 17, 2026","Dec 11, 2026",Haley Center,3307
16615,ENGL 2200,9:00 am,9:50 am,MW,"Aug 17, 2026","Dec 11, 2026",Haley Center,3195
16615,ENGL 2200,9:00 am,9:50 am,F,"Aug 17, 2026","Dec 11, 2026",Haley Center,3187
16616,ENGL 2200,9:00 am,9:50 am,MW,"Aug 17, 2026","Dec 11, 2026",Haley Center,3195
16616,ENGL 2200,10:00 am,10:50 am,F,"Aug 17, 2026","Dec 11, 2026",Haley Center,2332
16617,ENGL 2200,9:00 am,9:50 am,MW,"Aug 17, 2026","Dec 11, 2026",Haley Center,3195
16617,ENGL 2200,10:00 am,10:50 am,F,"Aug 17, 2026","Dec 11, 2026",Haley Center,2196
16618,ENGL 2200,9:00 am,9:50 am,MW,"Aug 17, 2026","Dec 11, 2026",Haley Center,3195
16618,ENGL 2200,8:00 am,8:50 am,F,"Aug 17, 2026","Dec 11, 2026",Haley Center,3106
16619,ENGL 2200,9:00 am,9:50 am,MW,"Aug 17, 2026","Dec 11, 2026",Haley Center,3195
16619,ENGL 2200,8:00 am,8:50 am,F,"Aug 17, 2026","Dec 11, 2026",Haley Center,3307
16620,ENGL 2200,9:00 am,9:50 am,MW,"Aug 17, 2026","Dec 11, 2026",Haley Center,3195
16620,ENGL 2200,8:00 am,8:50 am,F,"Aug 17, 2026","Dec 11, 2026",Haley Center,3187
16621,ENGL 2200,9:00 am,9:50 am,MW,"Aug 17, 2026","Dec 11, 2026",Haley Center,3195
16621,ENGL 2200,8:00 am,8:50 am,F,"Aug 17, 2026","Dec 11, 2026",Haley Center,3228
16613,ENGL 2200,8:00 am,8:50 am,MWF,"Aug 17, 2026","Dec 11, 2026",Draughon Library,4133
16632,ENGL 2200,9:00 am,9:50 am,MWF,"Aug 17, 2026","Dec 11, 2026",Draughon Library,4133
16634,ENGL 2207,9:00 am,9:50 am,MWF,"Aug 17, 2026","Dec 11, 2026",Draughon Library,4127
16633,ENGL 2207,10:00 am,10:50 am,MWF,"Aug 17, 2026","Dec 11, 2026",Draughon Library,4127
16635,ENGL 2210,12:00 pm,12:50 pm,MWF,"Aug 17, 2026","Dec 11, 2026",Haley Center,3182
16636,ENGL 2210,1:00 pm,1:50 pm,MWF,"Aug 17, 2026","Dec 11, 2026",Haley Center,3326
16649,ENGL 2210,8:00 am,9:15 am,TR,"Aug 17, 2026","Dec 11, 2026",Haley Center,3309
16650,ENGL 2210,9:30 am,10:45 am,TR,"Aug 17, 2026","Dec 11, 2026",Haley Center,3309
16639,ENGL 2210,3:30 pm,4:45 pm,TR,"Aug 17, 2026","Dec 11, 2026",Haley Center,3212
16640,ENGL 2210,11:00 am,12:15 pm,TR,"Aug 17, 2026","Dec 11, 2026",Haley Center,2332
16641,ENGL 2210,2:00 pm,3:15 pm,TR,"Aug 17, 2026","Dec 11, 2026",Haley Center,3220
16642,ENGL 2210,12:30 pm,1:45 pm,TR,"Aug 17, 2026","Dec 11, 2026",Haley Center,3034
16637,ENGL 2210,8:00 am,8:50 am,MWF,"Aug 17, 2026","Dec 11, 2026",Mell Street Classroom Bldg,3510A
16638,ENGL 2210,9:00 am,9:50 am,MWF,"Aug 17, 2026","Dec 11, 2026",Draughon Library,3133
16653,ENGL 2217,11:00 am,11:50 am,MWF,"Aug 17, 2026","Dec 11, 2026",Draughon Library,3133
16654,ENGL 2217,12:00 pm,12:50 pm,MWF,"Aug 17, 2026","Dec 11, 2026",Draughon Library,3133
16661,ENGL 2230,1:00 pm,1:50 pm,MWF,"Aug 17, 2026","Dec 11, 2026",Haley Center,2124
16662,ENGL 2230,12:00 pm,12:50 pm,MW,"Aug 17, 2026","Dec 11, 2026",Haley Center,3195
16662,ENGL 2230,8:00 am,8:50 am,F,"Aug 17, 2026","Dec 11, 2026",Haley Center,2228
16663,ENGL 2230,12:00 pm,12:50 pm,MW,"Aug 17, 2026","Dec 11, 2026",Haley Center,3195
16663,ENGL 2230,11:00 am,11:50 am,F,"Aug 17, 2026","Dec 11, 2026",Haley Center,3307
16664,ENGL 2230,12:00 pm,12:50 pm,MW,"Aug 17, 2026","Dec 11, 2026",Haley Center,3195
16664,ENGL 2230,11:00 am,11:50 am,F,"Aug 17, 2026","Dec 11, 2026",Haley Center,2226
16665,ENGL 2230,12:00 pm,12:50 pm,MW,"Aug 17, 2026","Dec 11, 2026",Haley Center,3195
16665,ENGL 2230,8:00 am,8:50 am,F,"Aug 17, 2026","Dec 11, 2026",Haley Center,2332
16666,ENGL 2230,12:00 pm,12:50 pm,MW,"Aug 17, 2026","Dec 11, 2026",Haley Center,3195
16666,ENGL 2230,8:00 am,8:50 am,F,"Aug 17, 2026","Dec 11, 2026",Haley Center,3212
16667,ENGL 2230,12:00 pm,12:50 pm,MW,"Aug 17, 2026","Dec 11, 2026",Haley Center,3195
16667,ENGL 2230,8:00 am,8:50 am,F,"Aug 17, 2026","Dec 11, 2026",Haley Center,3226
16668,ENGL 2230,12:00 pm,12:50 pm,MW,"Aug 17, 2026","Dec 11, 2026",Haley Center,3195
16668,ENGL 2230,12:00 pm,12:50 pm,F,"Aug 17, 2026","Dec 11, 2026",Haley Center,3106
16669,ENGL 2230,12:00 pm,12:50 pm,MW,"Aug 17, 2026","Dec 11, 2026",Haley Center,3195
16669,ENGL 2230,12:00 pm,12:50 pm,F,"Aug 17, 2026","Dec 11, 2026",Haley Center,3307
16670,ENGL 2230,11:00 am,11:50 am,MWF,"Aug 17, 2026","Dec 11, 2026",Mell Street Classroom Bldg,4546
16655,ENGL 2230,8:00 am,9:15 am,TR,"Aug 17, 2026","Dec 11, 2026",Mell Street Classroom Bldg,3546
16657,ENGL 2230,9:30 am,10:45 am,TR,"Aug 17, 2026","Dec 11, 2026",Mell Street Classroom Bldg,3546
16659,ENGL 2230,2:00 pm,3:15 pm,TR,"Aug 17, 2026","Dec 11, 2026",Mell Street Classroom Bldg,3520
16658,ENGL 2230,8:00 am,8:50 am,MWF,"Aug 17, 2026","Dec 11, 2026",Haley Center,3174
16656,ENGL 2230,9:00 am,9:50 am,MWF,"Aug 17, 2026","Dec 11, 2026",Haley Center,3238
16671,ENGL 2230,11:00 am,12:15 pm,TR,"Aug 17, 2026","Dec 11, 2026",Draughon Library,4133
16672,ENGL 2240,8:00 am,9:15 am,TR,"Aug 17, 2026","Dec 11, 2026",Haley Center,3332
16673,ENGL 2240,9:30 am,10:45 am,TR,"Aug 17, 2026","Dec 11, 2026",Haley Center,3326
16675,ENGL 2240,10:00 am,10:50 am,MWF,"Aug 17, 2026","Dec 11, 2026",Haley Center,3330
16676,ENGL 2240,1:00 pm,1:50 pm,MWF,"Aug 17, 2026","Dec 11, 2026",Haley Center,3330
16677,ENGL 2240,2:00 pm,3:15 pm,TR,"Aug 17, 2026","Dec 11, 2026",Haley Center,3034
16679,ENGL 2240,11:00 am,12:15 pm,TR,"Aug 17, 2026","Dec 11, 2026",Haley Center,3330
16680,ENGL 2240,12:00 pm,12:50 pm,MWF,"Aug 17, 2026","Dec 11, 2026",Haley Center,3238
16681,ENGL 2240,9:00 am,9:50 am,MWF,"Aug 17, 2026","Dec 11, 2026",Haley Center,2228
16683,ENGL 2240,9:30 am,10:45 am,TR,"Aug 17, 2026","Dec 11, 2026",Haley Center,2196
16684,ENGL 2250,8:00 am,8:50 am,MWF,"Aug 17, 2026","Dec 11, 2026",Haley Center,3324
16685,ENGL 2250,8:00 am,9:15 am,TR,"Aug 17, 2026","Dec 11, 2026",Haley Center,3212
16686,ENGL 2250,9:00 am,9:50 am,MWF,"Aug 17, 2026","Dec 11, 2026",Haley Center,3330
16687,ENGL 2250,12:00 pm,12:50 pm,MWF,"Aug 17, 2026","Dec 11, 2026",Haley Center,2196
16688,ENGL 2250,12:30 pm,1:45 pm,TR,"Aug 17, 2026","Dec 11, 2026",Haley Center,3326
16689,ENGL 2250,1:00 pm,1:50 pm,MWF,"Aug 17, 2026","Dec 11, 2026",Haley Center,3332
16690,ENGL 2250,11:00 am,12:15 pm,TR,"Aug 17, 2026","Dec 11, 2026",Haley Center,3304
16692,ENGL 2250,11:00 am,11:50 am,MW,"Aug 17, 2026","Dec 11, 2026",Haley Center,3195
16692,ENGL 2250,10:00 am,10:50 am,F,"Aug 17, 2026","Dec 11, 2026",Haley Center,3124
16693,ENGL 2250,11:00 am,11:50 am,MW,"Aug 17, 2026","Dec 11, 2026",Haley Center,3195
16693,ENGL 2250,10:00 am,10:50 am,F,"Aug 17, 2026","Dec 11, 2026",Haley Center,3182
16694,ENGL 2250,11:00 am,11:50 am,MW,"Aug 17, 2026","Dec 11, 2026",Haley Center,3195
16694,ENGL 2250,10:00 am,10:50 am,F,"Aug 17, 2026","Dec 11, 2026",Haley Center,2124
16695,ENGL 2250,11:00 am,11:50 am,MW,"Aug 17, 2026","Dec 11, 2026",Haley Center,3195
16695,ENGL 2250,11:00 am,11:50 am,F,"Aug 17, 2026","Dec 11, 2026",Haley Center,2346
16696,ENGL 2250,11:00 am,11:50 am,MW,"Aug 17, 2026","Dec 11, 2026",Haley Center,3195
16696,ENGL 2250,11:00 am,11:50 am,F,"Aug 17, 2026","Dec 11, 2026",Haley Center,2352
16697,ENGL 2250,11:00 am,11:50 am,MW,"Aug 17, 2026","Dec 11, 2026",Haley Center,3195
16697,ENGL 2250,12:00 pm,12:50 pm,F,"Aug 17, 2026","Dec 11, 2026",Haley Center,3187
16698,ENGL 2250,11:00 am,11:50 am,MW,"Aug 17, 2026","Dec 11, 2026",Haley Center,3195
16698,ENGL 2250,12:00 pm,12:50 pm,F,"Aug 17, 2026","Dec 11, 2026",Haley Center,3226
16699,ENGL 2250,11:00 am,11:50 am,MW,"Aug 17, 2026","Dec 11, 2026",Haley Center,3195
16699,ENGL 2250,12:00 pm,12:50 pm,F,"Aug 17, 2026","Dec 11, 2026",Haley Center,2222
16702,ENGL 2250,9:30 am,10:45 am,TR,"Aug 17, 2026","Dec 11, 2026",Haley Center,3212
16703,ENGL 2260,11:00 am,12:15 pm,TR,"Aug 17, 2026","Dec 11, 2026",Haley Center,3212
16704,ENGL 2260,11:00 am,11:50 am,MWF,"Aug 17, 2026","Dec 11, 2026",Haley Center,3332
16706,ENGL 2260,12:00 pm,12:50 pm,MWF,"Aug 17, 2026","Dec 11, 2026",Haley Center,2226
16707,ENGL 2260,1:00 pm,1:50 pm,MWF,"Aug 17, 2026","Dec 11, 2026",Haley Center,3212
16709,ENGL 2260,3:30 pm,4:45 pm,TR,"Aug 17, 2026","Dec 11, 2026",Haley Center,3324
16711,ENGL 2260,2:00 pm,3:15 pm,TR,"Aug 17, 2026","Dec 11, 2026",Haley Center,3332
16708,ENGL 2260,8:00 am,9:15 am,TR,"Aug 17, 2026","Dec 11, 2026",Haley Center,3324
18214,ENGL 2260,12:30 pm,1:45 pm,TR,"Aug 17, 2026","Dec 11, 2026",Haley Center,2306
16705,ENGL 2260,10:00 am,10:50 am,MWF,"Aug 17, 2026","Dec 11, 2026",Haley Center,2213
16712,ENGL 2260,11:00 am,11:50 am,MWF,"Aug 17, 2026","Dec 11, 2026",Haley Center,2213
16713,ENGL 2270,12:00 pm,12:50 pm,MWF,"Aug 17, 2026","Dec 11, 2026",Haley Center,3330
16714,ENGL 2270,10:00 am,10:50 am,MW,"Aug 17, 2026","Dec 11, 2026",Haley Center,3195
16714,ENGL 2270,8:00 am,8:50 am,F,"Aug 17, 2026","Dec 11, 2026",Haley Center,3330
16715,ENGL 2270,10:00 am,10:50 am,MW,"Aug 17, 2026","Dec 11, 2026",Haley Center,3195
16715,ENGL 2270,8:00 am,8:50 am,F,"Aug 17, 2026","Dec 11, 2026",Haley Center,2324
16716,ENGL 2270,10:00 am,10:50 am,MW,"Aug 17, 2026","Dec 11, 2026",Haley Center,3195
16716,ENGL 2270,8:00 am,8:50 am,F,"Aug 17, 2026","Dec 11, 2026",Haley Center,2196
16717,ENGL 2270,10:00 am,10:50 am,MW,"Aug 17, 2026","Dec 11, 2026",Haley Center,3195
16717,ENGL 2270,8:00 am,8:50 am,F,"Aug 17, 2026","Dec 11, 2026",Haley Center,3238
16718,ENGL 2270,10:00 am,10:50 am,MW,"Aug 17, 2026","Dec 11, 2026",Haley Center,3195
16718,ENGL 2270,9:00 am,9:50 am,F,"Aug 17, 2026","Dec 11, 2026",Haley Center,3228
16719,ENGL 2270,10:00 am,10:50 am,MW,"Aug 17, 2026","Dec 11, 2026",Haley Center,3195
16719,ENGL 2270,9:00 am,9:50 am,F,"Aug 17, 2026","Dec 11, 2026",Haley Center,2332
16720,ENGL 2270,10:00 am,10:50 am,MW,"Aug 17, 2026","Dec 11, 2026",Haley Center,3195
16720,ENGL 2270,10:00 am,10:50 am,F,"Aug 17, 2026","Dec 11, 2026",Haley Center,2334
16721,ENGL 2270,10:00 am,10:50 am,MW,"Aug 17, 2026","Dec 11, 2026",Haley Center,3195
16721,ENGL 2270,10:00 am,10:50 am,F,"Aug 17, 2026","Dec 11, 2026",Haley Center,2306
16722,ENGL 2270,11:00 am,11:50 am,MWF,"Aug 17, 2026","Dec 11, 2026",Haley Center,2324
16724,ENGL 2280,11:00 am,11:50 am,MWF,"Aug 17, 2026","Dec 11, 2026",Haley Center,2332
16725,ENGL 2280,12:00 pm,12:50 pm,MWF,"Aug 17, 2026","Dec 11, 2026",Haley Center,3304
16726,ENGL 2280,11:00 am,12:15 pm,TR,"Aug 17, 2026","Dec 11, 2026",Haley Center,3324
18213,ENGL 2280,2:00 pm,3:15 pm,TR,"Aug 17, 2026","Dec 11, 2026",Broun Hall,102
16727,ENGL 2280,12:30 pm,1:45 pm,TR,"Aug 17, 2026","Dec 11, 2026",Broun Hall,113
16729,ENGL 3040,9:30 am,10:45 am,TR,"Aug 17, 2026","Dec 11, 2026",Haley Center,3116
16730,ENGL 3040,12:30 pm,1:45 pm,TR,"Aug 17, 2026","Dec 11, 2026",Haley Center,3196
16731,ENGL 3040,2:00 pm,3:15 pm,TR,"Aug 17, 2026","Dec 11, 2026",Haley Center,2324
16732,ENGL 3040,9:00 am,9:50 am,MWF,"Aug 17, 2026","Dec 11, 2026",Haley Center,2468
18216,ENGL 3040,11:00 am,11:50 am,MWF,"Aug 17, 2026","Dec 11, 2026",Haley Center,3228
18176,ENGL 3060,12:30 pm,1:45 pm,TR,"Aug 17, 2026","Dec 11, 2026",Haley Center,3324
16738,ENGL 3080,9:30 am,10:45 am,TR,"Aug 17, 2026","Dec 11, 2026",Haley Center,3304
16737,ENGL 3080,11:00 am,12:15 pm,TR,"Aug 17, 2026","Dec 11, 2026",Haley Center,2468
16744,ENGL 3080,9:30 am,10:45 am,TR,"Aug 17, 2026","Dec 11, 2026",Haley Center,2124
16745,ENGL 3080,11:00 am,12:15 pm,TR,"Aug 17, 2026","Dec 11, 2026",Haley Center,3150
16746,ENGL 3110,12:30 pm,1:45 pm,TR,"Aug 17, 2026","Dec 11, 2026",Mell Street Classroom Bldg,3520
16747,ENGL 3120,1:30 pm,2:45 pm,MW,"Aug 17, 2026","Dec 11, 2026",Haley Center,2222
16748,ENGL 3130,12:00 pm,1:15 pm,MW,"Aug 17, 2026","Dec 11, 2026",Draughon Library,4027
16749,ENGL 3210,9:30 am,10:45 am,TR,"Aug 17, 2026","Dec 11, 2026",Haley Center,3106
16750,ENGL 3230,11:00 am,12:15 pm,TR,"Aug 17, 2026","Dec 11, 2026",Haley Center,3106
16751,ENGL 3250,12:30 pm,1:45 pm,TR,"Aug 17, 2026","Dec 11, 2026",Haley Center,3204
18122,ENGL 3740,11:00 am,12:15 pm,TR,"Aug 17, 2026","Dec 11, 2026",Mell Street Classroom Bldg,3520
16755,ENGL 4020,9:00 am,10:15 am,MW,"Aug 17, 2026","Dec 11, 2026",Haley Center,3116
16756,ENGL 4030,10:30 am,11:45 am,MW,"Aug 17, 2026","Dec 11, 2026",Haley Center,3116
16757,ENGL 4040,12:30 pm,1:45 pm,TR,"Aug 17, 2026","Dec 11, 2026",Haley Center,3226
18204,ENGL 4230,12:00 pm,1:15 pm,MW,"Aug 17, 2026","Dec 11, 2026",Haley Center,3187
16759,ENGL 4250,1:30 pm,2:45 pm,MW,"Aug 17, 2026","Dec 11, 2026",Haley Center,3110
16762,ENGL 4420,12:00 pm,1:15 pm,MW,"Aug 17, 2026","Dec 11, 2026",Draughon Library,4127
18177,ENGL 4430,12:30 pm,1:45 pm,TR,"Aug 17, 2026","Dec 11, 2026",Haley Center,3184
18100,ENGL 4610,11:00 am,12:15 pm,TR,"Aug 17, 2026","Dec 11, 2026",Draughon Library,4033
16764,ENGL 4630,12:30 pm,1:45 pm,TR,"Aug 17, 2026","Dec 11, 2026",Haley Center,3242
16765,ENGL 4710,12:30 pm,1:45 pm,TR,"Aug 17, 2026","Dec 11, 2026",Haley Center,2222
18099,ENGL 4850,2:00 pm,3:15 pm,TR,"Aug 17, 2026","Dec 11, 2026",Haley Center,2222
16769,ENGL 7010,5:00 pm,7:40 pm,W,"Aug 17, 2026","Dec 11, 2026",Haley Center,3106
18175,ENGL 7040,4:00 pm,6:40 pm,M,"Aug 17, 2026","Dec 11, 2026",Haley Center,3184
16771,ENGL 7080,1:00 pm,3:40 pm,M,"Aug 17, 2026","Dec 11, 2026",Haley Center,3116
16773,ENGL 7130,12:30 pm,3:10 pm,R,"Aug 17, 2026","Dec 11, 2026",Haley Center,3307
16774,ENGL 7140,1:00 pm,3:40 pm,M,"Aug 17, 2026","Dec 11, 2026",Haley Center,3106
18101,ENGL 7160,3:30 pm,6:10 pm,T,"Aug 17, 2026","Dec 11, 2026",Draughon Library,3127
18120,ENGL 7180,12:30 pm,3:10 pm,T,"Aug 17, 2026","Dec 11, 2026",Haley Center,3106
18121,ENGL 7200,12:30 pm,3:10 pm,R,"Aug 17, 2026","Dec 11, 2026",Haley Center,3106
16778,ENGL 7940,1:00 pm,1:50 pm,W,"Aug 17, 2026","Dec 11, 2026",Haley Center,3184
17775,CTES 5410,12:00 pm,12:50 pm,MWF,"Aug 17, 2026","Dec 11, 2026",College of Education Bldg,2108
16323,CTES 5410,11:00 am,11:50 am,MWF,"Aug 17, 2026","Dec 11, 2026",College of Education Bldg,2114
16325,CTES 7420,5:00 pm,7:50 pm,T,"Aug 17, 2026","Dec 11, 2026",College of Education Bldg,2118
17773,CTES 7430,5:00 pm,7:50 pm,W,"Aug 17, 2026","Dec 11, 2026",College of Education Bldg,1420
17777,CTES 7470,4:00 pm,6:50 pm,R,"Aug 17, 2026","Dec 11, 2026",College of Education Bldg,1420
13104,ENTM 2040,10:00 am,10:50 am,MWF,"Aug 17, 2026","Dec 11, 2026",STEM and Agric Science Complex,2116
13106,ENTM 3040,8:00 am,9:15 am,TR,"Aug 17, 2026","Dec 11, 2026",STEM and Agric Science Complex,2122
13106,ENTM 3040,1:00 pm,2:50 pm,R,"Aug 17, 2026","Dec 11, 2026",STEM and Agric Science Complex,2106
13107,ENTM 3040,8:00 am,9:15 am,TR,"Aug 17, 2026","Dec 11, 2026",STEM and Agric Science Complex,2122
13107,ENTM 3040,3:00 pm,4:50 pm,R,"Aug 17, 2026","Dec 11, 2026",STEM and Agric Science Complex,2106
13108,ENTM 4020,11:00 am,12:15 pm,TR,"Aug 17, 2026","Dec 11, 2026",Academic Classroom/Lab Complex,208
13109,ENTM 4020,11:00 am,12:15 pm,TR,"Aug 17, 2026","Dec 11, 2026",Academic Classroom/Lab Complex,208
13110,ENTM 4020,11:00 am,12:15 pm,TR,"Aug 17, 2026","Dec 11, 2026",Academic Classroom/Lab Complex,208
13113,ENTM 5220,8:00 am,9:15 am,TR,"Aug 17, 2026","Dec 11, 2026",STEM and Agric Science Complex,2116
13113,ENTM 5220,1:00 pm,2:50 pm,W,"Aug 17, 2026","Dec 11, 2026",STEM and Agric Science Complex,2116
13116,ENTM 6220,8:00 am,9:15 am,TR,"Aug 17, 2026","Dec 11, 2026",STEM and Agric Science Complex,2116
13116,ENTM 6220,1:00 pm,2:50 pm,W,"Aug 17, 2026","Dec 11, 2026",STEM and Agric Science Complex,2116
17887,ENTM 7230,11:00 am,12:15 pm,MW,"Aug 17, 2026","Dec 11, 2026",STEM and Agric Science Complex,2111
13121,ENTM 7950,1:00 pm,2:15 pm,F,"Aug 17, 2026","Dec 11, 2026",Academic Classroom/Lab Complex,161
13140,ENTM 8950,1:00 pm,2:15 pm,F,"Aug 17, 2026","Dec 11, 2026",Academic Classroom/Lab Complex,161
17374,ENFB 3140,12:30 pm,1:45 pm,MW,"Aug 17, 2026","Dec 11, 2026",Horton-Hardgrave Hall,2057
17375,ENFB 3140,11:00 am,12:15 pm,TR,"Aug 17, 2026","Dec 11, 2026",Lowder Hall,154
17376,ENFB 3140,2:00 pm,3:15 pm,MW,"Aug 17, 2026","Dec 11, 2026",Horton-Hardgrave Hall,2057
17377,ENFB 3140,12:30 pm,1:45 pm,TR,"Aug 17, 2026","Dec 11, 2026",Lowder Hall,154
17379,ENFB 4170,2:00 pm,3:15 pm,TR,"Aug 17, 2026","Dec 11, 2026",Lowder Hall,14
17380,ENFB 4170,3:30 pm,4:45 pm,TR,"Aug 17, 2026","Dec 11, 2026",Lowder Hall,14
17382,ENFB 4190,11:00 am,12:15 pm,TR,"Aug 17, 2026","Dec 11, 2026",Lowder Hall,15
17383,ENFB 4200,2:00 pm,3:15 pm,MW,"Aug 17, 2026","Dec 11, 2026",Lowder Hall,112
17384,ENFB 4200,9:30 am,10:45 am,TR,"Aug 17, 2026","Dec 11, 2026",Lowder Hall,126
17385,ENFB 4220,12:30 pm,1:45 pm,TR,"Aug 17, 2026","Dec 11, 2026",Horton-Hardgrave Hall,2047
17388,ENFB 6960,12:30 pm,1:45 pm,TR,"Aug 17, 2026","Dec 11, 2026",Horton-Hardgrave Hall,2047
10061,ENVD 2000,9:00 am,9:50 am,MWF,"Aug 17, 2026","Dec 11, 2026",Dudley Hall,102
10062,ENVD 2010,1:00 pm,1:50 pm,MWF,"Aug 17, 2026","Dec 11, 2026",Dudley Hall,109
10063,ENVD 2040,8:00 am,9:15 am,TR,"Aug 17, 2026","Dec 11, 2026",Mell Street Classroom Bldg,2510
10064,ENVD 2040,3:30 pm,4:45 pm,TR,"Aug 17, 2026","Dec 11, 2026",Mell Street Classroom Bldg,2550
10066,ENVD 2047,3:30 pm,4:45 pm,TR,"Aug 17, 2026","Dec 11, 2026",Mell Street Classroom Bldg,2550
10067,ENVD 3000,11:00 am,11:50 am,MWF,"Aug 17, 2026","Dec 11, 2026",Dudley Hall,402
10068,ENVD 3000,3:00 pm,3:50 pm,MWF,"Aug 17, 2026","Dec 11, 2026",Dudley Hall,402
18087,ENVD 3000,12:30 pm,1:45 pm,TR,"Aug 17, 2026","Dec 11, 2026",Dudley Hall,203
10069,ENVD 3200,10:00 am,10:50 am,MWF,"Aug 17, 2026","Dec 11, 2026",Dudley Hall,402
10070,ENVD 3200,2:00 pm,2:50 pm,MWF,"Aug 17, 2026","Dec 11, 2026",Dudley Hall,402
10071,ENVD 4010,11:00 am,12:15 pm,TR,"Aug 17, 2026","Dec 11, 2026",Dudley Hall,102
10072,ENVD 4010,1:00 pm,1:50 pm,MWF,"Aug 17, 2026","Dec 11, 2026",Dudley Hall,118
18089,ENVD 4010,2:00 pm,2:50 pm,MWF,"Aug 17, 2026","Dec 11, 2026",Dudley Hall,118
10074,ENVD 4970,3:30 pm,4:45 pm,TR,"Aug 17, 2026","Dec 11, 2026",Dudley Hall,102
11543,ENVI 1010,3:00 pm,3:50 pm,T,"Aug 17, 2026","Dec 11, 2026",Upchurch Hall,218
11545,ENVI 4950,12:30 pm,1:45 pm,T,"Aug 17, 2026","Dec 11, 2026",Upchurch Hall,218
15430,EXPL 1010,9:00 am,9:50 am,MW,"Aug 17, 2026","Dec 11, 2026",Mary Martin Hall,118A
15431,EXPL 1010,9:00 am,9:50 am,MW,"Aug 17, 2026","Dec 11, 2026",Charles E Davis Aerospace Hall,356
15432,EXPL 1010,10:00 am,10:50 am,MW,"Aug 17, 2026","Dec 11, 2026",Draughon Library,4027
15433,EXPL 1010,10:00 am,10:50 am,MW,"Aug 17, 2026","Dec 11, 2026",Mary Martin Hall,118A
15434,EXPL 1010,12:00 pm,12:50 pm,MW,"Aug 17, 2026","Dec 11, 2026",Mary Martin Hall,118A
15435,EXPL 1010,11:00 am,11:50 am,MW,"Aug 17, 2026","Dec 11, 2026",Draughon Library,4027
15436,EXPL 1010,1:00 pm,1:50 pm,MW,"Aug 17, 2026","Dec 11, 2026",Miller Hall,207
15437,EXPL 1010,11:00 am,11:50 am,MW,"Aug 17, 2026","Dec 11, 2026",Mary Martin Hall,118A
15438,EXPL 1010,2:00 pm,2:50 pm,MW,"Aug 17, 2026","Dec 11, 2026",Miller Hall,207
15439,EXPL 1010,9:30 am,10:20 am,TR,"Aug 17, 2026","Dec 11, 2026",Draughon Library,3033
15440,EXPL 1010,11:00 am,11:50 am,TR,"Aug 17, 2026","Dec 11, 2026",Draughon Library,3033
15441,EXPL 1010,9:30 am,10:20 am,TR,"Aug 17, 2026","Dec 11, 2026",Mary Martin Hall,118A
15443,EXPL 1010,2:00 pm,2:50 pm,TR,"Aug 17, 2026","Dec 11, 2026",Mary Martin Hall,118A
15445,EXPL 1010,9:00 am,10:50 am,F,"Aug 17, 2026","Dec 11, 2026",Charles E Davis Aerospace Hall,356
15446,EXPL 1010,10:00 am,11:50 am,F,"Aug 17, 2026","Dec 11, 2026",Charles E Davis Aerospace Hall,354
13197,FINC 3010,11:00 am,11:50 am,WF,"Aug 17, 2026","Dec 11, 2026",Lowder Hall,125A
13198,FINC 3200,4:00 pm,5:15 pm,MW,"Aug 17, 2026","Dec 11, 2026",Lowder Hall,129
13199,FINC 3250,3:30 pm,4:45 pm,MW,"Aug 17, 2026","Dec 11, 2026",Lowder Hall,5
13200,FINC 3250,5:00 pm,6:15 pm,MW,"Aug 17, 2026","Dec 11, 2026",Lowder Hall,125A
13201,FINC 3270,12:30 pm,1:45 pm,TR,"Aug 17, 2026","Dec 11, 2026",Lowder Hall,26
13202,FINC 3610,12:00 pm,12:50 pm,MWF,"Aug 17, 2026","Dec 11, 2026",Lowder Hall,5
13203,FINC 3610,10:00 am,10:50 am,MWF,"Aug 17, 2026","Dec 11, 2026",Lowder Hall,5
13204,FINC 3610,2:00 pm,3:15 pm,TR,"Aug 17, 2026","Dec 11, 2026",Lowder Hall,5
13205,FINC 3610,8:00 am,9:15 am,TR,"Aug 17, 2026","Dec 11, 2026",Lowder Hall,5
13206,FINC 3610,9:30 am,10:45 am,TR,"Aug 17, 2026","Dec 11, 2026",Lowder Hall,5
13207,FINC 3610,12:30 pm,1:45 pm,TR,"Aug 17, 2026","Dec 11, 2026",Lowder Hall,5
13208,FINC 3610,3:30 pm,4:45 pm,TR,"Aug 17, 2026","Dec 11, 2026",Lowder Hall,5
13209,FINC 3610,11:00 am,12:15 pm,TR,"Aug 17, 2026","Dec 11, 2026",Lowder Hall,5
13210,FINC 3610,9:00 am,9:50 am,MWF,"Aug 17, 2026","Dec 11, 2026",Lowder Hall,5
13211,FINC 3610,2:00 pm,2:50 pm,MWF,"Aug 17, 2026","Dec 11, 2026",Lowder Hall,5
13212,FINC 3610,11:00 am,11:50 am,MWF,"Aug 17, 2026","Dec 11, 2026",Lowder Hall,5
18129,FINC 3617,9:30 am,10:45 am,TR,"Aug 17, 2026","Dec 11, 2026",Lowder Hall,5
13214,FINC 3620,3:30 pm,4:45 pm,TR,"Aug 17, 2026","Dec 11, 2026",Lowder Hall,9
13216,FINC 3630,3:30 pm,4:45 pm,TR,"Aug 17, 2026","Dec 11, 2026",Lowder Hall,33
13217,FINC 3630,12:00 pm,12:50 pm,MWF,"Aug 17, 2026","Dec 11, 2026",Lowder Hall,34
13218,FINC 3630,2:00 pm,3:15 pm,TR,"Aug 17, 2026","Dec 11, 2026",Lowder Hall,33
13219,FINC 3630,11:00 am,12:15 pm,TR,"Aug 17, 2026","Dec 11, 2026",Lowder Hall,33
13220,FINC 3630,1:00 pm,1:50 pm,MWF,"Aug 17, 2026","Dec 11, 2026",Lowder Hall,34
13222,FINC 3640,10:00 am,10:50 am,MWF,"Aug 17, 2026","Dec 11, 2026",Lowder Hall,34
13223,FINC 3640,2:00 pm,3:15 pm,TR,"Aug 17, 2026","Dec 11, 2026",Lowder Hall,34
13224,FINC 3640,11:00 am,12:15 pm,TR,"Aug 17, 2026","Dec 11, 2026",Lowder Hall,34
13225,FINC 3640,12:30 pm,1:45 pm,TR,"Aug 17, 2026","Dec 11, 2026",Lowder Hall,34
13226,FINC 3640,11:00 am,11:50 am,MWF,"Aug 17, 2026","Dec 11, 2026",Lowder Hall,33
13227,FINC 3640,3:30 pm,4:45 pm,TR,"Aug 17, 2026","Dec 11, 2026",Lowder Hall,34
13229,FINC 3700,11:00 am,11:50 am,MWF,"Aug 17, 2026","Dec 11, 2026",Lowder Hall,34
13230,FINC 3700,1:00 pm,1:50 pm,MWF,"Aug 17, 2026","Dec 11, 2026",Lowder Hall,33
13231,FINC 3700,3:00 pm,3:50 pm,MWF,"Aug 17, 2026","Dec 11, 2026",Lowder Hall,33
13232,FINC 3700,12:00 pm,12:50 pm,MWF,"Aug 17, 2026","Dec 11, 2026",Lowder Hall,33
13233,FINC 3700,2:00 pm,2:50 pm,MWF,"Aug 17, 2026","Dec 11, 2026",Lowder Hall,33
13234,FINC 3700,8:00 am,8:50 am,MWF,"Aug 17, 2026","Dec 11, 2026",Lowder Hall,34
13239,FINC 3810,3:30 pm,4:45 pm,TR,"Aug 17, 2026","Dec 11, 2026",Lowder Hall,125A
13241,FINC 4410,8:00 am,9:15 am,TR,"Aug 17, 2026","Dec 11, 2026",Lowder Hall,34
13242,FINC 4410,9:30 am,10:45 am,TR,"Aug 17, 2026","Dec 11, 2026",Lowder Hall,34
13243,FINC 4630,9:30 am,10:45 am,TR,"Aug 17, 2026","Dec 11, 2026",Lowder Hall,33
13244,FINC 4650,5:00 pm,6:15 pm,MW,"Aug 17, 2026","Dec 11, 2026",Lowder Hall,5
13246,FINC 4660,3:30 pm,4:45 pm,MW,"Aug 17, 2026","Dec 11, 2026",Lowder Hall,34
13247,FINC 4700,10:00 am,10:50 am,MWF,"Aug 17, 2026","Dec 11, 2026",Lowder Hall,33
13250,FINC 4970,9:30 am,10:45 am,TR,"Aug 17, 2026","Dec 11, 2026",Lowder Hall,26
13251,FINC 4970,11:00 am,12:15 pm,TR,"Aug 17, 2026","Dec 11, 2026",Lowder Hall,26
18365,FINC 4970,3:30 pm,4:45 pm,TR,"Aug 17, 2026","Dec 11, 2026",Lowder Hall,20
13252,FINC 5250,2:00 pm,3:15 pm,TR,"Aug 17, 2026","Dec 11, 2026",Lowder Hall,26
13253,FINC 5260,3:30 pm,5:00 pm,TR,"Aug 17, 2026","Dec 11, 2026",Lowder Hall,26
13254,FINC 5510,12:30 pm,1:45 pm,TR,"Aug 17, 2026","Dec 11, 2026",Lowder Hall,33
13255,FINC 5680,11:00 am,12:15 pm,MW,"Aug 17, 2026","Dec 11, 2026",Lowder Hall,26
13256,FINC 6250,2:00 pm,3:15 pm,TR,"Aug 17, 2026","Dec 11, 2026",Lowder Hall,26
13258,FINC 6260,3:30 pm,5:00 pm,TR,"Aug 17, 2026","Dec 11, 2026",Lowder Hall,26
13260,FINC 6510,9:30 am,10:45 am,TR,"Aug 17, 2026","Dec 11, 2026",Lowder Hall,27
13262,FINC 6680,11:00 am,12:15 pm,MW,"Aug 17, 2026","Dec 11, 2026",Lowder Hall,26
13266,FINC 7640,2:00 pm,3:15 pm,TR,"Aug 17, 2026","Dec 11, 2026",Horton-Hardgrave Hall,3017
13268,FINC 7970,9:30 am,10:45 am,TR,"Aug 17, 2026","Dec 11, 2026",Lowder Hall,26
13269,FINC 7970,11:00 am,12:15 pm,TR,"Aug 17, 2026","Dec 11, 2026",Lowder Hall,26
18368,FINC 7970,3:30 pm,4:45 pm,TR,"Aug 17, 2026","Dec 11, 2026",Lowder Hall,20
13547,FISH 1100,9:30 am,11:00 am,T,"Aug 17, 2026","Dec 11, 2026",Swingle Hall,110
13548,FISH 2000,8:30 am,9:20 am,T,"Aug 17, 2026","Dec 11, 2026",Swingle Hall,110
13550,FISH 5220,8:00 am,9:15 am,TR,"Aug 17, 2026","Dec 11, 2026",Swingle Hall,301
13551,FISH 5380,9:00 am,9:50 am,MWF,"Aug 17, 2026","Dec 11, 2026",Swingle Hall,301
13551,FISH 5380,1:00 pm,4:50 pm,M,"Aug 17, 2026","Dec 11, 2026",Swingle Hall,110
13552,FISH 5380,9:00 am,9:50 am,MWF,"Aug 17, 2026","Dec 11, 2026",Swingle Hall,301
13553,FISH 5410,11:00 am,12:15 pm,TR,"Aug 17, 2026","Dec 11, 2026",Swingle Hall,301
13554,FISH 5510,1:00 pm,4:00 pm,T,"Aug 17, 2026","Dec 11, 2026",Swingle Hall,301
13555,FISH 6220,8:00 am,9:15 am,TR,"Aug 17, 2026","Dec 11, 2026",Swingle Hall,301
13556,FISH 6380,9:00 am,9:50 am,MWF,"Aug 17, 2026","Dec 11, 2026",Swingle Hall,301
13556,FISH 6380,1:00 pm,4:50 pm,M,"Aug 17, 2026","Dec 11, 2026",Swingle Hall,110
13557,FISH 6380,9:00 am,9:50 am,MWF,"Aug 17, 2026","Dec 11, 2026",Swingle Hall,301
13558,FISH 6410,11:00 am,12:15 pm,TR,"Aug 17, 2026","Dec 11, 2026",Swingle Hall,301
13559,FISH 6510,9:30 am,10:45 am,TR,"Aug 17, 2026","Dec 11, 2026",Swingle Hall,301
14877,AVMF 2150,5:00 pm,6:15 pm,TR,"Aug 17, 2026","Dec 11, 2026",Delta Aviation Education Bldg,208
14905,AVMF 2230,8:00 am,9:15 am,MW,"Aug 17, 2026","Dec 11, 2026",Delta Aviation Education Bldg,208
14906,AVMF 2230,8:00 am,9:15 am,TR,"Aug 17, 2026","Dec 11, 2026",Delta Aviation Education Bldg,208
14907,AVMF 2230,12:30 pm,1:45 pm,MW,"Aug 17, 2026","Dec 11, 2026",Delta Aviation Education Bldg,208
14934,AVMF 2260,2:00 pm,3:15 pm,MW,"Aug 17, 2026","Dec 11, 2026",Delta Aviation Education Bldg,208
14935,AVMF 2260,2:00 pm,3:15 pm,TR,"Aug 17, 2026","Dec 11, 2026",Delta Aviation Education Bldg,208
14989,AVMF 4310,9:30 am,10:45 am,TR,"Aug 17, 2026","Dec 11, 2026",Delta Aviation Education Bldg,208
15006,AVMF 4400,12:30 pm,1:45 pm,TR,"Aug 17, 2026","Dec 11, 2026",Miller Hall,226
15007,AVMF 4400,2:00 pm,3:15 pm,TR,"Aug 17, 2026","Dec 11, 2026",Haley Center,3353
15725,FDSC 1000,9:30 am,10:45 am,TR,"Aug 17, 2026","Dec 11, 2026",Poultry Science Bldg (PSB),120
15728,FDSC 7600,11:00 am,12:15 pm,TR,"Aug 17, 2026","Dec 11, 2026",Poultry Science Bldg (PSB),120
15730,FDSC 7950,3:00 pm,3:50 pm,M,"Aug 17, 2026","Dec 11, 2026",Poultry Science Bldg (PSB),120
12318,FLNG 1010,3:30 pm,4:45 pm,TR,"Aug 17, 2026","Dec 11, 2026",Haley Center,3330
12249,FLAS 3550,11:00 am,11:50 am,MWF,"Aug 17, 2026","Dec 11, 2026",Haley Center,3212
12250,FLCN 1010,10:00 am,10:50 am,MWF,"Aug 17, 2026","Dec 11, 2026",Haley Center,3226
12253,FLCN 2010,11:00 am,11:50 am,MWF,"Aug 17, 2026","Dec 11, 2026",Haley Center,3226
12257,FLFR 1010,10:00 am,10:50 am,MWF,"Aug 17, 2026","Dec 11, 2026",Haley Center,3224
12258,FLFR 1010,9:00 am,9:50 am,MWF,"Aug 17, 2026","Dec 11, 2026",Haley Center,3332
12259,FLFR 1010,11:00 am,11:50 am,MWF,"Aug 17, 2026","Dec 11, 2026",Haley Center,3150
18672,FLFR 1010,12:30 pm,1:45 pm,TR,"Aug 17, 2026","Dec 11, 2026",Draughon Library,4041
12260,FLFR 1020,9:00 am,9:50 am,MWF,"Aug 17, 2026","Dec 11, 2026",Haley Center,3150
12261,FLFR 1020,10:00 am,10:50 am,MWF,"Aug 17, 2026","Dec 11, 2026",Haley Center,3150
12262,FLFR 2010,9:00 am,9:50 am,MWF,"Aug 17, 2026","Dec 11, 2026",Haley Center,3204
12263,FLFR 2020,11:00 am,12:15 pm,TR,"Aug 17, 2026","Dec 11, 2026",Draughon Library,4041
12265,FLFR 3040,10:00 am,10:50 am,MWF,"Aug 17, 2026","Dec 11, 2026",Haley Center,3324
12266,FLFR 3050,12:00 pm,12:50 pm,MWF,"Aug 17, 2026","Dec 11, 2026",Haley Center,3150
12275,FLGR 1010,11:00 am,11:50 am,MWF,"Aug 17, 2026","Dec 11, 2026",Haley Center,3334
12279,FLGR 1020,11:00 am,11:50 am,MWF,"Aug 17, 2026","Dec 11, 2026",Draughon Library,4129
12280,FLGR 1020,12:00 pm,12:50 pm,MWF,"Aug 17, 2026","Dec 11, 2026",Haley Center,3242
12281,FLGR 2010,10:00 am,10:50 am,MWF,"Aug 17, 2026","Dec 11, 2026",Draughon Library,4133
12283,FLGR 3020,12:00 pm,12:50 pm,MWF,"Aug 17, 2026","Dec 11, 2026",Mell Street Classroom Bldg,4520
Grimms until Today,12285,1:00 pm,1:50 pm,MWF,"Aug 17, 2026","Dec 11, 2026",Haley Center,2213
15774,FLGR 4310,11:00 am,12:15 pm,TR,"Aug 17, 2026","Dec 11, 2026",Haley Center,3228
12273,FLGC 1150,9:00 am,9:50 am,MWF,"Aug 17, 2026","Dec 11, 2026",Haley Center,3203
12274,FLGC 1150,12:00 pm,12:50 pm,MWF,"Aug 17, 2026","Dec 11, 2026",Haley Center,3203
12290,FLIT 1010,9:00 am,9:50 am,MWF,"Aug 17, 2026","Dec 11, 2026",Haley Center,3242
12291,FLIT 1010,10:00 am,10:50 am,MWF,"Aug 17, 2026","Dec 11, 2026",Haley Center,3242
12292,FLIT 1010,11:00 am,11:50 am,MWF,"Aug 17, 2026","Dec 11, 2026",Haley Center,3224
12294,FLIT 1010,12:00 pm,12:50 pm,MWF,"Aug 17, 2026","Dec 11, 2026",Mell Street Classroom Bldg,3520
12295,FLIT 1010,1:00 pm,1:50 pm,MWF,"Aug 17, 2026","Dec 11, 2026",Mell Street Classroom Bldg,3520
12296,FLIT 1020,12:00 pm,12:50 pm,MWF,"Aug 17, 2026","Dec 11, 2026",Haley Center,3204
12297,FLIT 1020,11:00 am,11:50 am,MWF,"Aug 17, 2026","Dec 11, 2026",Haley Center,3204
12298,FLIT 2010,11:00 am,11:50 am,MWF,"Aug 17, 2026","Dec 11, 2026",Haley Center,3326
12300,FLIT 3050,2:00 pm,2:50 pm,MWF,"Aug 17, 2026","Dec 11, 2026",Mell Street Classroom Bldg,3520
12301,FLIT 3510,12:00 pm,12:50 pm,MWF,"Aug 17, 2026","Dec 11, 2026",Haley Center,3224
12302,FLJP 1010,9:00 am,9:50 am,MWF,"Aug 17, 2026","Dec 11, 2026",Haley Center,3324
12303,FLJP 1010,12:00 pm,12:50 pm,MWF,"Aug 17, 2026","Dec 11, 2026",Haley Center,3218
12305,FLJP 2010,10:00 am,10:50 am,MWF,"Aug 17, 2026","Dec 11, 2026",Haley Center,3304
12307,FLJP 3020,3:00 pm,3:50 pm,MWF,"Aug 17, 2026","Dec 11, 2026",Haley Center,3150
12310,FLKN 1010,10:00 am,10:50 am,MWF,"Aug 17, 2026","Dec 11, 2026",Haley Center,3204
12311,FLKN 1010,1:00 pm,1:50 pm,MWF,"Aug 17, 2026","Dec 11, 2026",Haley Center,3242
12312,FLKN 1020,2:00 pm,2:50 pm,MWF,"Aug 17, 2026","Dec 11, 2026",Haley Center,3242
12315,FLLN 1010,10:00 am,10:50 am,MWF,"Aug 17, 2026","Dec 11, 2026",Haley Center,3212
12317,FLLN 1020,9:00 am,9:50 am,MWF,"Aug 17, 2026","Dec 11, 2026",Haley Center,3212
12320,FLSP 1010,9:00 am,9:50 am,MWF,"Aug 17, 2026","Dec 11, 2026",Haley Center,3220
12321,FLSP 1010,10:00 am,10:50 am,MWF,"Aug 17, 2026","Dec 11, 2026",Haley Center,3220
12322,FLSP 1010,10:00 am,10:50 am,MWF,"Aug 17, 2026","Dec 11, 2026",Haley Center,3228
12323,FLSP 1010,10:00 am,10:50 am,MWF,"Aug 17, 2026","Dec 11, 2026",Haley Center,3309
12324,FLSP 1010,11:00 am,11:50 am,MWF,"Aug 17, 2026","Dec 11, 2026",Haley Center,3220
12325,FLSP 1010,11:00 am,11:50 am,MWF,"Aug 17, 2026","Dec 11, 2026",Haley Center,3304
12326,FLSP 1010,11:00 am,11:50 am,MWF,"Aug 17, 2026","Dec 11, 2026",Haley Center,3328
12327,FLSP 1010,12:00 pm,12:50 pm,MWF,"Aug 17, 2026","Dec 11, 2026",Haley Center,3228
12328,FLSP 1010,12:00 pm,12:50 pm,MWF,"Aug 17, 2026","Dec 11, 2026",Haley Center,3212
12329,FLSP 1010,1:00 pm,1:50 pm,MWF,"Aug 17, 2026","Dec 11, 2026",Haley Center,3204
12330,FLSP 1010,1:00 pm,1:50 pm,MWF,"Aug 17, 2026","Dec 11, 2026",Haley Center,3238
12331,FLSP 1010,2:00 pm,2:50 pm,MWF,"Aug 17, 2026","Dec 11, 2026",Haley Center,3104
12335,FLSP 1010,9:00 am,9:50 am,MWF,"Aug 17, 2026","Dec 11, 2026",Mell Street Classroom Bldg,3546
12336,FLSP 1020,9:00 am,9:50 am,MWF,"Aug 17, 2026","Dec 11, 2026",Haley Center,3309
12337,FLSP 1020,10:00 am,10:50 am,MWF,"Aug 17, 2026","Dec 11, 2026",Haley Center,3196
12338,FLSP 1020,11:00 am,11:50 am,MWF,"Aug 17, 2026","Dec 11, 2026",Haley Center,3309
12339,FLSP 1020,11:00 am,11:50 am,MWF,"Aug 17, 2026","Dec 11, 2026",Haley Center,3104
12341,FLSP 1020,1:00 pm,1:50 pm,MWF,"Aug 17, 2026","Dec 11, 2026",Draughon Library,4041
12340,FLSP 1020,12:00 pm,12:50 pm,MWF,"Aug 17, 2026","Dec 11, 2026",Draughon Library,4041
12345,FLSP 2010,11:00 am,12:15 pm,TR,"Aug 17, 2026","Dec 11, 2026",Haley Center,3196
12346,FLSP 2010,10:00 am,10:50 am,MWF,"Aug 17, 2026","Dec 11, 2026",Mell Street Classroom Bldg,3546
12347,FLSP 2010,11:00 am,11:50 am,MWF,"Aug 17, 2026","Dec 11, 2026",Mell Street Classroom Bldg,3546
12348,FLSP 2010,12:00 pm,12:50 pm,MWF,"Aug 17, 2026","Dec 11, 2026",Mell Street Classroom Bldg,3546
12349,FLSP 2010,9:30 am,10:45 am,TR,"Aug 17, 2026","Dec 11, 2026",Haley Center,3345
12350,FLSP 2017,10:00 am,10:50 am,MWF,"Aug 17, 2026","Dec 11, 2026",Mell Street Classroom Bldg,3546
12351,FLSP 2020,12:30 pm,1:45 pm,TR,"Aug 17, 2026","Dec 11, 2026",Haley Center,3104
12352,FLSP 2020,10:00 am,10:50 am,MWF,"Aug 17, 2026","Dec 11, 2026",Draughon Library,4041
12353,FLSP 2020,11:00 am,11:50 am,MWF,"Aug 17, 2026","Dec 11, 2026",Draughon Library,4041
12354,FLSP 2027,10:00 am,10:50 am,MWF,"Aug 17, 2026","Dec 11, 2026",Draughon Library,4041
12355,FLSP 3010,12:30 pm,1:45 pm,TR,"Aug 17, 2026","Dec 11, 2026",Haley Center,3182
12356,FLSP 3060,9:30 am,10:45 am,TR,"Aug 17, 2026","Dec 11, 2026",Haley Center,3182
12357,FLSP 3060,11:00 am,12:15 pm,TR,"Aug 17, 2026","Dec 11, 2026",Haley Center,3182
12358,FLSP 3060,2:00 pm,3:15 pm,TR,"Aug 17, 2026","Dec 11, 2026",Haley Center,3182
12359,FLSP 3070,9:30 am,10:45 am,TR,"Aug 17, 2026","Dec 11, 2026",Haley Center,3196
12360,FLSP 3090,9:00 am,9:50 am,MWF,"Aug 17, 2026","Dec 11, 2026",Haley Center,3182
12361,FLSP 3100,9:30 am,10:45 am,TR,"Aug 17, 2026","Dec 11, 2026",Haley Center,3104
12362,FLSP 3100,11:00 am,12:15 pm,TR,"Aug 17, 2026","Dec 11, 2026",Haley Center,3104
12363,FLSP 3110,8:00 am,9:15 am,TR,"Aug 17, 2026","Dec 11, 2026",Haley Center,3104
12364,FLSP 3130,2:00 pm,3:15 pm,TR,"Aug 17, 2026","Dec 11, 2026",Haley Center,3174
12367,FLSP 4010,11:00 am,11:50 am,MWF,"Aug 17, 2026","Dec 11, 2026",Haley Center,3242
12371,FLSP 7050,3:30 pm,6:30 pm,T,"Aug 17, 2026","Dec 11, 2026",Haley Center,3104
12372,FLSP 7090,11:00 am,12:15 pm,TR,"Aug 17, 2026","Dec 11, 2026",Haley Center,3242
12374,FLSP 7110,8:00 am,9:15 am,TR,"Aug 17, 2026","Dec 11, 2026",Haley Center,3242
12376,FLSP 7970,2:00 pm,3:15 pm,TR,"Aug 17, 2026","Dec 11, 2026",Haley Center,3242
18238,FORY 2020,8:00 am,8:50 am,MWF,"Aug 17, 2026","Dec 11, 2026",Forestry & Wildlife Sci Bldg,1223
18238,FORY 2020,9:00 am,11:50 am,F,"Aug 17, 2026","Dec 11, 2026",Forestry & Wildlife Sci Bldg,1224
12124,FORY 3010,11:00 am,11:50 am,TR,"Aug 17, 2026","Dec 11, 2026",Forestry & Wildlife Sci Bldg,1223
12124,FORY 3010,1:00 pm,3:50 pm,R,"Aug 17, 2026","Dec 11, 2026",Forestry & Wildlife Sci Bldg,1223
12125,FORY 3010,11:00 am,11:50 am,TR,"Aug 17, 2026","Dec 11, 2026",Forestry & Wildlife Sci Bldg,1223
12125,FORY 3010,1:00 pm,3:50 pm,W,"Aug 17, 2026","Dec 11, 2026",Forestry & Wildlife Sci Bldg,1223
12126,FORY 3100,11:00 am,11:50 am,MW,"Aug 17, 2026","Dec 11, 2026",Forestry & Wildlife Sci Bldg,2217
12126,FORY 3100,8:00 am,10:50 am,T,"Aug 17, 2026","Dec 11, 2026",Forestry & Wildlife Sci Bldg,1224
12127,FORY 3100,11:00 am,11:50 am,MW,"Aug 17, 2026","Dec 11, 2026",Forestry & Wildlife Sci Bldg,1224
12127,FORY 3100,1:00 pm,3:50 pm,T,"Aug 17, 2026","Dec 11, 2026",Forestry & Wildlife Sci Bldg,1224
12128,FORY 3100,11:00 am,11:50 am,MW,"Aug 17, 2026","Dec 11, 2026",Forestry & Wildlife Sci Bldg,2217
12128,FORY 3100,8:00 am,10:50 am,R,"Aug 17, 2026","Dec 11, 2026",Forestry & Wildlife Sci Bldg,1224
18059,FORY 3100,11:00 am,11:50 am,MW,"Aug 17, 2026","Dec 11, 2026",Forestry & Wildlife Sci Bldg,1224
18059,FORY 3100,1:00 pm,3:50 pm,R,"Aug 17, 2026","Dec 11, 2026",Forestry & Wildlife Sci Bldg,1224
12129,FORY 3180,10:00 am,10:50 am,MW,"Aug 17, 2026","Dec 11, 2026",Forestry & Wildlife Sci Bldg,1223
12129,FORY 3180,10:00 am,12:50 pm,F,"Aug 17, 2026","Dec 11, 2026",Forestry & Wildlife Sci Bldg,1223
12130,FORY 3500,12:00 pm,12:50 pm,MWF,"Aug 17, 2026","Dec 11, 2026",Forestry & Wildlife Sci Bldg,1219
12132,FORY 5151,1:00 pm,3:50 pm,W,"Aug 17, 2026","Dec 11, 2026",Forestry & Wildlife Sci Bldg,1224
12133,FORY 5230,1:00 pm,4:50 pm,M,"Aug 17, 2026","Dec 11, 2026",Forestry & Wildlife Sci Bldg,1223
12133,FORY 5230,8:00 am,9:15 am,TR,"Aug 17, 2026","Dec 11, 2026",Forestry & Wildlife Sci Bldg,1223
12135,FORY 5410,9:30 am,10:45 am,TR,"Aug 17, 2026","Dec 11, 2026",Forestry & Wildlife Sci Bldg,1223
12139,FORY 6150,8:00 am,8:50 am,MWF,"Aug 17, 2026","Dec 11, 2026",Forestry & Wildlife Sci Bldg,2217
12140,FORY 6151,1:00 pm,3:50 pm,W,"Aug 17, 2026","Dec 11, 2026",Forestry & Wildlife Sci Bldg,1224
12141,FORY 6230,1:00 pm,4:50 pm,M,"Aug 17, 2026","Dec 11, 2026",Forestry & Wildlife Sci Bldg,1223
12141,FORY 6230,8:00 am,9:15 am,TR,"Aug 17, 2026","Dec 11, 2026",Forestry & Wildlife Sci Bldg,1223
12143,FORY 6410,9:30 am,10:45 am,TR,"Aug 17, 2026","Dec 11, 2026",Forestry & Wildlife Sci Bldg,1223
12148,FORY 7510,1:00 pm,2:15 pm,MW,"Aug 17, 2026","Dec 11, 2026",Forestry & Wildlife Sci Bldg,1221
14781,FORY 7910,12:00 pm,12:50 pm,W,"Aug 17, 2026","Dec 11, 2026",Forestry & Wildlife Sci Bldg,1224
12154,FORY 7950,3:30 pm,4:50 pm,R,"Aug 17, 2026","Dec 11, 2026",Forestry & Wildlife Sci Bldg,2217
12162,FOWS 1020,11:00 am,11:50 am,MWF,"Aug 17, 2026","Dec 11, 2026",Forestry & Wildlife Sci Bldg,1221
12163,FOWS 1021,2:00 pm,4:50 pm,T,"Aug 17, 2026","Dec 11, 2026",Forestry & Wildlife Sci Bldg,1221
12164,FOWS 1021,8:00 am,10:50 am,W,"Aug 17, 2026","Dec 11, 2026",Forestry & Wildlife Sci Bldg,1224
12166,FOWS 3950,12:00 pm,12:50 pm,W,"Aug 17, 2026","Dec 11, 2026",Forestry & Wildlife Sci Bldg,1207
12172,FOWS 5270,9:00 am,9:50 am,MWF,"Aug 17, 2026","Dec 11, 2026",Forestry & Wildlife Sci Bldg,2217
12176,FOWS 6270,9:00 am,9:50 am,MWF,"Aug 17, 2026","Dec 11, 2026",Forestry & Wildlife Sci Bldg,2217
10569,FOUN 3000,10:00 am,12:50 pm,M,"Aug 17, 2026","Dec 11, 2026",College of Education Bldg,2128
10570,FOUN 3000,2:00 pm,4:50 pm,R,"Aug 17, 2026","Dec 11, 2026",College of Education Bldg,1123
10571,FOUN 3000,1:00 pm,3:50 pm,W,"Aug 17, 2026","Dec 11, 2026",College of Education Bldg,2128
10578,FOUN 3500,2:00 pm,4:50 pm,R,"Aug 17, 2026","Dec 11, 2026",College of Education Bldg,1121
10579,FOUN 3500,1:00 pm,3:50 pm,W,"Aug 17, 2026","Dec 11, 2026",College of Education Bldg,1121
10581,FOUN 3500,2:00 pm,4:50 pm,T,"Aug 17, 2026","Dec 11, 2026",College of Education Bldg,1121
10582,FOUN 3500,12:00 pm,2:50 pm,W,"Aug 17, 2026","Dec 11, 2026",College of Education Bldg,1123
10584,FOUN 7020,5:00 pm,7:50 pm,W,"Aug 17, 2026","Dec 11, 2026",College of Education Bldg,1123
11138,GEOG 1010,9:00 am,9:50 am,MWF,"Aug 17, 2026","Dec 11, 2026",Academic Classroom/Lab Complex,161
11139,GEOG 1010,11:00 am,11:50 am,MWF,"Aug 17, 2026","Dec 11, 2026",Academic Classroom/Lab Complex,242
11140,GEOG 1010,9:30 am,10:45 am,TR,"Aug 17, 2026","Dec 11, 2026",Academic Classroom/Lab Complex,153
11141,GEOG 1010,12:30 pm,1:45 pm,TR,"Aug 17, 2026","Dec 11, 2026",Academic Classroom/Lab Complex,202
11144,GEOG 1017,1:00 pm,1:50 pm,MWF,"Aug 17, 2026","Dec 11, 2026",Haley Center,2174
11149,GEOG 1030,11:00 am,11:50 am,MWF,"Aug 17, 2026","Dec 11, 2026",Academic Classroom/Lab Complex,202
11149,GEOG 1030,11:00 am,12:50 pm,T,"Aug 17, 2026","Dec 11, 2026",Academic Classroom/Lab Complex,226A
11152,GEOG 1030,11:00 am,11:50 am,MWF,"Aug 17, 2026","Dec 11, 2026",Academic Classroom/Lab Complex,202
11152,GEOG 1030,9:00 am,10:50 am,F,"Aug 17, 2026","Dec 11, 2026",Academic Classroom/Lab Complex,226A
11153,GEOG 2000,4:00 pm,4:50 pm,M,"Aug 17, 2026","Dec 11, 2026",Academic Classroom/Lab Complex,226A
11154,GEOG 2010,10:00 am,10:50 am,MWF,"Aug 17, 2026","Dec 11, 2026",Academic Classroom/Lab Complex,270
11157,GEOG 4740,9:00 am,9:50 am,MW,"Aug 17, 2026","Dec 11, 2026",Academic Classroom/Lab Complex,226A
11158,GEOG 5550,11:00 am,11:50 am,MWF,"Aug 17, 2026","Dec 11, 2026",Haley Center,2174
11159,GEOG 5700,1:00 pm,2:50 pm,MW,"Aug 17, 2026","Dec 11, 2026",STEM and Agric Science Complex,2117
11162,GEOG 5890,9:00 am,10:50 am,MW,"Aug 17, 2026","Dec 11, 2026",STEM and Agric Science Complex,2117
11163,GEOG 6550,11:00 am,11:50 am,MWF,"Aug 17, 2026","Dec 11, 2026",Haley Center,2174
11164,GEOG 6700,1:00 pm,2:50 pm,MW,"Aug 17, 2026","Dec 11, 2026",STEM and Agric Science Complex,2117
11167,GEOG 6890,9:00 am,10:50 am,MW,"Aug 17, 2026","Dec 11, 2026",STEM and Agric Science Complex,2117
11168,GEOG 7000,3:00 pm,5:50 pm,M,"Aug 17, 2026","Dec 11, 2026",STEM and Agric Science Complex,2125
11205,GEOL 1100,9:30 am,10:45 am,TR,"Aug 17, 2026","Dec 11, 2026",Science Center Auditorium,101
11205,GEOL 1100,11:00 am,12:50 pm,R,"Aug 17, 2026","Dec 11, 2026",Academic Classroom/Lab Complex,234A
11206,GEOL 1100,9:30 am,10:45 am,TR,"Aug 17, 2026","Dec 11, 2026",Science Center Auditorium,101
11206,GEOL 1100,1:00 pm,2:50 pm,R,"Aug 17, 2026","Dec 11, 2026",Academic Classroom/Lab Complex,226B
11223,GEOL 2000,4:00 pm,4:50 pm,M,"Aug 17, 2026","Dec 11, 2026",Academic Classroom/Lab Complex,226A
11229,GEOL 4200,12:00 pm,12:50 pm,MWF,"Aug 17, 2026","Dec 11, 2026",Academic Classroom/Lab Complex,278A
11229,GEOL 4200,8:00 am,9:50 am,F,"Aug 17, 2026","Dec 11, 2026",Academic Classroom/Lab Complex,278A
11231,GEOL 4740,9:00 am,9:50 am,MW,"Aug 17, 2026","Dec 11, 2026",Academic Classroom/Lab Complex,226A
11232,GEOL 5100,11:00 am,11:50 am,MW,"Aug 17, 2026","Dec 11, 2026",STEM and Agric Science Complex,2117
11232,GEOL 5100,12:00 pm,1:50 pm,F,"Aug 17, 2026","Dec 11, 2026",STEM and Agric Science Complex,2117
11233,GEOL 5500,12:30 pm,1:45 pm,TR,"Aug 17, 2026","Dec 11, 2026",STEM and Agric Science Complex,2125
18242,GEOL 5600,3:00 pm,3:50 pm,MWF,"Aug 17, 2026","Dec 11, 2026",STEM and Agric Science Complex,2117
18242,GEOL 5600,10:00 am,12:00 pm,F,"Aug 17, 2026","Dec 11, 2026",STEM and Agric Science Complex,2117
18199,GEOL 5700,2:00 pm,3:15 pm,TR,"Aug 17, 2026","Dec 11, 2026",Haley Center,2352
11234,GEOL 6100,11:00 am,11:50 am,MW,"Aug 17, 2026","Dec 11, 2026",STEM and Agric Science Complex,2117
11234,GEOL 6100,12:00 pm,1:50 pm,F,"Aug 17, 2026","Dec 11, 2026",STEM and Agric Science Complex,2117
11236,GEOL 6500,12:30 pm,1:45 pm,TR,"Aug 17, 2026","Dec 11, 2026",STEM and Agric Science Complex,2125
18780,GEOL 6600,3:00 pm,3:50 pm,MWF,"Aug 17, 2026","Dec 11, 2026",STEM and Agric Science Complex,2117
18780,GEOL 6600,10:00 am,11:50 am,F,"Aug 17, 2026","Dec 11, 2026",STEM and Agric Science Complex,2117
18200,GEOL 6700,2:00 pm,3:15 pm,TR,"Aug 17, 2026","Dec 11, 2026",Haley Center,2352
11237,GEOL 7100,11:00 am,12:15 pm,TR,"Aug 17, 2026","Dec 11, 2026",STEM and Agric Science Complex,2117
18426,GEOL 7600,9:00 am,9:50 am,MW,"Aug 17, 2026","Dec 11, 2026",Academic Classroom/Lab Complex,278A
18426,GEOL 7600,2:00 pm,3:50 pm,T,"Aug 17, 2026","Dec 11, 2026",Academic Classroom/Lab Complex,278A
12184,GSEI 1200,11:00 am,12:15 pm,TR,"Aug 17, 2026","Dec 11, 2026",Forestry & Wildlife Sci Bldg,2208
12185,GSEI 5360,9:30 am,10:45 am,TR,"Aug 17, 2026","Dec 11, 2026",Forestry & Wildlife Sci Bldg,2208
12186,GSEI 5430,10:00 am,10:50 am,MW,"Aug 17, 2026","Dec 11, 2026",Forestry & Wildlife Sci Bldg,2208
12186,GSEI 5430,1:00 pm,2:50 pm,W,"Aug 17, 2026","Dec 11, 2026",Forestry & Wildlife Sci Bldg,2208
12187,GSEI 5800,9:00 am,9:50 am,MWF,"Aug 17, 2026","Dec 11, 2026",Forestry & Wildlife Sci Bldg,2216
12187,GSEI 5800,3:00 pm,4:50 pm,M,"Aug 17, 2026","Dec 11, 2026",Forestry & Wildlife Sci Bldg,2216
12188,GSEI 6360,9:30 am,10:45 am,TR,"Aug 17, 2026","Dec 11, 2026",Forestry & Wildlife Sci Bldg,2208
12189,GSEI 6430,10:00 am,10:50 am,MW,"Aug 17, 2026","Dec 11, 2026",Forestry & Wildlife Sci Bldg,2208
12189,GSEI 6430,1:00 pm,2:50 pm,W,"Aug 17, 2026","Dec 11, 2026",Forestry & Wildlife Sci Bldg,2208
12190,GSEI 6800,9:00 am,9:50 am,MWF,"Aug 17, 2026","Dec 11, 2026",Forestry & Wildlife Sci Bldg,2216
12190,GSEI 6800,3:00 pm,4:50 pm,M,"Aug 17, 2026","Dec 11, 2026",Forestry & Wildlife Sci Bldg,2216
15776,GSEI 7200,12:30 pm,1:45 pm,TR,"Aug 17, 2026","Dec 11, 2026",Forestry & Wildlife Sci Bldg,1221
17284,GSHS 2000,9:30 am,10:45 am,TR,"Aug 17, 2026","Dec 11, 2026",Mell Street Classroom Bldg,3550
17285,GSHS 2000,12:30 pm,1:45 pm,TR,"Aug 17, 2026","Dec 11, 2026",Haley Center,2213
10380,GDES 1110,8:30 am,11:50 am,TR,"Aug 17, 2026","Dec 11, 2026",Wallace Center,229
10381,GDES 1110,8:30 am,11:50 am,MW,"Aug 17, 2026","Dec 11, 2026",Wallace Center,229
10384,GDES 1210,10:00 am,11:50 am,MWF,"Aug 17, 2026","Dec 11, 2026",Wallace Center,228
10385,GDES 1210,11:00 am,1:50 pm,TR,"Aug 17, 2026","Dec 11, 2026",Wallace Center,228
10389,GDES 2210,9:00 am,11:50 am,MW,"Aug 17, 2026","Dec 11, 2026",Wallace Center,124
10390,GDES 2220,9:00 am,11:50 am,TR,"Aug 17, 2026","Dec 11, 2026",Wallace Center,124
10391,GDES 2230,1:00 pm,4:20 pm,TR,"Aug 17, 2026","Dec 11, 2026",Wallace Center,117
10393,GDES 3210,1:00 pm,4:20 pm,MW,"Aug 17, 2026","Dec 11, 2026",Wallace Center,113
10394,GDES 3240,8:30 am,11:50 am,TR,"Aug 17, 2026","Dec 11, 2026",Wallace Center,117
10396,GDES 3910,12:00 pm,12:50 pm,TR,"Aug 17, 2026","Dec 11, 2026",Wallace Center,111
10398,GDES 4240,8:30 am,11:50 am,MW,"Aug 17, 2026","Dec 11, 2026",Wallace Center,117
10399,GDES 4240,8:30 am,11:50 am,MW,"Aug 17, 2026","Dec 11, 2026",Wallace Center,114
10400,GDES 4250,8:30 am,11:50 am,MW,"Aug 17, 2026","Dec 11, 2026",Wallace Center,113
10401,GDES 4270,1:00 pm,4:20 pm,MW,"Aug 17, 2026","Dec 11, 2026",Wallace Center,111
10402,GDES 4640,1:00 pm,4:20 pm,TR,"Aug 17, 2026","Dec 11, 2026",Wallace Center,113
10403,GDES 4650,8:30 am,11:50 am,TR,"Aug 17, 2026","Dec 11, 2026",Wallace Center,113
10412,GDES 4970,8:30 am,11:50 am,TR,"Aug 17, 2026","Dec 11, 2026",Wallace Center,114
18418,GDES 4970,1:30 pm,3:15 pm,MW,"Aug 17, 2026","Dec 11, 2026",Wallace Center,114
12011,HADM 3000,11:00 am,12:15 pm,TR,"Aug 17, 2026","Dec 11, 2026",Haley Center,2213
12012,HADM 3300,9:30 am,10:45 am,TR,"Aug 17, 2026","Dec 11, 2026",Haley Center,2228
12013,HADM 3700,12:30 pm,1:45 pm,TR,"Aug 17, 2026","Dec 11, 2026",Haley Center,2332
12014,HADM 3800,8:00 am,9:15 am,TR,"Aug 17, 2026","Dec 11, 2026",Foy Hall,213
12015,HADM 4000,12:30 pm,1:45 pm,TR,"Aug 17, 2026","Dec 11, 2026",Haley Center,2324
12016,HADM 4200,11:00 am,12:15 pm,TR,"Aug 17, 2026","Dec 11, 2026",Haley Center,2312
12017,HADM 4820,5:00 pm,7:30 pm,M,"Aug 17, 2026","Dec 11, 2026",Mell Street Classroom Bldg,3546
12019,HADM 4880,2:00 pm,3:15 pm,TR,"Aug 17, 2026","Dec 11, 2026",Haley Center,2182
12020,HADM 4950,5:00 pm,6:15 pm,TR,"Aug 17, 2026","Dec 11, 2026",Horton-Hardgrave Hall,2047
10586,HIED 7210,5:00 pm,7:50 pm,M,"Aug 17, 2026","Dec 11, 2026",College of Education Bldg,2118
10588,HIED 7250,5:00 pm,7:50 pm,W,"Aug 17, 2026","Dec 11, 2026",College of Education Bldg,2118
10590,HIED 8510,5:00 pm,7:50 pm,M,"Aug 17, 2026","Dec 11, 2026",Haley Center,3226
11361,HIST 1010,8:00 am,9:15 am,TR,"Aug 17, 2026","Dec 11, 2026",Haley Center,2370
11362,HIST 1010,8:00 am,8:50 am,MWF,"Aug 17, 2026","Dec 11, 2026",Haley Center,2370
11364,HIST 1010,9:00 am,9:50 am,MWF,"Aug 17, 2026","Dec 11, 2026",Haley Center,2370
11365,HIST 1010,2:00 pm,3:15 pm,TR,"Aug 17, 2026","Dec 11, 2026",Haley Center,2370
11366,HIST 1010,11:00 am,12:15 pm,TR,"Aug 17, 2026","Dec 11, 2026",Thach Hall,112
11369,HIST 1010,12:30 pm,1:45 pm,TR,"Aug 17, 2026","Dec 11, 2026",Haley Center,2370
11370,HIST 1010,9:00 am,9:50 am,MWF,"Aug 17, 2026","Dec 11, 2026",Foy Hall,258
11371,HIST 1010,12:00 pm,12:50 pm,MWF,"Aug 17, 2026","Dec 11, 2026",Langdon Hall,101
11372,HIST 1010,11:00 am,11:50 am,MWF,"Aug 17, 2026","Dec 11, 2026",Langdon Hall,101
11373,HIST 1010,10:00 am,10:50 am,MWF,"Aug 17, 2026","Dec 11, 2026",Haley Center,2370
11381,HIST 1010,2:00 pm,2:50 pm,MW,"Aug 17, 2026","Dec 11, 2026",Academic Classroom/Lab Complex,208
11381,HIST 1010,2:00 pm,2:50 pm,F,"Aug 17, 2026","Dec 11, 2026",Haley Center,3034
11382,HIST 1010,2:00 pm,2:50 pm,MW,"Aug 17, 2026","Dec 11, 2026",Academic Classroom/Lab Complex,208
11382,HIST 1010,2:00 pm,2:50 pm,F,"Aug 17, 2026","Dec 11, 2026",Haley Center,3187
11383,HIST 1010,2:00 pm,2:50 pm,MW,"Aug 17, 2026","Dec 11, 2026",Academic Classroom/Lab Complex,208
11383,HIST 1010,2:00 pm,2:50 pm,F,"Aug 17, 2026","Dec 11, 2026",Haley Center,3228
11377,HIST 1010,8:00 am,8:50 am,MWF,"Aug 17, 2026","Dec 11, 2026",Haley Center,3104
11378,HIST 1010,1:00 pm,1:50 pm,MW,"Aug 17, 2026","Dec 11, 2026",Academic Classroom/Lab Complex,208
11379,HIST 1010,1:00 pm,1:50 pm,MW,"Aug 17, 2026","Dec 11, 2026",Academic Classroom/Lab Complex,208
11379,HIST 1010,1:00 pm,1:50 pm,F,"Aug 17, 2026","Dec 11, 2026",Haley Center,3182
11380,HIST 1010,1:00 pm,1:50 pm,MW,"Aug 17, 2026","Dec 11, 2026",Academic Classroom/Lab Complex,208
11380,HIST 1010,1:00 pm,1:50 pm,F,"Aug 17, 2026","Dec 11, 2026",Haley Center,3218
11384,HIST 1017,12:30 pm,1:45 pm,TR,"Aug 17, 2026","Dec 11, 2026",Draughon Library,4127
11385,HIST 1017,3:30 pm,4:45 pm,TR,"Aug 17, 2026","Dec 11, 2026",Draughon Library,4041
11386,HIST 1020,3:30 pm,4:45 pm,TR,"Aug 17, 2026","Dec 11, 2026",Thach Hall,112
11388,HIST 1020,2:00 pm,2:50 pm,MWF,"Aug 17, 2026","Dec 11, 2026",Thach Hall,112
11389,HIST 1020,3:00 pm,3:50 pm,MWF,"Aug 17, 2026","Dec 11, 2026",Thach Hall,112
11390,HIST 1020,9:30 am,10:45 am,TR,"Aug 17, 2026","Dec 11, 2026",Foy Hall,258
11394,HIST 1027,2:00 pm,3:15 pm,TR,"Aug 17, 2026","Dec 11, 2026",Lowder Hall,126
11395,HIST 1210,1:00 pm,1:50 pm,M,"Aug 17, 2026","Dec 11, 2026",Langdon Hall,101
11395,HIST 1210,1:00 pm,1:50 pm,WF,"Aug 17, 2026","Dec 11, 2026",Haley Center,3196
11396,HIST 1210,1:00 pm,1:50 pm,M,"Aug 17, 2026","Dec 11, 2026",Langdon Hall,101
11396,HIST 1210,9:00 am,9:50 am,WF,"Aug 17, 2026","Dec 11, 2026",Broun Hall,107
11398,HIST 1210,1:00 pm,1:50 pm,M,"Aug 17, 2026","Dec 11, 2026",Langdon Hall,101
11398,HIST 1210,2:00 pm,2:50 pm,WF,"Aug 17, 2026","Dec 11, 2026",Thach Hall,202
11399,HIST 1210,1:00 pm,1:50 pm,M,"Aug 17, 2026","Dec 11, 2026",Langdon Hall,101
11399,HIST 1210,1:00 pm,1:50 pm,WF,"Aug 17, 2026","Dec 11, 2026",Haley Center,3318
11400,HIST 1210,1:00 pm,1:50 pm,M,"Aug 17, 2026","Dec 11, 2026",Langdon Hall,101
11400,HIST 1210,1:00 pm,1:50 pm,WF,"Aug 17, 2026","Dec 11, 2026",Thach Hall,202
11468,HIST 1210,1:00 pm,1:50 pm,M,"Aug 17, 2026","Dec 11, 2026",Langdon Hall,101
11468,HIST 1210,1:00 pm,1:50 pm,WF,"Aug 17, 2026","Dec 11, 2026",Haley Center,3334
11402,HIST 1210,1:00 pm,1:50 pm,M,"Aug 17, 2026","Dec 11, 2026",Langdon Hall,101
11402,HIST 1210,1:00 pm,1:50 pm,WF,"Aug 17, 2026","Dec 11, 2026",Lowder Hall,126
11403,HIST 1217,1:00 pm,1:50 pm,M,"Aug 17, 2026","Dec 11, 2026",Langdon Hall,101
11403,HIST 1217,1:00 pm,1:50 pm,WF,"Aug 17, 2026","Dec 11, 2026",Broun Hall,107
11404,HIST 2010,12:00 pm,12:50 pm,MW,"Aug 17, 2026","Dec 11, 2026",Haley Center,1403
11404,HIST 2010,12:00 pm,12:50 pm,F,"Aug 17, 2026","Dec 11, 2026",Haley Center,2228
11405,HIST 2010,12:00 pm,12:50 pm,MW,"Aug 17, 2026","Dec 11, 2026",Haley Center,1403
11405,HIST 2010,12:00 pm,12:50 pm,F,"Aug 17, 2026","Dec 11, 2026",Haley Center,3334
11406,HIST 2010,12:00 pm,12:50 pm,MW,"Aug 17, 2026","Dec 11, 2026",Haley Center,1403
11406,HIST 2010,1:00 pm,1:50 pm,F,"Aug 17, 2026","Dec 11, 2026",Haley Center,2332
11407,HIST 2010,12:00 pm,12:50 pm,MW,"Aug 17, 2026","Dec 11, 2026",Haley Center,1403
11407,HIST 2010,1:00 pm,1:50 pm,F,"Aug 17, 2026","Dec 11, 2026",Haley Center,3228
11409,HIST 2020,10:00 am,10:50 am,MWF,"Aug 17, 2026","Dec 11, 2026",Haley Center,3353
11412,HIST 2080,9:30 am,10:45 am,TR,"Aug 17, 2026","Dec 11, 2026",Haley Center,3220
11413,HIST 2120,2:00 pm,3:15 pm,TR,"Aug 17, 2026","Dec 11, 2026",Haley Center,3196
11414,HIST 2130,2:00 pm,2:50 pm,MWF,"Aug 17, 2026","Dec 11, 2026",Haley Center,2212
11416,HIST 3000,11:00 am,11:50 am,MWF,"Aug 17, 2026","Dec 11, 2026",Haley Center,2124
11417,HIST 3010,11:00 am,12:15 pm,TR,"Aug 17, 2026","Dec 11, 2026",Haley Center,3220
11418,HIST 3030,12:30 pm,1:45 pm,TR,"Aug 17, 2026","Dec 11, 2026",Lowder Hall,112
11420,HIST 3570,10:00 am,10:50 am,MWF,"Aug 17, 2026","Dec 11, 2026",College of Education Bldg,2116
11423,HIST 3600,2:00 pm,2:50 pm,MWF,"Aug 17, 2026","Dec 11, 2026",Haley Center,3220
11425,HIST 3800,2:00 pm,3:15 pm,TR,"Aug 17, 2026","Dec 11, 2026",College of Education Bldg,2116
11428,HIST 3970,9:00 am,9:50 am,MWF,"Aug 17, 2026","Dec 11, 2026",Lowder Hall,33
11429,HIST 4950,2:00 pm,3:15 pm,TR,"Aug 17, 2026","Dec 11, 2026",Haley Center,3104
11432,HIST 5070,1:00 pm,1:50 pm,MWF,"Aug 17, 2026","Dec 11, 2026",Draughon Library,4133
11433,HIST 5090,9:30 am,10:45 am,TR,"Aug 17, 2026","Dec 11, 2026",Draughon Library,3027
11434,HIST 5370,11:00 am,11:50 am,MWF,"Aug 17, 2026","Dec 11, 2026",Draughon Library,4127
11436,HIST 5970,11:00 am,12:15 pm,TR,"Aug 17, 2026","Dec 11, 2026",Haley Center,3326
11440,HIST 6070,1:00 pm,1:50 pm,MWF,"Aug 17, 2026","Dec 11, 2026",Draughon Library,4133
11441,HIST 6090,9:30 am,10:45 am,TR,"Aug 17, 2026","Dec 11, 2026",Draughon Library,3027
11442,HIST 6370,11:00 am,11:50 am,MWF,"Aug 17, 2026","Dec 11, 2026",Draughon Library,4127
11444,HIST 6970,11:00 am,12:15 pm,TR,"Aug 17, 2026","Dec 11, 2026",Haley Center,3326
11447,HIST 7240,4:00 pm,6:50 pm,M,"Aug 17, 2026","Dec 11, 2026",Thach Hall,312B
11448,HIST 7480,1:00 pm,3:50 pm,T,"Aug 17, 2026","Dec 11, 2026",Thach Hall,312B
11449,HIST 7590,1:00 pm,3:50 pm,W,"Aug 17, 2026","Dec 11, 2026",Thach Hall,312B
11450,HIST 7710,1:00 pm,3:50 pm,R,"Aug 17, 2026","Dec 11, 2026",Thach Hall,312B
11452,HIST 7970,4:00 pm,6:50 pm,R,"Aug 17, 2026","Dec 11, 2026",Thach Hall,312B
11457,HIST 8700,4:00 pm,6:50 pm,W,"Aug 17, 2026","Dec 11, 2026",Thach Hall,312B
11458,HIST 8720,3:00 pm,3:50 pm,M,"Aug 17, 2026","Dec 11, 2026",Thach Hall,312A
17116,HONR 1077,8:00 am,8:50 am,R,"Aug 17, 2026","Dec 11, 2026",Upchurch Hall,218
17115,HONR 1077,11:00 am,11:50 am,T,"Aug 17, 2026","Dec 11, 2026",Haley Center,2226
18135,HONR 1077,9:00 am,9:50 am,W,"Aug 17, 2026","Dec 11, 2026",Haley Center,2226
18137,HONR 1077,9:30 am,10:20 am,R,"Aug 17, 2026","Dec 11, 2026",Haley Center,3332
17112,HONR 1077,2:30 pm,3:20 pm,T,"Aug 17, 2026","Dec 11, 2026",Draughon Library,3033
17117,HONR 1077,3:00 pm,3:50 pm,M,"Aug 17, 2026","Dec 11, 2026",Draughon Library,4033
17113,HONR 1077,10:00 am,10:50 am,M,"Aug 17, 2026","Dec 11, 2026",Mell Street Classroom Bldg,4510B
17119,HONR 1077,2:00 pm,2:50 pm,M,"Aug 17, 2026","Dec 11, 2026",Draughon Library,4127
17120,HONR 1077,2:00 pm,2:50 pm,W,"Aug 17, 2026","Dec 11, 2026",Draughon Library,4127
17121,HONR 1077,3:30 pm,4:20 pm,T,"Aug 17, 2026","Dec 11, 2026",Draughon Library,4127
17123,HONR 1077,2:00 pm,2:50 pm,R,"Aug 17, 2026","Dec 11, 2026",Draughon Library,4127
17124,HONR 1087,4:00 pm,4:50 pm,W,"Aug 17, 2026","Dec 11, 2026",Draughon Library,4041
17126,HONR 1087,9:30 am,10:45 am,T,"Aug 17, 2026","Dec 11, 2026",Haley Center,2332
17127,HONR 1087,11:00 am,11:50 am,R,"Aug 17, 2026","Dec 11, 2026",Haley Center,2226
17128,HONR 1087,11:00 am,11:50 am,W,"Aug 17, 2026","Dec 11, 2026",Haley Center,2226
17129,HONR 1087,12:30 pm,1:20 pm,T,"Aug 17, 2026","Dec 11, 2026",Haley Center,3150
17132,HONR 1087,9:00 am,9:50 am,W,"Aug 17, 2026","Dec 11, 2026",Haley Center,3226
17133,HONR 1087,4:00 pm,4:50 pm,M,"Aug 17, 2026","Dec 11, 2026",Science Center Classroom Bldg,122
17134,HONR 1087,9:30 am,10:45 am,R,"Aug 17, 2026","Dec 11, 2026",Haley Center,3228
18136,HONR 1087,9:30 am,10:20 am,T,"Aug 17, 2026","Dec 11, 2026",Haley Center,3228
17135,HONR 1087,9:30 am,10:45 am,R,"Aug 17, 2026","Dec 11, 2026",Haley Center,2332
17136,HONR 1087,9:00 am,9:50 am,M,"Aug 17, 2026","Dec 11, 2026",Haley Center,3228
18090,HONR 1087,9:00 am,9:50 am,F,"Aug 17, 2026","Dec 11, 2026",Haley Center,2226
18111,HONR 1087,10:00 am,10:50 am,W,"Aug 17, 2026","Dec 11, 2026",Haley Center,2312
17137,HONR 1087,3:30 pm,4:20 pm,T,"Aug 17, 2026","Dec 11, 2026",Draughon Library,4033
17138,HONR 1087,3:30 pm,4:45 pm,T,"Aug 17, 2026","Dec 11, 2026",Mell Street Classroom Bldg,3520
18124,HONR 1087,2:00 pm,2:50 pm,W,"Aug 17, 2026","Dec 11, 2026",Mell Street Classroom Bldg,4520
17139,HONR 1087,12:30 pm,1:45 pm,R,"Aug 17, 2026","Dec 11, 2026",Haley Center,2228
17153,HONR 2087,1:00 pm,1:50 pm,W,"Aug 17, 2026","Dec 11, 2026",Haley Center,3226
17146,HONR 2087,12:00 pm,12:50 pm,W,"Aug 17, 2026","Dec 11, 2026",Haley Center,3226
17147,HONR 2087,11:00 am,11:50 am,T,"Aug 17, 2026","Dec 11, 2026",Haley Center,3226
17148,HONR 2087,3:00 pm,3:50 pm,M,"Aug 17, 2026","Dec 11, 2026",Haley Center,3226
17149,HONR 2087,5:00 pm,5:50 pm,M,"Aug 17, 2026","Dec 11, 2026",Draughon Library,4033
17150,HONR 2087,2:00 pm,2:50 pm,M,"Aug 17, 2026","Dec 11, 2026",Haley Center,3226
17154,HONR 2087,4:00 pm,4:50 pm,M,"Aug 17, 2026","Dec 11, 2026",Haley Center,3307
17160,HONR 2087,4:00 pm,4:50 pm,T,"Aug 17, 2026","Dec 11, 2026",Haley Center,3307
17151,HONR 2087,2:00 pm,2:50 pm,R,"Aug 17, 2026","Dec 11, 2026",Haley Center,3226
18351,HONR 2087,12:30 pm,1:20 pm,R,"Aug 17, 2026","Dec 11, 2026",Haley Center,2196
17155,HONR 2087,2:00 pm,2:50 pm,W,"Aug 17, 2026","Dec 11, 2026",Draughon Library,3133
17156,HONR 2087,11:00 am,11:50 am,M,"Aug 17, 2026","Dec 11, 2026",Draughon Library,3127
17157,HONR 2087,3:30 pm,4:20 pm,M,"Aug 17, 2026","Dec 11, 2026",Draughon Library,3027
17159,HONR 2087,9:00 am,9:50 am,W,"Aug 17, 2026","Dec 11, 2026",Draughon Library,3035
17162,HONR 3007,9:30 am,10:45 am,TR,"Aug 17, 2026","Dec 11, 2026",Haley Center,3224
17171,HONR 3007,9:30 am,10:45 am,TR,"Aug 17, 2026","Dec 11, 2026",College of Education Bldg,2257
17170,HONR 3007,11:00 am,12:15 pm,TR,"Aug 17, 2026","Dec 11, 2026",Haley Center,3187
17165,HONR 3007,12:00 pm,1:15 pm,MW,"Aug 17, 2026","Dec 11, 2026",Haley Center,2222
17166,HONR 3007,2:00 pm,3:15 pm,MW,"Aug 17, 2026","Dec 11, 2026",Mell Street Classroom Bldg,4546
17167,HONR 3007,12:30 pm,1:45 pm,TR,"Aug 17, 2026","Dec 11, 2026",Rane Center,202
17164,HONR 3007,12:30 pm,1:45 pm,TR,"Aug 17, 2026","Dec 11, 2026",Draughon Library,4033
17168,HONR 3007,2:00 pm,4:30 pm,M,"Aug 17, 2026","Dec 11, 2026",Mell Street Classroom Bldg,3510B
17169,HONR 3007,2:00 pm,3:15 pm,TR,"Aug 17, 2026","Dec 11, 2026",Haley Center,2226
17163,HONR 3007,10:00 am,10:50 am,MWF,"Aug 17, 2026","Dec 11, 2026",Haley Center,3307
17172,HONR 3007,11:00 am,12:15 pm,TR,"Aug 17, 2026","Dec 11, 2026",Draughon Library,3027
17174,HONR 3987,3:00 pm,5:00 pm,W,"Aug 17, 2026","Dec 11, 2026",Haley Center,3226
17175,HONR 3987,1:00 pm,3:00 pm,T,"Aug 17, 2026","Dec 11, 2026",Haley Center,3307
17176,HONR 3987,2:00 pm,3:15 pm,TR,"Aug 17, 2026","Dec 11, 2026",College of Education Bldg,1424
17177,HONR 3987,8:00 am,10:30 am,W,"Aug 17, 2026","Dec 11, 2026",Draughon Library,3127
10768,HORT 1010,12:00 pm,12:50 pm,M,"Aug 17, 2026","Dec 11, 2026",Rouse Life Sciences Bldg,112
10770,HORT 2020,12:00 pm,12:50 pm,MW,"Aug 17, 2026","Dec 11, 2026",STEM and Agric Science Complex,1142
10771,HORT 2030,11:00 am,12:15 pm,TR,"Aug 17, 2026","Dec 11, 2026",STEM and Agric Science Complex,1117
10772,HORT 2030,12:30 pm,1:45 pm,TR,"Aug 17, 2026","Dec 11, 2026",STEM and Agric Science Complex,1117
10773,HORT 2060,9:30 am,10:45 am,TR,"Aug 17, 2026","Dec 11, 2026",STEM and Agric Science Complex,1117
10774,HORT 2210,9:00 am,9:50 am,MW,"Aug 17, 2026","Dec 11, 2026",STEM and Agric Science Complex,1142
10775,HORT 2240,11:00 am,12:15 pm,TR,"Aug 17, 2026","Dec 11, 2026",STEM and Agric Science Complex,2106
10777,HORT 3000,10:00 am,10:50 am,MWF,"Aug 17, 2026","Dec 11, 2026",Rouse Life Sciences Bldg,112
10778,HORT 3200,9:00 am,9:50 am,MW,"Aug 17, 2026","Dec 11, 2026",STEM and Agric Science Complex,1117
10779,HORT 3200,9:00 am,9:50 am,MW,"Aug 17, 2026","Dec 11, 2026",STEM and Agric Science Complex,1117
18888,HORT 3280,8:00 am,9:15 am,TR,"Aug 17, 2026","Dec 11, 2026",STEM and Agric Science Complex,1142
18888,HORT 3280,1:00 pm,4:50 pm,T,"Aug 17, 2026","Dec 11, 2026",STEM and Agric Science Complex,1142
10783,HORT 4000,8:00 am,9:15 am,TR,"Aug 17, 2026","Dec 11, 2026",STEM and Agric Science Complex,1117
10784,HORT 4250,3:30 pm,6:20 pm,W,"Aug 17, 2026","Dec 11, 2026",Horticultural Greenhouse,1
10790,HORT 5100,2:00 pm,3:15 pm,TR,"Aug 17, 2026","Dec 11, 2026",STEM and Agric Science Complex,1117
10791,HORT 5220,11:00 am,11:50 am,MWF,"Aug 17, 2026","Dec 11, 2026",STEM and Agric Science Complex,1117
10792,HORT 6100,2:00 pm,3:15 pm,TR,"Aug 17, 2026","Dec 11, 2026",STEM and Agric Science Complex,1117
10793,HORT 6220,11:00 am,11:50 am,MWF,"Aug 17, 2026","Dec 11, 2026",STEM and Agric Science Complex,1117
17298,HOSP 1010,11:00 am,12:15 pm,TR,"Aug 17, 2026","Dec 11, 2026",Rane Center,306
17303,HOSP 2000,2:00 pm,4:30 pm,W,"Aug 17, 2026","Dec 11, 2026",Rane Center,306
17304,HOSP 2000,3:00 pm,5:30 pm,M,"Aug 17, 2026","Dec 11, 2026",Rane Center,222
18072,HOSP 2010,2:00 pm,4:30 pm,R,"Aug 17, 2026","Dec 11, 2026",Rane Center,202
17305,HOSP 2300,12:30 pm,1:45 pm,TR,"Aug 17, 2026","Dec 11, 2026",Rane Center,306A
17314,HOSP 2401,8:00 am,1:50 pm,T,"Aug 17, 2026","Dec 11, 2026",Rane Center,212
17315,HOSP 2401,8:00 am,1:50 pm,W,"Aug 17, 2026","Dec 11, 2026",Rane Center,212
17316,HOSP 2401,8:00 am,1:50 pm,R,"Aug 17, 2026","Dec 11, 2026",Rane Center,212
17317,HOSP 2401,8:00 am,1:50 pm,F,"Aug 17, 2026","Dec 11, 2026",Rane Center,222
17327,HOSP 2600,2:00 pm,3:15 pm,TR,"Aug 17, 2026","Dec 11, 2026",Rane Center,306A
17328,HOSP 2600,2:00 pm,3:15 pm,TR,"Aug 17, 2026","Dec 11, 2026",Rane Center,306B
17329,HOSP 2940,10:00 am,11:40 am,W,"Aug 17, 2026","Dec 11, 2026",Rane Center,306A
17330,HOSP 2940,10:00 am,11:40 am,W,"Aug 17, 2026","Dec 11, 2026",Rane Center,306B
17331,HOSP 3200,3:00 pm,5:30 pm,M,"Aug 17, 2026","Dec 11, 2026",Rane Center,306
17334,HOSP 3460,9:30 am,10:45 am,TR,"Aug 17, 2026","Dec 11, 2026",Rane Center,306A
17335,HOSP 3800,11:00 am,12:15 pm,TR,"Aug 17, 2026","Dec 11, 2026",Rane Center,312
17336,HOSP 3800,11:00 am,12:15 pm,TR,"Aug 17, 2026","Dec 11, 2026",Rane Center,222
17337,HOSP 4200,11:00 am,12:40 pm,M,"Aug 17, 2026","Dec 11, 2026",Rane Center,312
17341,HOSP 4300,1:00 pm,2:40 pm,M,"Aug 17, 2026","Dec 11, 2026",Rane Center,312
17342,HOSP 4301,4:00 pm,9:30 pm,W,"Aug 17, 2026","Dec 11, 2026",Rane Center,1856
17343,HOSP 4301,4:00 pm,9:30 pm,R,"Aug 17, 2026","Dec 11, 2026",Rane Center,1856
17344,HOSP 4301,4:00 pm,9:30 pm,F,"Aug 17, 2026","Dec 11, 2026",Rane Center,1856
18134,HOSP 4530,9:00 am,10:15 am,MW,"Aug 17, 2026","Dec 11, 2026",Rane Center,222
17345,HOSP 4570,12:30 pm,1:45 pm,TR,"Aug 17, 2026","Dec 11, 2026",Rane Center,312
17346,HOSP 4600,1:00 pm,3:30 pm,F,"Aug 17, 2026","Dec 11, 2026",Rane Center,202
17347,HOSP 4600,1:00 pm,3:30 pm,F,"Aug 17, 2026","Dec 11, 2026",Rane Center,212
17348,HOSP 4600,1:00 pm,3:30 pm,W,"Aug 17, 2026","Dec 11, 2026",Rane Center,202
Strategic Design and Technical Production,17353,11:00 am,12:50 pm,M,"Aug 17, 2026","Dec 11, 2026",Rane Center,306B
Strategic Design and Technical Production,17353,8:00 am,9:50 am,TR,"Aug 17, 2026","Dec 11, 2026",Rane Center,306B
17354,HOSP 7090,12:45 pm,3:15 pm,M,"Aug 17, 2026","Dec 11, 2026",Rane Center,215
17360,HOSP 7500,4:00 pm,6:30 pm,R,"Aug 17, 2026","Dec 11, 2026",Rane Center,312
18076,HOSP 8870,2:00 pm,4:30 pm,T,"Aug 17, 2026","Dec 11, 2026",Rane Center,312
17179,HDFS 1800,10:00 am,10:50 am,MW,"Aug 17, 2026","Dec 11, 2026",Haley Center,1408
17180,HDFS 1800,10:00 am,10:50 am,MW,"Aug 17, 2026","Dec 11, 2026",Haley Center,2442
17181,HDFS 1810,12:30 pm,1:30 pm,T,"Aug 17, 2026","Dec 11, 2026",Haley Center,2438
17184,HDFS 2000,8:00 am,8:50 am,MWF,"Aug 17, 2026","Dec 11, 2026",Mell Street Classroom Bldg,2510
17186,HDFS 2010,9:30 am,10:45 am,TR,"Aug 17, 2026","Dec 11, 2026",Mell Street Classroom Bldg,2550
17188,HDFS 2030,8:00 am,9:00 am,TR,"Aug 17, 2026","Dec 11, 2026",Haley Center,1408
17190,HDFS 2040,11:00 am,12:15 pm,TR,"Aug 17, 2026","Dec 11, 2026",Foy Hall,213
17191,HDFS 2040,12:30 pm,1:45 pm,TR,"Aug 17, 2026","Dec 11, 2026",Foy Hall,213
18517,HDFS 2100,2:00 pm,2:50 pm,MWF,"Aug 17, 2026","Dec 11, 2026",Haley Center,3238
17193,HDFS 2100,9:00 am,9:50 am,MWF,"Aug 17, 2026","Dec 11, 2026",Mell Street Classroom Bldg,2510
17197,HDFS 3010,12:30 pm,1:45 pm,TR,"Aug 17, 2026","Dec 11, 2026",Mell Street Classroom Bldg,3550
17199,HDFS 3040,11:00 am,11:50 am,MWF,"Aug 17, 2026","Dec 11, 2026",Draughon Library,3035
17200,HDFS 3060,11:00 am,12:15 pm,TR,"Aug 17, 2026","Dec 11, 2026",Draughon Library,3035
17201,HDFS 3080,2:00 pm,3:15 pm,TR,"Aug 17, 2026","Dec 11, 2026",Rane Center,212
17202,HDFS 3110,9:30 am,10:45 am,TR,"Aug 17, 2026","Dec 11, 2026",Draughon Library,3129
17205,HDFS 3460,3:30 pm,4:45 pm,TR,"Aug 17, 2026","Dec 11, 2026",Haley Center,2414
17209,HDFS 3500,2:00 pm,3:15 pm,TR,"Aug 17, 2026","Dec 11, 2026",Haley Center,1408
17210,HDFS 3520,11:00 am,12:15 pm,TR,"Aug 17, 2026","Dec 11, 2026",Haley Center,2442
17221,HDFS 4520,10:00 am,10:50 am,MWF,"Aug 17, 2026","Dec 11, 2026",Draughon Library,4035
17222,HDFS 4660,9:00 am,9:50 am,MWF,"Aug 17, 2026","Dec 11, 2026",Mell Street Classroom Bldg,3510A
17224,HDFS 4670,2:00 pm,2:50 pm,MWF,"Aug 17, 2026","Dec 11, 2026",Upchurch Hall,218
17225,HDFS 4680,8:00 am,8:50 am,MWF,"Aug 17, 2026","Dec 11, 2026",Draughon Library,4035
17227,HDFS 4910,11:00 am,11:50 am,MW,"Aug 17, 2026","Dec 11, 2026",Haley Center,1408
17231,HDFS 4950,2:00 pm,3:15 pm,TR,"Aug 17, 2026","Dec 11, 2026",Draughon Library,3027
17242,HDFS 5200,11:00 am,12:15 pm,TR,"Aug 17, 2026","Dec 11, 2026",Miller Hall,226
17243,HDFS 5300,12:30 pm,1:45 pm,TR,"Aug 17, 2026","Dec 11, 2026",Haley Center,2442
17244,HDFS 5930,3:30 pm,5:00 pm,TR,"Aug 17, 2026","Dec 11, 2026",Haley Center,2442
17246,HDFS 6200,11:00 am,12:15 pm,TR,"Aug 17, 2026","Dec 11, 2026",Miller Hall,226
17760,HDFS 6300,12:30 pm,1:45 pm,TR,"Aug 17, 2026","Dec 11, 2026",Haley Center,2442
17247,HDFS 6930,3:30 pm,6:30 pm,W,"Aug 17, 2026","Dec 11, 2026",Haley Center,1474
17250,HDFS 7010,1:00 pm,3:45 pm,W,"Aug 17, 2026","Dec 11, 2026",Haley Center,2430
17248,HDFS 7010,9:00 am,12:00 pm,F,"Aug 17, 2026","Dec 11, 2026",Draughon Library,3127
17251,HDFS 7050,11:30 am,2:30 pm,M,"Aug 17, 2026","Dec 11, 2026",Haley Center,2442
17252,HDFS 7100,11:00 am,1:45 pm,T,"Aug 17, 2026","Dec 11, 2026",Haley Center,3353
17254,HDFS 7130,11:00 am,1:45 pm,R,"Aug 17, 2026","Dec 11, 2026",Haley Center,3353
17268,HDFS 7930,9:00 am,10:50 am,T,"Aug 17, 2026","Dec 11, 2026",Haley Center,1474
17274,HDFS 8050,9:00 am,12:00 pm,R,"Aug 17, 2026","Dec 11, 2026",Haley Center,0015B
17275,HDFS 8090,2:00 pm,5:00 pm,W,"Aug 17, 2026","Dec 11, 2026",Haley Center,3218
17389,HRMN 3420,9:00 am,9:50 am,MWF,"Aug 17, 2026","Dec 11, 2026",Lowder Hall,153
17390,HRMN 3420,10:00 am,10:50 am,MWF,"Aug 17, 2026","Dec 11, 2026",Lowder Hall,153
17391,HRMN 3420,12:30 pm,1:45 pm,TR,"Aug 17, 2026","Dec 11, 2026",Horton-Hardgrave Hall,2057
17392,HRMN 3420,2:00 pm,3:15 pm,TR,"Aug 17, 2026","Dec 11, 2026",Horton-Hardgrave Hall,2057
17395,HRMN 5460,11:00 am,12:15 pm,TR,"Aug 17, 2026","Dec 11, 2026",Horton-Hardgrave Hall,2057
17396,HRMN 5470,2:00 pm,3:15 pm,TR,"Aug 17, 2026","Dec 11, 2026",Lowder Hall,152
17397,HRMN 5510,9:30 am,10:45 am,MW,"Aug 17, 2026","Dec 11, 2026",Horton-Hardgrave Hall,2047
17398,HRMN 5540,9:30 am,10:45 am,TR,"Aug 17, 2026","Dec 11, 2026",Lowder Hall,154
17399,HRMN 6460,11:00 am,12:15 pm,TR,"Aug 17, 2026","Dec 11, 2026",Horton-Hardgrave Hall,2057
17400,HRMN 6470,2:00 pm,3:15 pm,TR,"Aug 17, 2026","Dec 11, 2026",Lowder Hall,152
17401,HRMN 6510,9:30 am,10:45 am,MW,"Aug 17, 2026","Dec 11, 2026",Horton-Hardgrave Hall,2047
17402,HRMN 6540,9:30 am,10:45 am,TR,"Aug 17, 2026","Dec 11, 2026",Lowder Hall,154
17294,HUSC 2000,11:00 am,12:15 pm,TR,"Aug 17, 2026","Dec 11, 2026",Academic Classroom/Lab Complex,286B
17295,HUSC 2007,11:00 am,12:15 pm,TR,"Aug 17, 2026","Dec 11, 2026",Academic Classroom/Lab Complex,286B
17784,INSY 3010,2:00 pm,3:15 pm,TR,"Aug 17, 2026","Dec 11, 2026",Mell Street Classroom Bldg,2510
17784,INSY 3010,3:30 pm,5:00 pm,R,"Aug 17, 2026","Dec 11, 2026",Mell Street Classroom Bldg,4550
17785,INSY 3020,8:00 am,9:15 am,TR,"Aug 17, 2026","Dec 11, 2026",Broun Hall,239
17787,INSY 3021,9:00 am,9:50 am,MW,"Aug 17, 2026","Dec 11, 2026",Shelby Center,2101
17787,INSY 3021,2:00 pm,4:20 pm,W,"Aug 17, 2026","Dec 11, 2026",Shelby Center,3210
17788,INSY 3400,10:00 am,10:50 am,MWF,"Aug 17, 2026","Dec 11, 2026",Mell Street Classroom Bldg,2550
17789,INSY 3410,8:00 am,8:50 am,MWF,"Aug 17, 2026","Dec 11, 2026",Mell Street Classroom Bldg,2550
17793,INSY 3600,11:00 am,11:50 am,MWF,"Aug 17, 2026","Dec 11, 2026",Mell Street Classroom Bldg,2510
17794,INSY 3607,11:00 am,11:50 am,MWF,"Aug 17, 2026","Dec 11, 2026",Mell Street Classroom Bldg,2510
17795,INSY 3700,10:00 am,10:50 am,MWF,"Aug 17, 2026","Dec 11, 2026",Mell Street Classroom Bldg,3550
17799,INSY 4500,8:00 am,8:50 am,W,"Aug 17, 2026","Dec 11, 2026",Lowder Hall,5
17800,INSY 4700,11:00 am,12:15 pm,TR,"Aug 17, 2026","Dec 11, 2026",Mell Street Classroom Bldg,2550
17802,INSY 5010,11:00 am,12:15 pm,TR,"Aug 17, 2026","Dec 11, 2026",Shelby Center,1122
17803,INSY 5050,12:30 pm,1:45 pm,TR,"Aug 17, 2026","Dec 11, 2026",Ramsay Hall,200
17804,INSY 5080,9:30 am,10:45 am,TR,"Aug 17, 2026","Dec 11, 2026",Shelby Center,1122
17805,INSY 5100,2:00 pm,3:15 pm,TR,"Aug 17, 2026","Dec 11, 2026",Shelby Center,1122
17807,INSY 5330,12:30 pm,1:45 pm,TR,"Aug 17, 2026","Dec 11, 2026",Shelby Center,1103
17808,INSY 5500,11:00 am,11:50 am,MWF,"Aug 17, 2026","Dec 11, 2026",Shelby Center,1122
17810,INSY 5660,8:00 am,9:15 am,TR,"Aug 17, 2026","Dec 11, 2026",Draughon Library,4035
18649,INSY 5700,4:30 pm,6:50 pm,R,"Aug 17, 2026","Dec 11, 2026",Shelby Center,1113
17813,INSY 5800,9:00 am,9:50 am,MW,"Aug 17, 2026","Dec 11, 2026",Shelby Center,1103
17817,INSY 6010,11:00 am,12:15 pm,TR,"Aug 17, 2026","Dec 11, 2026",Shelby Center,1122
17819,INSY 6050,12:30 pm,1:45 pm,TR,"Aug 17, 2026","Dec 11, 2026",Ramsay Hall,200
17821,INSY 6080,9:30 am,10:45 am,TR,"Aug 17, 2026","Dec 11, 2026",Shelby Center,1122
17823,INSY 6100,2:00 pm,3:15 pm,TR,"Aug 17, 2026","Dec 11, 2026",Shelby Center,1122
17829,INSY 6330,12:30 pm,1:45 pm,TR,"Aug 17, 2026","Dec 11, 2026",Shelby Center,1103
17833,INSY 6500,11:00 am,11:50 am,MWF,"Aug 17, 2026","Dec 11, 2026",Shelby Center,1122
17835,INSY 6660,8:00 am,9:15 am,TR,"Aug 17, 2026","Dec 11, 2026",Draughon Library,4035
18648,INSY 6700,4:30 pm,6:50 pm,R,"Aug 17, 2026","Dec 11, 2026",Shelby Center,1113
17840,INSY 6800,9:00 am,9:50 am,MW,"Aug 17, 2026","Dec 11, 2026",Shelby Center,1103
17918,INSY 7130,11:00 am,12:15 pm,TR,"Aug 17, 2026","Dec 11, 2026",Draughon Library,4027
17851,INSY 7190,1:00 pm,1:50 pm,W,"Aug 17, 2026","Dec 11, 2026",Shelby Center,3210
17854,INSY 7390,1:00 pm,1:50 pm,W,"Aug 17, 2026","Dec 11, 2026",Shelby Center,3210
17859,INSY 7760,3:30 pm,4:45 pm,MW,"Aug 17, 2026","Dec 11, 2026",Shelby Center,1122
17865,INSY 8060,11:00 am,12:15 pm,MW,"Aug 17, 2026","Dec 11, 2026",Shelby Center,3210
10417,INDD 1120,3:30 pm,4:45 pm,TR,"Aug 17, 2026","Dec 11, 2026",Academic Classroom/Lab Complex,242
10418,INDD 1120,2:00 pm,3:15 pm,TR,"Aug 17, 2026","Dec 11, 2026",Academic Classroom/Lab Complex,270
10419,INDD 1120,8:00 am,9:15 am,TR,"Aug 17, 2026","Dec 11, 2026",Academic Classroom/Lab Complex,270
10422,INDD 2110,8:30 am,11:50 am,MWF,"Aug 17, 2026","Dec 11, 2026",Wallace Center,118
10425,INDD 3110,8:30 am,11:50 am,MWF,"Aug 17, 2026","Dec 11, 2026",Wallace Center,215
10426,INDD 3110,8:30 am,11:50 am,MWF,"Aug 17, 2026","Dec 11, 2026",Wallace Center,210
10427,INDD 3110,8:30 am,11:50 am,MWF,"Aug 17, 2026","Dec 11, 2026",Wallace Center,220
10429,INDD 3230,12:30 pm,1:45 pm,TR,"Aug 17, 2026","Dec 11, 2026",Wallace Center,226
10430,INDD 3230,2:00 pm,3:15 pm,TR,"Aug 17, 2026","Dec 11, 2026",Wallace Center,226
10431,INDD 4110,8:30 am,11:50 am,MWF,"Aug 17, 2026","Dec 11, 2026",Wallace Center,239
10432,INDD 4110,8:30 am,11:50 am,MWF,"Aug 17, 2026","Dec 11, 2026",Wallace Center,232
10433,INDD 4110,8:30 am,11:50 am,MWF,"Aug 17, 2026","Dec 11, 2026",Wallace Center,233
10435,INDD 4220,8:00 am,9:15 am,TR,"Aug 17, 2026","Dec 11, 2026",Wallace Center,111
18419,INDD 5960,2:30 pm,3:45 pm,MW,"Aug 17, 2026","Dec 11, 2026",Wallace Center,226
10440,INDD 6120,2:00 pm,3:15 pm,TR,"Aug 17, 2026","Dec 11, 2026",Wallace Center,107
10446,INDD 7650,4:30 pm,5:45 pm,TR,"Aug 17, 2026","Dec 11, 2026",Wallace Center,107
10867,ISMN 2140,8:00 am,8:50 am,MW,"Aug 17, 2026","Dec 11, 2026",Lowder Hall,113A
10868,ISMN 2140,11:00 am,11:50 am,MW,"Aug 17, 2026","Dec 11, 2026",Lowder Hall,129
10869,ISMN 2140,10:00 am,10:50 am,MW,"Aug 17, 2026","Dec 11, 2026",Lowder Hall,129
10870,ISMN 2140,12:30 pm,1:20 pm,TR,"Aug 17, 2026","Dec 11, 2026",Lowder Hall,129
10871,ISMN 2140,2:00 pm,2:50 pm,TR,"Aug 17, 2026","Dec 11, 2026",Lowder Hall,125A
10872,ISMN 2140,3:30 pm,4:20 pm,TR,"Aug 17, 2026","Dec 11, 2026",Lowder Hall,19
10874,ISMN 2140,3:30 pm,4:20 pm,MW,"Aug 17, 2026","Dec 11, 2026",Lowder Hall,110
10875,ISMN 2140,1:00 pm,1:50 pm,MW,"Aug 17, 2026","Dec 11, 2026",Lowder Hall,113A
10876,ISMN 3010,2:00 pm,2:50 pm,W,"Aug 17, 2026","Dec 11, 2026",Horton-Hardgrave Hall,2017
18170,ISMN 3070,3:30 pm,4:45 pm,MW,"Aug 17, 2026","Dec 11, 2026",Horton-Hardgrave Hall,2057
10877,ISMN 3080,3:30 pm,4:45 pm,TR,"Aug 17, 2026","Dec 11, 2026",Horton-Hardgrave Hall,2018
10879,ISMN 3830,2:00 pm,3:15 pm,TR,"Aug 17, 2026","Dec 11, 2026",Horton-Hardgrave Hall,2017
10880,ISMN 4090,11:00 am,12:15 pm,TR,"Aug 17, 2026","Dec 11, 2026",Horton-Hardgrave Hall,2017
10882,ISMN 5040,11:00 am,12:15 pm,MW,"Aug 17, 2026","Dec 11, 2026",Lowder Hall,112
10883,ISMN 5290,12:30 pm,1:45 pm,MW,"Aug 17, 2026","Dec 11, 2026",Horton-Hardgrave Hall,2017
10884,ISMN 5370,12:30 pm,1:45 pm,TR,"Aug 17, 2026","Dec 11, 2026",Lowder Hall,14
18223,ISMN 5370,8:00 am,9:15 am,TR,"Aug 17, 2026","Dec 11, 2026",Horton-Hardgrave Hall,3017
10886,ISMN 5620,9:30 am,10:45 am,MW,"Aug 17, 2026","Dec 11, 2026",Lowder Hall,21
10888,ISMN 5650,2:00 pm,3:15 pm,MW,"Aug 17, 2026","Dec 11, 2026",Lowder Hall,9
10889,ISMN 5680,12:30 pm,1:45 pm,MW,"Aug 17, 2026","Dec 11, 2026",Lowder Hall,153
10890,ISMN 5730,11:00 am,12:15 pm,MW,"Aug 17, 2026","Dec 11, 2026",Horton-Hardgrave Hall,2017
10891,ISMN 5730,8:00 am,9:15 am,MW,"Aug 17, 2026","Dec 11, 2026",Horton-Hardgrave Hall,2017
10892,ISMN 5740,9:30 am,10:45 am,MW,"Aug 17, 2026","Dec 11, 2026",Horton-Hardgrave Hall,2017
10893,ISMN 5880,2:00 pm,3:15 pm,MW,"Aug 17, 2026","Dec 11, 2026",Horton-Hardgrave Hall,3017
10894,ISMN 6290,12:30 pm,1:45 pm,MW,"Aug 17, 2026","Dec 11, 2026",Horton-Hardgrave Hall,2017
10896,ISMN 6370,2:00 pm,3:15 pm,MW,"Aug 17, 2026","Dec 11, 2026",Lowder Hall,27
10900,ISMN 6730,11:00 am,12:15 pm,MW,"Aug 17, 2026","Dec 11, 2026",Horton-Hardgrave Hall,2017
10902,ISMN 6740,9:30 am,10:45 am,MW,"Aug 17, 2026","Dec 11, 2026",Horton-Hardgrave Hall,2017
10904,ISMN 7660,11:00 am,12:15 pm,TR,"Aug 17, 2026","Dec 11, 2026",Lowder Hall,21
15425,EDUC 1010,9:00 am,9:50 am,M,"Aug 17, 2026","Oct 09, 2026",College of Education Bldg,2233
15426,EDUC 1010,3:00 pm,3:50 pm,R,"Aug 17, 2026","Oct 09, 2026",College of Education Bldg,2233
15427,EDUC 1010,9:00 am,9:50 am,M,"Oct 19, 2026","Dec 11, 2026",College of Education Bldg,2233
15428,EDUC 1010,3:00 pm,3:50 pm,R,"Oct 19, 2026","Dec 11, 2026",College of Education Bldg,2233
12098,IDSC 1010,2:00 pm,3:15 pm,TR,"Aug 17, 2026","Dec 11, 2026",Mell Street Classroom Bldg,4546
10057,ARIA 2150,12:30 pm,1:45 pm,TR,"Aug 17, 2026","Dec 11, 2026",Dudley Hall,109
10058,ARIA 3020,1:00 pm,4:50 pm,MWF,"Aug 17, 2026","Dec 11, 2026",Dudley Hall,319B
10060,ARIA 4020,1:00 pm,4:50 pm,MWF,"Aug 17, 2026","Dec 11, 2026",Dudley Hall,319B
12105,INTL 1800,11:00 am,12:15 pm,TR,"Aug 17, 2026","Dec 11, 2026",Lowder Hall,4
12106,INTL 1820,2:00 pm,3:15 pm,TR,"Aug 17, 2026","Dec 11, 2026",Lowder Hall,4
13481,JRNL 1000,10:00 am,10:50 am,MWF,"Aug 17, 2026","Dec 11, 2026",Tichenor Hall,215
13482,JRNL 2210,11:00 am,11:50 am,MWF,"Aug 17, 2026","Dec 11, 2026",Tichenor Hall,213
13483,JRNL 2210,12:30 pm,1:45 pm,TR,"Aug 17, 2026","Dec 11, 2026",Tichenor Hall,213
13486,JRNL 2210,8:00 am,8:50 am,MWF,"Aug 17, 2026","Dec 11, 2026",Draughon Library,3033
13487,JRNL 2310,9:00 am,9:50 am,MWF,"Aug 17, 2026","Dec 11, 2026",Haley Center,3318
13488,JRNL 2310,11:00 am,11:50 am,MWF,"Aug 17, 2026","Dec 11, 2026",Haley Center,3187
13489,JRNL 3010,10:00 am,10:50 am,MWF,"Aug 17, 2026","Dec 11, 2026",Tichenor Hall,122
13491,JRNL 3220,10:00 am,10:50 am,MWF,"Aug 17, 2026","Dec 11, 2026",Tichenor Hall,213
13492,JRNL 3410,3:30 pm,4:45 pm,TR,"Aug 17, 2026","Dec 11, 2026",Tichenor Hall,213
13493,JRNL 3470,9:30 am,10:45 am,TR,"Aug 17, 2026","Dec 11, 2026",Tichenor Hall,213
13494,JRNL 3510,8:00 am,9:15 am,TR,"Aug 17, 2026","Dec 11, 2026",Tichenor Hall,213
13495,JRNL 3530,1:00 pm,1:50 pm,MWF,"Aug 17, 2026","Dec 11, 2026",Tichenor Hall,213
13496,JRNL 4230,1:00 pm,1:50 pm,MWF,"Aug 17, 2026","Dec 11, 2026",Draughon Library,3033
13497,JRNL 4410,2:00 pm,2:50 pm,MWF,"Aug 17, 2026","Dec 11, 2026",Tichenor Hall,213
13499,JRSP 3110,12:30 pm,1:45 pm,TR,"Aug 17, 2026","Dec 11, 2026",Tichenor Hall,211
13500,JRSP 3210,11:00 am,12:15 pm,TR,"Aug 17, 2026","Dec 11, 2026",Miller Hall,201
13501,JRSP 3410,11:00 am,11:50 am,MWF,"Aug 17, 2026","Dec 11, 2026",Tichenor Hall,122
13502,JRSP 3410,9:00 am,9:50 am,MWF,"Aug 17, 2026","Dec 11, 2026",Tichenor Hall,122
13503,JRSP 3510,11:00 am,12:15 pm,TR,"Aug 17, 2026","Dec 11, 2026",Tichenor Hall,122
13504,JRSP 3510,12:30 pm,1:45 pm,TR,"Aug 17, 2026","Dec 11, 2026",Tichenor Hall,122
13505,JRSP 4510,2:00 pm,3:15 pm,TR,"Aug 17, 2026","Dec 11, 2026",Tichenor Hall,122
13506,JRSP 4610,9:30 am,10:45 am,TR,"Aug 17, 2026","Dec 11, 2026",Tichenor Hall,122
13508,JRSP 4970,2:00 pm,3:15 pm,TR,"Aug 17, 2026","Dec 11, 2026",Tichenor Hall,213
15152,KINE 2250,9:30 am,10:20 am,TR,"Aug 17, 2026","Dec 11, 2026",Student Activities Ctr,247
15153,KINE 2250,11:00 am,11:50 am,TR,"Aug 17, 2026","Dec 11, 2026",Student Activities Ctr,247
15154,KINE 2250,9:00 am,9:50 am,MW,"Aug 17, 2026","Dec 11, 2026",College of Education Bldg,2128
15155,KINE 2250,10:00 am,10:50 am,MW,"Aug 17, 2026","Dec 11, 2026",College of Education Bldg,2108
15162,KINE 2257,9:30 am,10:20 am,TR,"Aug 17, 2026","Dec 11, 2026",Student Activities Ctr,247
15163,KINE 2257,11:00 am,11:50 am,TR,"Aug 17, 2026","Dec 11, 2026",Student Activities Ctr,247
15164,KINE 2257,9:00 am,9:50 am,MW,"Aug 17, 2026","Dec 11, 2026",College of Education Bldg,2128
15165,KINE 2257,10:00 am,10:50 am,MW,"Aug 17, 2026","Dec 11, 2026",College of Education Bldg,2108
15169,KINE 3030,9:30 am,10:45 am,TR,"Aug 17, 2026","Dec 11, 2026",Recreation and Wellness Center,2215A
15176,KINE 3620,10:00 am,10:50 am,MWF,"Aug 17, 2026","Dec 11, 2026",Student Activities Ctr,241
15177,KINE 3620,11:00 am,11:50 am,MWF,"Aug 17, 2026","Dec 11, 2026",Student Activities Ctr,241
15178,KINE 3620,12:00 pm,12:50 pm,MWF,"Aug 17, 2026","Dec 11, 2026",Student Activities Ctr,241
15179,KINE 3620,12:30 pm,1:45 pm,TR,"Aug 17, 2026","Dec 11, 2026",Student Activities Ctr,247
15191,KINE 3627,12:30 pm,1:45 pm,TR,"Aug 17, 2026","Dec 11, 2026",Student Activities Ctr,247
15195,KINE 3650,10:00 am,10:50 am,MWF,"Aug 17, 2026","Dec 11, 2026",Student Activities Ctr,253
15196,KINE 3650,11:00 am,11:50 am,MWF,"Aug 17, 2026","Dec 11, 2026",Student Activities Ctr,253
15197,KINE 3650,11:00 am,12:15 pm,TR,"Aug 17, 2026","Dec 11, 2026",Student Activities Ctr,253
15198,KINE 3650,12:30 pm,1:45 pm,TR,"Aug 17, 2026","Dec 11, 2026",Student Activities Ctr,253
15200,KINE 3657,10:00 am,10:50 am,MWF,"Aug 17, 2026","Dec 11, 2026",Student Activities Ctr,253
15201,KINE 3657,11:00 am,11:50 am,MWF,"Aug 17, 2026","Dec 11, 2026",Student Activities Ctr,253
15203,KINE 3680,9:00 am,9:50 am,MWF,"Aug 17, 2026","Dec 11, 2026",Student Activities Ctr,253
15204,KINE 3680,10:00 am,10:50 am,MWF,"Aug 17, 2026","Dec 11, 2026",Kinesiology Building,126
15205,KINE 3680,9:30 am,10:45 am,TR,"Aug 17, 2026","Dec 11, 2026",Student Activities Ctr,249
15206,KINE 3680,11:00 am,12:15 pm,TR,"Aug 17, 2026","Dec 11, 2026",Kinesiology Building,126
15207,KINE 3680,12:30 pm,1:45 pm,TR,"Aug 17, 2026","Dec 11, 2026",Kinesiology Building,126
15208,KINE 3687,10:00 am,10:50 am,MWF,"Aug 17, 2026","Dec 11, 2026",Kinesiology Building,126
15209,KINE 3687,9:30 am,10:45 am,TR,"Aug 17, 2026","Dec 11, 2026",Student Activities Ctr,249
15210,KINE 3687,11:00 am,12:15 pm,TR,"Aug 17, 2026","Dec 11, 2026",Kinesiology Building,126
15211,KINE 3687,12:30 pm,1:45 pm,TR,"Aug 17, 2026","Dec 11, 2026",Kinesiology Building,126
15214,KINE 3830,1:00 pm,2:15 pm,MW,"Aug 17, 2026","Dec 11, 2026",Recreation and Wellness Center,2215A
15223,KINE 4400,1:00 pm,1:50 pm,MWF,"Aug 17, 2026","Dec 11, 2026",Kinesiology Building,126
15226,KINE 4600,11:00 am,11:50 am,MWF,"Aug 17, 2026","Dec 11, 2026",Student Activities Ctr,249
15227,KINE 4600,12:00 pm,12:50 pm,MWF,"Aug 17, 2026","Dec 11, 2026",Student Activities Ctr,249
15228,KINE 4620,9:00 am,9:50 am,MWF,"Aug 17, 2026","Dec 11, 2026",Student Activities Ctr,241
15229,KINE 4620,12:00 pm,12:50 pm,MWF,"Aug 17, 2026","Dec 11, 2026",Student Activities Ctr,253
15231,KINE 4630,9:30 am,10:45 am,TR,"Aug 17, 2026","Dec 11, 2026",Kinesiology Building,126
15233,KINE 4760,9:00 am,9:50 am,MWF,"Aug 17, 2026","Dec 11, 2026",Student Activities Ctr,249
15234,KINE 4760,10:00 am,10:50 am,MWF,"Aug 17, 2026","Dec 11, 2026",Student Activities Ctr,249
15235,KINE 4760,9:30 am,10:45 am,TR,"Aug 17, 2026","Dec 11, 2026",Student Activities Ctr,241
15236,KINE 4760,11:00 am,12:15 pm,TR,"Aug 17, 2026","Dec 11, 2026",Student Activities Ctr,241
15237,KINE 4767,9:00 am,9:50 am,MWF,"Aug 17, 2026","Dec 11, 2026",Student Activities Ctr,249
15239,KINE 4767,9:30 am,10:45 am,TR,"Aug 17, 2026","Dec 11, 2026",Student Activities Ctr,241
15240,KINE 4767,11:00 am,12:15 pm,TR,"Aug 17, 2026","Dec 11, 2026",Student Activities Ctr,241
15241,KINE 4780,8:00 am,8:50 am,MWF,"Aug 17, 2026","Dec 11, 2026",Student Activities Ctr,241
15242,KINE 4780,8:00 am,9:15 am,TR,"Aug 17, 2026","Dec 11, 2026",Student Activities Ctr,241
15243,KINE 4787,8:00 am,8:50 am,MWF,"Aug 17, 2026","Dec 11, 2026",Student Activities Ctr,241
15244,KINE 4787,8:00 am,9:15 am,TR,"Aug 17, 2026","Dec 11, 2026",Student Activities Ctr,241
15256,KINE 5400,9:00 am,9:50 am,MWF,"Aug 17, 2026","Dec 11, 2026",Kinesiology Building,126
15259,KINE 6400,9:00 am,9:50 am,MWF,"Aug 17, 2026","Dec 11, 2026",Kinesiology Building,126
15260,KINE 7010,8:00 am,9:15 am,TR,"Aug 17, 2026","Dec 11, 2026",Student Activities Ctr,247
15261,KINE 7010,1:00 pm,1:50 pm,MWF,"Aug 17, 2026","Dec 11, 2026",Student Activities Ctr,241
15263,KINE 7620,2:00 pm,3:15 pm,TR,"Aug 17, 2026","Dec 11, 2026",Student Activities Ctr,247
15264,KINE 7630,9:30 am,10:45 am,TR,"Aug 17, 2026","Dec 11, 2026",Kinesiology Building,126
15265,KINE 7650,12:30 pm,1:45 pm,TR,"Aug 17, 2026","Dec 11, 2026",Student Activities Ctr,249
15266,KINE 7680,11:00 am,12:15 pm,TR,"Aug 17, 2026","Dec 11, 2026",Student Activities Ctr,249
15268,KINE 7780,1:00 pm,2:15 pm,MW,"Aug 17, 2026","Dec 11, 2026",Student Activities Ctr,249
12635,LBSC 4010,10:00 am,10:50 am,MWF,"Aug 17, 2026","Dec 11, 2026",Science Center Classroom Bldg,115
10077,LAND 1110,2:00 pm,4:50 pm,MWF,"Aug 17, 2026","Dec 11, 2026",Dudley Hall,204A
10078,LAND 1110,2:00 pm,4:50 pm,MWF,"Aug 17, 2026","Dec 11, 2026",Dudley Hall,204A
10079,LAND 1160,1:00 pm,1:50 pm,MW,"Aug 17, 2026","Dec 11, 2026",Dudley Hall,203
10080,LAND 1160,1:00 pm,1:50 pm,MW,"Aug 17, 2026","Dec 11, 2026",Dudley Hall,203
10082,LAND 2110,1:00 pm,4:50 pm,MWF,"Aug 17, 2026","Dec 11, 2026",Dudley Hall,204B
10084,LAND 2120,5:00 pm,5:50 pm,M,"Aug 17, 2026","Dec 11, 2026",Dudley Hall,204C
10085,LAND 2140,3:30 pm,4:45 pm,TR,"Aug 17, 2026","Dec 11, 2026",Dudley Hall,109
10086,LAND 3110,1:00 pm,4:50 pm,MWF,"Aug 17, 2026","Dec 11, 2026",Dudley Hall,301
10087,LAND 3110,1:00 pm,4:50 pm,MWF,"Aug 17, 2026","Dec 11, 2026",Dudley Hall,301
10088,LAND 3120,5:00 pm,5:50 pm,M,"Aug 17, 2026","Dec 11, 2026",Dudley Hall,302
10089,LAND 3120,5:00 pm,5:50 pm,M,"Aug 17, 2026","Dec 11, 2026",Dudley Hall,302
10090,LAND 3160,3:30 pm,4:45 pm,TR,"Aug 17, 2026","Dec 11, 2026",Dudley Hall,431
10091,LAND 4110,1:00 pm,4:50 pm,MWF,"Aug 17, 2026","Dec 11, 2026",Dudley Hall,202
10092,LAND 4120,5:00 pm,5:50 pm,M,"Aug 17, 2026","Dec 11, 2026",Dudley Hall,202
10093,LAND 4410,3:30 pm,4:45 pm,TR,"Aug 17, 2026","Dec 11, 2026",Dudley Hall,203
18416,LAND 4410,10:30 am,11:45 am,MW,"Aug 17, 2026","Dec 11, 2026",Dudley Hall,203
10097,LAND 5130,1:00 pm,4:50 pm,MWF,"Aug 17, 2026","Dec 11, 2026",Dudley Hall,201
10098,LAND 5131,5:00 pm,5:50 pm,M,"Aug 17, 2026","Dec 11, 2026",Dudley Hall,201
10099,LAND 5150,11:00 am,12:15 pm,TR,"Aug 17, 2026","Dec 11, 2026",Dudley Hall,203
10100,LAND 5160,9:00 am,10:15 am,MW,"Aug 17, 2026","Dec 11, 2026",Dudley Hall,118
18155,LAND 5240,9:30 am,10:45 am,TR,"Aug 17, 2026","Dec 11, 2026",Dudley Hall,431
10101,LAND 5360,3:30 pm,4:45 pm,TR,"Aug 17, 2026","Dec 11, 2026",Dudley Hall,118
10102,LAND 5380,9:30 am,10:45 am,TR,"Aug 17, 2026","Dec 11, 2026",Dudley Hall,203
10103,LAND 6130,1:00 pm,4:50 pm,MWF,"Aug 17, 2026","Dec 11, 2026",Dudley Hall,201
10104,LAND 6131,5:00 pm,5:50 pm,M,"Aug 17, 2026","Dec 11, 2026",Dudley Hall,201
10105,LAND 6150,11:00 am,12:15 pm,TR,"Aug 17, 2026","Dec 11, 2026",Dudley Hall,203
10106,LAND 6160,9:00 am,10:15 am,MW,"Aug 17, 2026","Dec 11, 2026",Dudley Hall,118
10107,LAND 6240,9:30 am,10:45 am,TR,"Aug 17, 2026","Dec 11, 2026",Dudley Hall,431
10108,LAND 6290,9:00 am,10:15 am,MW,"Aug 17, 2026","Dec 11, 2026",Dudley Hall,431
10109,LAND 6330,1:00 pm,4:50 pm,MWF,"Aug 17, 2026","Dec 11, 2026",Dudley Hall,201
10110,LAND 6331,5:00 pm,5:50 pm,M,"Aug 17, 2026","Dec 11, 2026",Dudley Hall,201
10111,LAND 6360,3:30 pm,4:45 pm,TR,"Aug 17, 2026","Dec 11, 2026",Dudley Hall,118
10112,LAND 6380,9:30 am,10:45 am,TR,"Aug 17, 2026","Dec 11, 2026",Dudley Hall,203
10113,LAND 7230,1:00 pm,4:50 pm,MWF,"Aug 17, 2026","Dec 11, 2026",Dudley Hall,201
10114,LAND 7231,5:00 pm,5:50 pm,M,"Aug 17, 2026","Dec 11, 2026",Dudley Hall,201
10115,LAND 7270,3:30 pm,4:45 pm,TR,"Aug 17, 2026","Dec 11, 2026",Dudley Hall,203
18839,LAND 7410,10:30 am,11:45 am,MW,"Aug 17, 2026","Dec 11, 2026",Dudley Hall,203
12107,LEAD 2000,10:00 am,10:50 am,MWF,"Aug 17, 2026","Dec 11, 2026",Draughon Library,3035
12108,LEAD 2000,1:00 pm,1:50 pm,MWF,"Aug 17, 2026","Dec 11, 2026",Draughon Library,3133
18239,LEAD 2007,10:00 am,10:50 am,MWF,"Aug 17, 2026","Dec 11, 2026",Haley Center,3345
12109,LEAD 4000,9:30 am,10:45 am,TR,"Aug 17, 2026","Dec 11, 2026",Draughon Library,4127
12110,LEAD 4000,12:30 pm,1:45 pm,TR,"Aug 17, 2026","Dec 11, 2026",Draughon Library,3133
12380,LBAR 2010,10:00 am,10:50 am,M,"Aug 17, 2026","Dec 11, 2026",Tichenor Hall,111
12381,LBAR 2010,10:00 am,10:50 am,W,"Aug 17, 2026","Dec 11, 2026",Tichenor Hall,111
12382,LBAR 2010,10:00 am,10:50 am,M,"Aug 17, 2026","Dec 11, 2026",Haley Center,3124
12383,LBAR 2010,10:00 am,10:50 am,W,"Aug 17, 2026","Dec 11, 2026",Haley Center,2196
12384,LBAR 2010,10:00 am,10:50 am,M,"Aug 17, 2026","Dec 11, 2026",Haley Center,2306
12385,LBAR 2010,10:00 am,10:50 am,W,"Aug 17, 2026","Dec 11, 2026",Haley Center,2306
12386,LBAR 2010,10:00 am,10:50 am,M,"Aug 17, 2026","Dec 11, 2026",Haley Center,3182
12387,LBAR 2010,10:00 am,10:50 am,W,"Aug 17, 2026","Dec 11, 2026",Haley Center,3182
12388,LBAR 2010,10:00 am,10:50 am,M,"Aug 17, 2026","Dec 11, 2026",Haley Center,2334
12389,LBAR 2010,10:00 am,10:50 am,W,"Aug 17, 2026","Dec 11, 2026",Haley Center,2334
12390,LBAR 2010,10:00 am,10:50 am,M,"Aug 17, 2026","Dec 11, 2026",Haley Center,3326
12391,LBAR 2010,10:00 am,10:50 am,W,"Aug 17, 2026","Dec 11, 2026",Haley Center,3326
12392,LBAR 2010,10:00 am,10:50 am,M,"Aug 17, 2026","Dec 11, 2026",Haley Center,2124
12393,LBAR 2010,10:00 am,10:50 am,W,"Aug 17, 2026","Dec 11, 2026",Haley Center,2124
12395,LBAR 2020,10:00 am,10:50 am,M,"Aug 17, 2026","Dec 11, 2026",Haley Center,2196
17403,MNGT 3010,3:30 pm,4:20 pm,W,"Aug 17, 2026","Dec 11, 2026",Lowder Hall,125A
17405,MNGT 3100,8:00 am,9:15 am,MW,"Aug 17, 2026","Dec 11, 2026",Lowder Hall,19
17406,MNGT 3100,9:30 am,10:45 am,MW,"Aug 17, 2026","Dec 11, 2026",Lowder Hall,19
17407,MNGT 3100,12:30 pm,1:45 pm,MW,"Aug 17, 2026","Dec 11, 2026",Lowder Hall,19
17408,MNGT 3100,8:00 am,9:15 am,TR,"Aug 17, 2026","Dec 11, 2026",Lowder Hall,19
17409,MNGT 3100,9:30 am,10:45 am,TR,"Aug 17, 2026","Dec 11, 2026",Lowder Hall,19
17410,MNGT 3100,11:00 am,12:15 pm,TR,"Aug 17, 2026","Dec 11, 2026",Lowder Hall,19
17411,MNGT 3100,12:30 pm,1:45 pm,TR,"Aug 17, 2026","Dec 11, 2026",Lowder Hall,19
17412,MNGT 3100,12:30 pm,1:45 pm,MW,"Aug 17, 2026","Dec 11, 2026",Lowder Hall,110
17413,MNGT 3100,2:00 pm,3:15 pm,TR,"Aug 17, 2026","Dec 11, 2026",Lowder Hall,19
17414,MNGT 3100,11:00 am,12:15 pm,MW,"Aug 17, 2026","Dec 11, 2026",Lowder Hall,19
17415,MNGT 3100,8:00 am,9:15 am,TR,"Aug 17, 2026","Dec 11, 2026",Lowder Hall,129
17416,MNGT 3100,11:00 am,12:15 pm,MW,"Aug 17, 2026","Dec 11, 2026",Horton-Hardgrave Hall,2047
17417,MNGT 3100,3:30 pm,4:45 pm,MW,"Aug 17, 2026","Dec 11, 2026",Horton-Hardgrave Hall,2047
17995,MNGT 3100,11:00 am,12:15 pm,MW,"Aug 17, 2026","Dec 11, 2026",Lowder Hall,14
17420,MNGT 3107,11:00 am,12:15 pm,MW,"Aug 17, 2026","Dec 11, 2026",Lowder Hall,153
17421,MNGT 3460,9:30 am,10:45 am,TR,"Aug 17, 2026","Dec 11, 2026",Horton-Hardgrave Hall,2047
17422,MNGT 3460,11:00 am,12:15 pm,TR,"Aug 17, 2026","Dec 11, 2026",Horton-Hardgrave Hall,2047
17423,MNGT 3460,2:00 pm,3:15 pm,TR,"Aug 17, 2026","Dec 11, 2026",Horton-Hardgrave Hall,2047
17424,MNGT 3460,9:30 am,10:45 am,MW,"Aug 17, 2026","Dec 11, 2026",Horton-Hardgrave Hall,2057
17996,MNGT 3460,12:30 pm,1:45 pm,MW,"Aug 17, 2026","Dec 11, 2026",Lowder Hall,112
17426,MNGT 3810,3:30 pm,4:45 pm,MW,"Aug 17, 2026","Dec 11, 2026",Lowder Hall,113A
17428,MNGT 4100,3:30 pm,4:45 pm,TR,"Aug 17, 2026","Dec 11, 2026",Lowder Hall,10
17429,MNGT 4400,2:00 pm,3:15 pm,TR,"Aug 17, 2026","Dec 11, 2026",Lowder Hall,10
17430,MNGT 4690,12:30 pm,1:45 pm,TR,"Aug 17, 2026","Dec 11, 2026",Lowder Hall,153
17431,MNGT 4800,9:30 am,10:45 am,TR,"Aug 17, 2026","Dec 11, 2026",Lowder Hall,152
17432,MNGT 4800,11:00 am,12:15 pm,TR,"Aug 17, 2026","Dec 11, 2026",Lowder Hall,126
17433,MNGT 4800,12:30 pm,1:45 pm,TR,"Aug 17, 2026","Dec 11, 2026",Lowder Hall,126
17434,MNGT 4800,8:00 am,9:15 am,MW,"Aug 17, 2026","Dec 11, 2026",Horton-Hardgrave Hall,2047
17435,MNGT 4800,3:30 pm,4:45 pm,TR,"Aug 17, 2026","Dec 11, 2026",Lowder Hall,27
17436,MNGT 4800,1:00 pm,2:15 pm,MW,"Aug 17, 2026","Dec 11, 2026",Lowder Hall,14
17437,MNGT 4800,2:30 pm,3:45 pm,MW,"Aug 17, 2026","Dec 11, 2026",Lowder Hall,14
17438,MNGT 4800,2:00 pm,3:15 pm,TR,"Aug 17, 2026","Dec 11, 2026",Lowder Hall,154
17439,MNGT 4800,8:00 am,9:15 am,TR,"Aug 17, 2026","Dec 11, 2026",Horton-Hardgrave Hall,2047
17440,MNGT 4800,9:30 am,10:45 am,TR,"Aug 17, 2026","Dec 11, 2026",Lowder Hall,153
17441,MNGT 4800,9:30 am,10:45 am,MW,"Aug 17, 2026","Dec 11, 2026",Lowder Hall,14
17442,MNGT 4800,11:00 am,12:15 pm,MW,"Aug 17, 2026","Dec 11, 2026",Horton-Hardgrave Hall,2057
17443,MNGT 4800,12:30 pm,1:45 pm,MW,"Aug 17, 2026","Dec 11, 2026",Lowder Hall,27
17444,MNGT 4800,8:00 am,9:15 am,MW,"Aug 17, 2026","Dec 11, 2026",Lowder Hall,14
17445,MNGT 4800,11:00 am,12:15 pm,MW,"Aug 17, 2026","Dec 11, 2026",Lowder Hall,124
17446,MNGT 4800,2:00 pm,3:15 pm,MW,"Aug 17, 2026","Dec 11, 2026",Horton-Hardgrave Hall,2047
17447,MNGT 4800,12:30 pm,1:45 pm,MW,"Aug 17, 2026","Dec 11, 2026",Lowder Hall,124
17451,MNGT 5560,12:30 pm,1:45 pm,MW,"Aug 17, 2026","Dec 11, 2026",Horton-Hardgrave Hall,2018
17452,MNGT 6560,12:30 pm,1:45 pm,MW,"Aug 17, 2026","Dec 11, 2026",Horton-Hardgrave Hall,2018
17466,MKTG 3010,11:00 am,11:50 am,M,"Aug 17, 2026","Dec 11, 2026",Lowder Hall,125A
17468,MKTG 3310,11:00 am,12:15 pm,TR,"Aug 17, 2026","Dec 11, 2026",Lowder Hall,113A
17469,MKTG 3310,12:30 pm,1:45 pm,TR,"Aug 17, 2026","Dec 11, 2026",Lowder Hall,113A
17471,MKTG 3317,11:00 am,12:15 pm,TR,"Aug 17, 2026","Dec 11, 2026",Lowder Hall,113A
17472,MKTG 3317,12:30 pm,1:45 pm,TR,"Aug 17, 2026","Dec 11, 2026",Lowder Hall,113A
17476,MKTG 4310,8:00 am,9:15 am,MW,"Aug 17, 2026","Dec 11, 2026",Lowder Hall,10
17477,MKTG 4310,9:30 am,10:45 am,MW,"Aug 17, 2026","Dec 11, 2026",Lowder Hall,10
17478,MKTG 4330,8:00 am,9:15 am,MW,"Aug 17, 2026","Dec 11, 2026",Lowder Hall,152
17479,MKTG 4330,9:30 am,10:45 am,MW,"Aug 17, 2026","Dec 11, 2026",Lowder Hall,152
17989,MKTG 4330,12:30 pm,1:45 pm,MW,"Aug 17, 2026","Dec 11, 2026",Lowder Hall,152
17480,MKTG 4340,11:00 am,12:15 pm,MW,"Aug 17, 2026","Dec 11, 2026",Lowder Hall,10
17482,MKTG 4390,11:00 am,12:15 pm,MW,"Aug 17, 2026","Dec 11, 2026",Lowder Hall,155
17990,MKTG 4390,8:00 am,9:15 am,TR,"Aug 17, 2026","Dec 11, 2026",Horton-Hardgrave Hall,2018
17483,MKTG 4390,9:30 am,10:45 am,TR,"Aug 17, 2026","Dec 11, 2026",Horton-Hardgrave Hall,2018
17485,MKTG 4390,11:00 am,12:15 pm,TR,"Aug 17, 2026","Dec 11, 2026",Lowder Hall,152
17484,MKTG 4390,12:30 pm,1:45 pm,TR,"Aug 17, 2026","Dec 11, 2026",Horton-Hardgrave Hall,2017
17991,MKTG 4400,12:30 pm,1:45 pm,TR,"Aug 17, 2026","Dec 11, 2026",Lowder Hall,127
17992,MKTG 4400,2:00 pm,3:15 pm,TR,"Aug 17, 2026","Dec 11, 2026",Lowder Hall,127
17488,MKTG 4410,12:30 pm,1:45 pm,MW,"Aug 17, 2026","Dec 11, 2026",Lowder Hall,15
17993,MKTG 4410,2:00 pm,3:15 pm,MW,"Aug 17, 2026","Dec 11, 2026",Lowder Hall,15
17489,MKTG 4420,9:30 am,10:45 am,TR,"Aug 17, 2026","Dec 11, 2026",Lowder Hall,112
17490,MKTG 4420,11:00 am,12:15 pm,TR,"Aug 17, 2026","Dec 11, 2026",Lowder Hall,112
17491,MKTG 4430,2:00 pm,3:15 pm,MW,"Aug 17, 2026","Dec 11, 2026",Lowder Hall,10
17492,MKTG 4430,3:30 pm,4:45 pm,MW,"Aug 17, 2026","Dec 11, 2026",Lowder Hall,10
17493,MKTG 4450,9:00 am,9:50 am,MWF,"Aug 17, 2026","Dec 11, 2026",Lowder Hall,15
17494,MKTG 4450,12:30 pm,1:45 pm,TR,"Aug 17, 2026","Dec 11, 2026",Lowder Hall,10
17495,MKTG 4460,8:00 am,9:15 am,TR,"Aug 17, 2026","Dec 11, 2026",Lowder Hall,10
17496,MKTG 4460,9:30 am,10:45 am,TR,"Aug 17, 2026","Dec 11, 2026",Lowder Hall,20
17500,MKTG 4490,5:00 pm,7:30 pm,M,"Aug 17, 2026","Dec 11, 2026",Lowder Hall,34
17502,MKTG 4800,11:00 am,12:15 pm,TR,"Aug 17, 2026","Dec 11, 2026",Lowder Hall,124
17504,MKTG 4800,2:00 pm,3:15 pm,TR,"Aug 17, 2026","Dec 11, 2026",Lowder Hall,27
18356,MKTG 4900,9:30 am,10:45 am,MW,"Aug 17, 2026","Dec 11, 2026",Lowder Hall,111
17506,MKTG 5350,9:30 am,10:45 am,TR,"Aug 17, 2026","Dec 11, 2026",Horton-Hardgrave Hall,2057
17507,MKTG 5360,2:00 pm,3:15 pm,MW,"Aug 17, 2026","Dec 11, 2026",Lowder Hall,152
17508,MKTG 5360,3:30 pm,6:00 pm,M,"Aug 17, 2026","Dec 11, 2026",Horton-Hardgrave Hall,2017
17510,MKTG 5360,9:30 am,10:45 am,TR,"Aug 17, 2026","Dec 11, 2026",Lowder Hall,10
17511,MKTG 5360,11:00 am,12:15 pm,TR,"Aug 17, 2026","Dec 11, 2026",Lowder Hall,10
17512,MKTG 5370,12:30 pm,1:45 pm,MW,"Aug 17, 2026","Dec 11, 2026",Lowder Hall,155
17994,MKTG 5370,2:00 pm,3:15 pm,TR,"Aug 17, 2026","Dec 11, 2026",Horton-Hardgrave Hall,2018
17513,MKTG 5500,8:00 am,8:50 am,MWF,"Aug 17, 2026","Dec 11, 2026",Lowder Hall,15
17514,MKTG 5500,11:00 am,11:50 am,MWF,"Aug 17, 2026","Dec 11, 2026",Lowder Hall,154
17516,MKTG 5507,8:00 am,8:50 am,MWF,"Aug 17, 2026","Dec 11, 2026",Lowder Hall,15
17517,MKTG 5507,11:00 am,11:50 am,MWF,"Aug 17, 2026","Dec 11, 2026",Lowder Hall,154
15673,MATL 2100,9:30 am,10:45 am,TR,"Aug 17, 2026","Dec 11, 2026",Brown-Kopel Engineering Bldg,2117
18198,MATL 2210,9:00 am,9:50 am,W,"Aug 17, 2026","Dec 11, 2026",Charles E Davis Aerospace Hall,256
15678,MATL 4100,9:30 am,10:45 am,TR,"Aug 17, 2026","Dec 11, 2026",Charles E Davis Aerospace Hall,256
15680,MATL 5200,8:00 am,8:50 am,MW,"Aug 17, 2026","Dec 11, 2026",Shelby Center,1122
15682,MATL 5400,11:00 am,12:15 pm,TR,"Aug 17, 2026","Dec 11, 2026",Charles E Davis Aerospace Hall,256
15687,MATL 6100,2:00 pm,3:15 pm,TR,"Aug 17, 2026","Dec 11, 2026",Ramsay Hall,304A
15688,MATL 6200,8:00 am,8:50 am,MW,"Aug 17, 2026","Dec 11, 2026",Shelby Center,1122
15689,MATL 6200,8:00 am,8:50 am,MW,"Aug 17, 2026","Dec 11, 2026",Shelby Center,1122
15691,MATL 6400,11:00 am,12:15 pm,TR,"Aug 17, 2026","Dec 11, 2026",Ramsay Hall,200
15692,MATL 6400,11:00 am,12:15 pm,TR,"Aug 17, 2026","Dec 11, 2026",Ramsay Hall,200
15694,MATL 6700,1:00 pm,1:50 pm,MWF,"Aug 17, 2026","Dec 11, 2026",Ramsay Hall,304B
15699,MATL 7950,4:00 pm,4:50 pm,M,"Aug 17, 2026","Dec 11, 2026",Ross Hall,136
12811,MATH 1000,8:00 am,8:50 am,MW,"Aug 17, 2026","Dec 11, 2026",Academic Classroom/Lab Complex,170A
12812,MATH 1000,9:00 am,9:50 am,MW,"Aug 17, 2026","Dec 11, 2026",Mell Street Classroom Bldg,4510A
12813,MATH 1000,10:00 am,10:50 am,MW,"Aug 17, 2026","Dec 11, 2026",Mell Street Classroom Bldg,4510A
12814,MATH 1000,11:00 am,11:50 am,MW,"Aug 17, 2026","Dec 11, 2026",Mell Street Classroom Bldg,4510A
12815,MATH 1000,12:00 pm,12:50 pm,MW,"Aug 17, 2026","Dec 11, 2026",Mell Street Classroom Bldg,4510A
12816,MATH 1000,1:00 pm,1:50 pm,MW,"Aug 17, 2026","Dec 11, 2026",Mell Street Classroom Bldg,4510A
12817,MATH 1000,2:00 pm,2:50 pm,MW,"Aug 17, 2026","Dec 11, 2026",Mell Street Classroom Bldg,4510A
12818,MATH 1000,3:00 pm,3:50 pm,MW,"Aug 17, 2026","Dec 11, 2026",Mell Street Classroom Bldg,4510A
12819,MATH 1000,8:00 am,8:50 am,TR,"Aug 17, 2026","Dec 11, 2026",Mell Street Classroom Bldg,4510A
12820,MATH 1000,9:00 am,9:50 am,TR,"Aug 17, 2026","Dec 11, 2026",Mell Street Classroom Bldg,4510A
12821,MATH 1000,10:00 am,10:50 am,TR,"Aug 17, 2026","Dec 11, 2026",Mell Street Classroom Bldg,4510A
12822,MATH 1000,11:00 am,11:50 am,TR,"Aug 17, 2026","Dec 11, 2026",Mell Street Classroom Bldg,4510A
12823,MATH 1000,12:00 pm,12:50 pm,TR,"Aug 17, 2026","Dec 11, 2026",Mell Street Classroom Bldg,4510A
12824,MATH 1000,1:00 pm,1:50 pm,TR,"Aug 17, 2026","Dec 11, 2026",Mell Street Classroom Bldg,4510A
12825,MATH 1000,2:00 pm,2:50 pm,TR,"Aug 17, 2026","Dec 11, 2026",Mell Street Classroom Bldg,4510A
12826,MATH 1000,3:00 pm,3:50 pm,TR,"Aug 17, 2026","Dec 11, 2026",Mell Street Classroom Bldg,4510A
12827,MATH 1000,8:00 am,8:50 am,TR,"Aug 17, 2026","Dec 11, 2026",Mell Street Classroom Bldg,4510B
12828,MATH 1000,9:00 am,9:50 am,TR,"Aug 17, 2026","Dec 11, 2026",Mell Street Classroom Bldg,4510B
12829,MATH 1000,10:00 am,10:50 am,TR,"Aug 17, 2026","Dec 11, 2026",Mell Street Classroom Bldg,4510B
12830,MATH 1000,11:00 am,11:50 am,TR,"Aug 17, 2026","Dec 11, 2026",Mell Street Classroom Bldg,4510B
12831,MATH 1000,12:00 pm,12:50 pm,TR,"Aug 17, 2026","Dec 11, 2026",Mell Street Classroom Bldg,4510B
12832,MATH 1000,1:00 pm,1:50 pm,TR,"Aug 17, 2026","Dec 11, 2026",Mell Street Classroom Bldg,4510B
12833,MATH 1000,2:00 pm,2:50 pm,TR,"Aug 17, 2026","Dec 11, 2026",Mell Street Classroom Bldg,4510B
12835,MATH 1000,8:00 am,8:50 am,TR,"Aug 17, 2026","Dec 11, 2026",Mell Street Classroom Bldg,4520
12836,MATH 1000,9:00 am,9:50 am,TR,"Aug 17, 2026","Dec 11, 2026",Mell Street Classroom Bldg,4520
12837,MATH 1000,10:00 am,10:50 am,TR,"Aug 17, 2026","Dec 11, 2026",Mell Street Classroom Bldg,4520
12838,MATH 1000,11:00 am,11:50 am,TR,"Aug 17, 2026","Dec 11, 2026",Mell Street Classroom Bldg,4520
12839,MATH 1000,12:00 pm,12:50 pm,TR,"Aug 17, 2026","Dec 11, 2026",Mell Street Classroom Bldg,4520
12840,MATH 1000,1:00 pm,1:50 pm,TR,"Aug 17, 2026","Dec 11, 2026",Mell Street Classroom Bldg,4520
12841,MATH 1000,2:00 pm,2:50 pm,TR,"Aug 17, 2026","Dec 11, 2026",Mell Street Classroom Bldg,4520
12843,MATH 1000,1:00 pm,1:50 pm,MW,"Aug 17, 2026","Dec 11, 2026",Mell Street Classroom Bldg,4520
12844,MATH 1000,1:00 pm,1:50 pm,TR,"Aug 17, 2026","Dec 11, 2026",Haley Center,2435
12846,MATH 1000,1:00 pm,1:50 pm,MWF,"Aug 17, 2026","Dec 11, 2026",Haley Center,2435
12847,MATH 1100,2:00 pm,3:15 pm,TR,"Aug 17, 2026","Dec 11, 2026",Academic Classroom/Lab Complex,108
12848,MATH 1120,8:00 am,8:50 am,MWF,"Aug 17, 2026","Dec 11, 2026",Academic Classroom/Lab Complex,002
12849,MATH 1120,8:00 am,8:50 am,MWF,"Aug 17, 2026","Dec 11, 2026",Academic Classroom/Lab Complex,002
12850,MATH 1120,10:00 am,10:50 am,MWF,"Aug 17, 2026","Dec 11, 2026",Academic Classroom/Lab Complex,012
12851,MATH 1120,11:00 am,11:50 am,MWF,"Aug 17, 2026","Dec 11, 2026",Academic Classroom/Lab Complex,102
12852,MATH 1120,12:00 pm,12:50 pm,MWF,"Aug 17, 2026","Dec 11, 2026",Academic Classroom/Lab Complex,012
12853,MATH 1120,1:00 pm,1:50 pm,MWF,"Aug 17, 2026","Dec 11, 2026",Academic Classroom/Lab Complex,102
12854,MATH 1120,2:00 pm,2:50 pm,MWF,"Aug 17, 2026","Dec 11, 2026",Academic Classroom/Lab Complex,108
12855,MATH 1120,3:00 pm,3:50 pm,MWF,"Aug 17, 2026","Dec 11, 2026",Academic Classroom/Lab Complex,012
12857,MATH 1120,9:00 am,9:50 am,MWF,"Aug 17, 2026","Dec 11, 2026",Academic Classroom/Lab Complex,153
12858,MATH 1121,2:00 pm,4:30 pm,R,"Aug 17, 2026","Dec 11, 2026",Haley Center,2435
12859,MATH 1130,8:00 am,8:50 am,MWF,"Aug 17, 2026","Dec 11, 2026",Academic Classroom/Lab Complex,208
12860,MATH 1130,8:00 am,8:50 am,MWF,"Aug 17, 2026","Dec 11, 2026",Academic Classroom/Lab Complex,208
12861,MATH 1130,12:00 pm,12:50 pm,MWF,"Aug 17, 2026","Dec 11, 2026",Academic Classroom/Lab Complex,102
12863,MATH 1130,2:00 pm,2:50 pm,MWF,"Aug 17, 2026","Dec 11, 2026",Academic Classroom/Lab Complex,153
12864,MATH 1150,8:00 am,8:50 am,MTWF,"Aug 17, 2026","Dec 11, 2026",Academic Classroom/Lab Complex,102
12865,MATH 1150,8:00 am,8:50 am,MTWF,"Aug 17, 2026","Dec 11, 2026",Academic Classroom/Lab Complex,102
12866,MATH 1150,1:00 pm,1:50 pm,MTWR,"Aug 17, 2026","Dec 11, 2026",Academic Classroom/Lab Complex,108
12867,MATH 1150,2:00 pm,2:50 pm,MTWR,"Aug 17, 2026","Dec 11, 2026",Academic Classroom/Lab Complex,102
12868,MATH 1150,4:00 pm,4:50 pm,MTWR,"Aug 17, 2026","Dec 11, 2026",Academic Classroom/Lab Complex,010
12870,MATH 1610,3:00 pm,3:50 pm,MW,"Aug 17, 2026","Dec 11, 2026",Academic Classroom/Lab Complex,108
12870,MATH 1610,3:30 pm,4:20 pm,TR,"Aug 17, 2026","Dec 11, 2026",Academic Classroom/Lab Complex,108
12872,MATH 1610,2:00 pm,3:15 pm,TR,"Aug 17, 2026","Dec 11, 2026",Academic Classroom/Lab Complex,002
12872,MATH 1610,8:00 am,9:50 am,WF,"Aug 17, 2026","Dec 11, 2026",Haley Center,2435
12873,MATH 1610,2:00 pm,3:15 pm,TR,"Aug 17, 2026","Dec 11, 2026",Academic Classroom/Lab Complex,002
12873,MATH 1610,10:00 am,11:50 am,WF,"Aug 17, 2026","Dec 11, 2026",Haley Center,2435
12874,MATH 1610,11:00 am,12:15 pm,TR,"Aug 17, 2026","Dec 11, 2026",Academic Classroom/Lab Complex,002
12874,MATH 1610,8:00 am,8:50 am,WF,"Aug 17, 2026","Dec 11, 2026",Foy Hall,202
12875,MATH 1610,11:00 am,12:15 pm,TR,"Aug 17, 2026","Dec 11, 2026",Academic Classroom/Lab Complex,002
12875,MATH 1610,9:00 am,9:50 am,WF,"Aug 17, 2026","Dec 11, 2026",Foy Hall,202
12876,MATH 1610,11:00 am,12:15 pm,TR,"Aug 17, 2026","Dec 11, 2026",Academic Classroom/Lab Complex,002
12876,MATH 1610,10:00 am,10:50 am,WF,"Aug 17, 2026","Dec 11, 2026",Foy Hall,202
12877,MATH 1610,11:00 am,12:15 pm,TR,"Aug 17, 2026","Dec 11, 2026",Academic Classroom/Lab Complex,002
12877,MATH 1610,11:00 am,11:50 am,WF,"Aug 17, 2026","Dec 11, 2026",Foy Hall,202
12878,MATH 1610,11:00 am,12:15 pm,TR,"Aug 17, 2026","Dec 11, 2026",Academic Classroom/Lab Complex,002
12878,MATH 1610,12:00 pm,12:50 pm,WF,"Aug 17, 2026","Dec 11, 2026",Foy Hall,202
12879,MATH 1610,11:00 am,12:15 pm,TR,"Aug 17, 2026","Dec 11, 2026",Academic Classroom/Lab Complex,002
12879,MATH 1610,1:00 pm,1:50 pm,WF,"Aug 17, 2026","Dec 11, 2026",Foy Hall,202
12880,MATH 1610,11:00 am,12:15 pm,TR,"Aug 17, 2026","Dec 11, 2026",Academic Classroom/Lab Complex,002
12880,MATH 1610,2:00 pm,2:50 pm,WF,"Aug 17, 2026","Dec 11, 2026",Foy Hall,202
12882,MATH 1610,12:30 pm,1:45 pm,MW,"Aug 17, 2026","Dec 11, 2026",Academic Classroom/Lab Complex,002
12882,MATH 1610,8:00 am,8:50 am,TR,"Aug 17, 2026","Dec 11, 2026",Foy Hall,202
12883,MATH 1610,12:30 pm,1:45 pm,MW,"Aug 17, 2026","Dec 11, 2026",Academic Classroom/Lab Complex,002
12883,MATH 1610,9:00 am,9:50 am,TR,"Aug 17, 2026","Dec 11, 2026",Foy Hall,202
12884,MATH 1610,12:30 pm,1:45 pm,MW,"Aug 17, 2026","Dec 11, 2026",Academic Classroom/Lab Complex,002
12884,MATH 1610,10:00 am,10:50 am,TR,"Aug 17, 2026","Dec 11, 2026",Foy Hall,202
12885,MATH 1610,12:30 pm,1:45 pm,MW,"Aug 17, 2026","Dec 11, 2026",Academic Classroom/Lab Complex,002
12885,MATH 1610,11:00 am,11:50 am,TR,"Aug 17, 2026","Dec 11, 2026",Foy Hall,202
12886,MATH 1610,12:30 pm,1:45 pm,MW,"Aug 17, 2026","Dec 11, 2026",Academic Classroom/Lab Complex,002
12886,MATH 1610,12:00 pm,12:50 pm,TR,"Aug 17, 2026","Dec 11, 2026",Foy Hall,202
12887,MATH 1610,12:30 pm,1:45 pm,MW,"Aug 17, 2026","Dec 11, 2026",Academic Classroom/Lab Complex,002
12887,MATH 1610,1:00 pm,1:50 pm,TR,"Aug 17, 2026","Dec 11, 2026",Foy Hall,202
12888,MATH 1610,12:30 pm,1:45 pm,MW,"Aug 17, 2026","Dec 11, 2026",Academic Classroom/Lab Complex,002
12888,MATH 1610,2:00 pm,2:50 pm,TR,"Aug 17, 2026","Dec 11, 2026",Foy Hall,202
12889,MATH 1610,12:30 pm,1:45 pm,MW,"Aug 17, 2026","Dec 11, 2026",Academic Classroom/Lab Complex,002
12889,MATH 1610,3:00 pm,3:50 pm,TR,"Aug 17, 2026","Dec 11, 2026",Foy Hall,202
12890,MATH 1610,12:30 pm,1:45 pm,MW,"Aug 17, 2026","Dec 11, 2026",Academic Classroom/Lab Complex,002
12890,MATH 1610,4:00 pm,4:50 pm,TR,"Aug 17, 2026","Dec 11, 2026",Foy Hall,202
12891,MATH 1610,2:00 pm,3:15 pm,TR,"Aug 17, 2026","Dec 11, 2026",Academic Classroom/Lab Complex,002
12891,MATH 1610,8:00 am,8:50 am,WF,"Aug 17, 2026","Dec 11, 2026",Haley Center,2456
12892,MATH 1610,2:00 pm,3:15 pm,TR,"Aug 17, 2026","Dec 11, 2026",Academic Classroom/Lab Complex,002
12892,MATH 1610,9:00 am,9:50 am,WF,"Aug 17, 2026","Dec 11, 2026",Haley Center,2456
12893,MATH 1610,2:00 pm,3:15 pm,TR,"Aug 17, 2026","Dec 11, 2026",Academic Classroom/Lab Complex,002
12893,MATH 1610,10:00 am,10:50 am,WF,"Aug 17, 2026","Dec 11, 2026",Haley Center,2456
12894,MATH 1610,2:00 pm,3:15 pm,TR,"Aug 17, 2026","Dec 11, 2026",Academic Classroom/Lab Complex,002
12894,MATH 1610,11:00 am,11:50 am,WF,"Aug 17, 2026","Dec 11, 2026",Haley Center,2456
12895,MATH 1610,2:00 pm,3:15 pm,TR,"Aug 17, 2026","Dec 11, 2026",Academic Classroom/Lab Complex,002
12895,MATH 1610,12:00 pm,12:50 pm,WF,"Aug 17, 2026","Dec 11, 2026",Haley Center,2456
12896,MATH 1610,2:00 pm,3:15 pm,TR,"Aug 17, 2026","Dec 11, 2026",Academic Classroom/Lab Complex,002
12896,MATH 1610,1:00 pm,1:50 pm,WF,"Aug 17, 2026","Dec 11, 2026",Haley Center,2456
12897,MATH 1610,2:00 pm,3:15 pm,TR,"Aug 17, 2026","Dec 11, 2026",Academic Classroom/Lab Complex,002
12897,MATH 1610,2:00 pm,2:50 pm,WF,"Aug 17, 2026","Dec 11, 2026",Haley Center,2456
12898,MATH 1610,2:00 pm,3:15 pm,TR,"Aug 17, 2026","Dec 11, 2026",Academic Classroom/Lab Complex,002
12898,MATH 1610,3:00 pm,3:50 pm,WF,"Aug 17, 2026","Dec 11, 2026",Haley Center,2456
12899,MATH 1610,8:00 am,9:15 am,TR,"Aug 17, 2026","Dec 11, 2026",Academic Classroom/Lab Complex,002
12899,MATH 1610,8:00 am,8:50 am,WF,"Aug 17, 2026","Dec 11, 2026",Foy Hall,203
12900,MATH 1610,8:00 am,9:15 am,TR,"Aug 17, 2026","Dec 11, 2026",Academic Classroom/Lab Complex,002
12900,MATH 1610,9:00 am,9:50 am,WF,"Aug 17, 2026","Dec 11, 2026",Foy Hall,203
12901,MATH 1610,8:00 am,9:15 am,TR,"Aug 17, 2026","Dec 11, 2026",Academic Classroom/Lab Complex,002
12901,MATH 1610,10:00 am,10:50 am,WF,"Aug 17, 2026","Dec 11, 2026",Foy Hall,203
12902,MATH 1610,8:00 am,9:15 am,TR,"Aug 17, 2026","Dec 11, 2026",Academic Classroom/Lab Complex,002
12902,MATH 1610,11:00 am,11:50 am,WF,"Aug 17, 2026","Dec 11, 2026",Foy Hall,203
12903,MATH 1610,8:00 am,9:15 am,TR,"Aug 17, 2026","Dec 11, 2026",Academic Classroom/Lab Complex,002
12903,MATH 1610,12:00 pm,12:50 pm,WF,"Aug 17, 2026","Dec 11, 2026",Foy Hall,203
12904,MATH 1610,8:00 am,9:15 am,TR,"Aug 17, 2026","Dec 11, 2026",Academic Classroom/Lab Complex,002
12904,MATH 1610,1:00 pm,1:50 pm,WF,"Aug 17, 2026","Dec 11, 2026",Foy Hall,203
12907,MATH 1617,9:00 am,9:50 am,MTWR,"Aug 17, 2026","Dec 11, 2026",STEM and Agric Science Complex,1133
12908,MATH 1617,10:00 am,10:50 am,MTWR,"Aug 17, 2026","Dec 11, 2026",Haley Center,2461
12909,MATH 1617,11:00 am,11:50 am,MTWR,"Aug 17, 2026","Dec 11, 2026",Haley Center,2461
12910,MATH 1620,1:00 pm,1:50 pm,MTWR,"Aug 17, 2026","Dec 11, 2026",Haley Center,2461
12911,MATH 1620,2:00 pm,3:15 pm,TR,"Aug 17, 2026","Dec 11, 2026",Academic Classroom/Lab Complex,012
12911,MATH 1620,8:00 am,8:50 am,WF,"Aug 17, 2026","Dec 11, 2026",Academic Classroom/Lab Complex,286B
12912,MATH 1620,2:00 pm,3:15 pm,TR,"Aug 17, 2026","Dec 11, 2026",Academic Classroom/Lab Complex,012
12912,MATH 1620,9:00 am,9:50 am,WF,"Aug 17, 2026","Dec 11, 2026",Academic Classroom/Lab Complex,286B
12913,MATH 1620,2:00 pm,3:15 pm,TR,"Aug 17, 2026","Dec 11, 2026",Academic Classroom/Lab Complex,012
12913,MATH 1620,10:00 am,10:50 am,WF,"Aug 17, 2026","Dec 11, 2026",Academic Classroom/Lab Complex,286B
12914,MATH 1620,2:00 pm,3:15 pm,TR,"Aug 17, 2026","Dec 11, 2026",Academic Classroom/Lab Complex,012
12914,MATH 1620,11:00 am,11:50 am,WF,"Aug 17, 2026","Dec 11, 2026",Academic Classroom/Lab Complex,286B
12915,MATH 1620,2:00 pm,3:15 pm,TR,"Aug 17, 2026","Dec 11, 2026",Academic Classroom/Lab Complex,012
12915,MATH 1620,12:00 pm,12:50 pm,WF,"Aug 17, 2026","Dec 11, 2026",Academic Classroom/Lab Complex,286B
12916,MATH 1620,2:00 pm,3:15 pm,TR,"Aug 17, 2026","Dec 11, 2026",Academic Classroom/Lab Complex,012
12916,MATH 1620,1:00 pm,1:50 pm,WF,"Aug 17, 2026","Dec 11, 2026",Academic Classroom/Lab Complex,286B
12917,MATH 1620,12:30 pm,1:45 pm,TR,"Aug 17, 2026","Dec 11, 2026",Academic Classroom/Lab Complex,012
12917,MATH 1620,9:00 am,9:50 am,WF,"Aug 17, 2026","Dec 11, 2026",Mell Street Classroom Bldg,4510B
12918,MATH 1620,12:30 pm,1:45 pm,TR,"Aug 17, 2026","Dec 11, 2026",Academic Classroom/Lab Complex,012
12918,MATH 1620,10:00 am,10:50 am,WF,"Aug 17, 2026","Dec 11, 2026",Mell Street Classroom Bldg,4510B
12919,MATH 1620,12:30 pm,1:45 pm,TR,"Aug 17, 2026","Dec 11, 2026",Academic Classroom/Lab Complex,012
12919,MATH 1620,11:00 am,11:50 am,WF,"Aug 17, 2026","Dec 11, 2026",Mell Street Classroom Bldg,4510B
12920,MATH 1620,12:30 pm,1:45 pm,TR,"Aug 17, 2026","Dec 11, 2026",Academic Classroom/Lab Complex,012
12920,MATH 1620,12:00 pm,12:50 pm,WF,"Aug 17, 2026","Dec 11, 2026",Mell Street Classroom Bldg,4510B
12922,MATH 1620,12:30 pm,1:45 pm,TR,"Aug 17, 2026","Dec 11, 2026",Academic Classroom/Lab Complex,012
12922,MATH 1620,2:00 pm,2:50 pm,WF,"Aug 17, 2026","Dec 11, 2026",Mell Street Classroom Bldg,4510B
12923,MATH 1627,12:00 pm,12:50 pm,MTWR,"Aug 17, 2026","Dec 11, 2026",Haley Center,2461
12924,MATH 1680,11:00 am,12:15 pm,MWF,"Aug 17, 2026","Dec 11, 2026",Academic Classroom/Lab Complex,002
12925,MATH 1680,3:00 pm,3:50 pm,MTWR,"Aug 17, 2026","Dec 11, 2026",Academic Classroom/Lab Complex,102
12926,MATH 1680,4:00 pm,4:50 pm,MTWR,"Aug 17, 2026","Dec 11, 2026",Academic Classroom/Lab Complex,102
12928,MATH 1680,1:00 pm,1:50 pm,MTWR,"Aug 17, 2026","Dec 11, 2026",Mell Street Classroom Bldg,2510
12929,MATH 1680,2:00 pm,2:50 pm,MTWR,"Aug 17, 2026","Dec 11, 2026",Science Center Classroom Bldg,118
12930,MATH 1690,3:00 pm,3:50 pm,MWF,"Aug 17, 2026","Dec 11, 2026",Haley Center,2461
12931,MATH 1950,11:00 am,11:50 am,M,"Aug 17, 2026","Dec 11, 2026",Foy Hall,202
12933,MATH 2630,9:00 am,9:50 am,MWF,"Aug 17, 2026","Dec 11, 2026",Academic Classroom/Lab Complex,102
12933,MATH 2630,8:00 am,8:50 am,R,"Aug 17, 2026","Dec 11, 2026",Academic Classroom/Lab Complex,102
12937,MATH 2630,12:30 pm,1:45 pm,TR,"Aug 17, 2026","Dec 11, 2026",Academic Classroom/Lab Complex,002
12937,MATH 2630,8:00 am,8:50 am,WF,"Aug 17, 2026","Dec 11, 2026",Haley Center,2454
12938,MATH 2630,12:30 pm,1:45 pm,TR,"Aug 17, 2026","Dec 11, 2026",Academic Classroom/Lab Complex,002
12938,MATH 2630,9:00 am,9:50 am,WF,"Aug 17, 2026","Dec 11, 2026",Haley Center,2454
12939,MATH 2630,12:30 pm,1:45 pm,TR,"Aug 17, 2026","Dec 11, 2026",Academic Classroom/Lab Complex,002
12939,MATH 2630,10:00 am,10:50 am,WF,"Aug 17, 2026","Dec 11, 2026",Haley Center,2454
12940,MATH 2630,12:30 pm,1:45 pm,TR,"Aug 17, 2026","Dec 11, 2026",Academic Classroom/Lab Complex,002
12940,MATH 2630,11:00 am,11:50 am,WF,"Aug 17, 2026","Dec 11, 2026",Haley Center,2454
12941,MATH 2630,12:30 pm,1:45 pm,TR,"Aug 17, 2026","Dec 11, 2026",Academic Classroom/Lab Complex,002
12941,MATH 2630,12:00 pm,12:50 pm,WF,"Aug 17, 2026","Dec 11, 2026",Haley Center,2454
12942,MATH 2630,12:30 pm,1:45 pm,TR,"Aug 17, 2026","Dec 11, 2026",Academic Classroom/Lab Complex,002
12942,MATH 2630,1:00 pm,1:50 pm,WF,"Aug 17, 2026","Dec 11, 2026",Haley Center,2454
12943,MATH 2630,12:30 pm,1:45 pm,TR,"Aug 17, 2026","Dec 11, 2026",Academic Classroom/Lab Complex,002
12943,MATH 2630,2:00 pm,2:50 pm,WF,"Aug 17, 2026","Dec 11, 2026",Haley Center,2454
12944,MATH 2630,12:30 pm,1:45 pm,TR,"Aug 17, 2026","Dec 11, 2026",Academic Classroom/Lab Complex,002
12944,MATH 2630,3:00 pm,3:50 pm,WF,"Aug 17, 2026","Dec 11, 2026",Haley Center,2454
12945,MATH 2630,12:30 pm,1:45 pm,TR,"Aug 17, 2026","Dec 11, 2026",Academic Classroom/Lab Complex,002
12945,MATH 2630,4:00 pm,4:50 pm,WF,"Aug 17, 2026","Dec 11, 2026",Haley Center,2454
12946,MATH 2630,3:00 pm,4:15 pm,MW,"Aug 17, 2026","Dec 11, 2026",Academic Classroom/Lab Complex,002
12946,MATH 2630,8:00 am,8:50 am,TR,"Aug 17, 2026","Dec 11, 2026",Foy Hall,203
12947,MATH 2630,3:00 pm,4:15 pm,MW,"Aug 17, 2026","Dec 11, 2026",Academic Classroom/Lab Complex,002
12947,MATH 2630,9:00 am,9:50 am,TR,"Aug 17, 2026","Dec 11, 2026",Foy Hall,203
12948,MATH 2630,3:00 pm,4:15 pm,MW,"Aug 17, 2026","Dec 11, 2026",Academic Classroom/Lab Complex,002
12948,MATH 2630,10:00 am,10:50 am,TR,"Aug 17, 2026","Dec 11, 2026",Foy Hall,203
12949,MATH 2630,3:00 pm,4:15 pm,MW,"Aug 17, 2026","Dec 11, 2026",Academic Classroom/Lab Complex,002
12949,MATH 2630,11:00 am,11:50 am,TR,"Aug 17, 2026","Dec 11, 2026",Foy Hall,203
12950,MATH 2630,3:00 pm,4:15 pm,MW,"Aug 17, 2026","Dec 11, 2026",Academic Classroom/Lab Complex,002
12950,MATH 2630,12:00 pm,12:50 pm,TR,"Aug 17, 2026","Dec 11, 2026",Foy Hall,203
12951,MATH 2630,3:00 pm,4:15 pm,MW,"Aug 17, 2026","Dec 11, 2026",Academic Classroom/Lab Complex,002
12951,MATH 2630,1:00 pm,1:50 pm,TR,"Aug 17, 2026","Dec 11, 2026",Foy Hall,203
12952,MATH 2630,3:00 pm,4:15 pm,MW,"Aug 17, 2026","Dec 11, 2026",Academic Classroom/Lab Complex,002
12952,MATH 2630,2:00 pm,2:50 pm,TR,"Aug 17, 2026","Dec 11, 2026",Foy Hall,203
12953,MATH 2630,3:00 pm,4:15 pm,MW,"Aug 17, 2026","Dec 11, 2026",Academic Classroom/Lab Complex,002
12953,MATH 2630,3:00 pm,3:50 pm,TR,"Aug 17, 2026","Dec 11, 2026",Foy Hall,203
12954,MATH 2630,3:00 pm,4:15 pm,MW,"Aug 17, 2026","Dec 11, 2026",Academic Classroom/Lab Complex,002
12954,MATH 2630,4:00 pm,4:50 pm,TR,"Aug 17, 2026","Dec 11, 2026",Foy Hall,203
12955,MATH 2637,8:00 am,8:50 am,MTWR,"Aug 17, 2026","Dec 11, 2026",Haley Center,2461
12956,MATH 2650,8:00 am,9:15 am,TR,"Aug 17, 2026","Dec 11, 2026",Academic Classroom/Lab Complex,108
12957,MATH 2650,9:00 am,9:50 am,MWF,"Aug 17, 2026","Dec 11, 2026",Academic Classroom/Lab Complex,108
12958,MATH 2650,9:30 am,10:45 am,TR,"Aug 17, 2026","Dec 11, 2026",Academic Classroom/Lab Complex,010
12959,MATH 2650,10:00 am,10:50 am,MWF,"Aug 17, 2026","Dec 11, 2026",Academic Classroom/Lab Complex,108
12960,MATH 2650,11:00 am,11:50 am,MWF,"Aug 17, 2026","Dec 11, 2026",Academic Classroom/Lab Complex,108
12961,MATH 2650,2:00 pm,3:15 pm,TR,"Aug 17, 2026","Dec 11, 2026",Academic Classroom/Lab Complex,010
12962,MATH 2660,8:00 am,9:15 am,TR,"Aug 17, 2026","Dec 11, 2026",Academic Classroom/Lab Complex,010
12963,MATH 2660,9:30 am,10:45 am,TR,"Aug 17, 2026","Dec 11, 2026",Academic Classroom/Lab Complex,108
12964,MATH 2660,11:00 am,11:50 am,MWF,"Aug 17, 2026","Dec 11, 2026",Academic Classroom/Lab Complex,012
12966,MATH 2660,12:30 pm,1:45 pm,TR,"Aug 17, 2026","Dec 11, 2026",Academic Classroom/Lab Complex,010
12967,MATH 2667,1:00 pm,1:50 pm,MWF,"Aug 17, 2026","Dec 11, 2026",Academic Classroom/Lab Complex,153
12968,MATH 2790,10:00 am,10:50 am,MWF,"Aug 17, 2026","Dec 11, 2026",Mell Street Classroom Bldg,4520
12969,MATH 2850,10:00 am,10:50 am,MWF,"Aug 17, 2026","Dec 11, 2026",Science Center Classroom Bldg,118
12970,MATH 3100,2:00 pm,2:50 pm,MWF,"Aug 17, 2026","Dec 11, 2026",Academic Classroom/Lab Complex,170A
12971,MATH 4820,8:00 am,8:50 am,MWF,"Aug 17, 2026","Dec 11, 2026",Mell Street Classroom Bldg,4510A
12973,MATH 5000,1:00 pm,1:50 pm,MWF,"Aug 17, 2026","Dec 11, 2026",Academic Classroom/Lab Complex,010
12974,MATH 5030,3:30 pm,4:45 pm,TR,"Aug 17, 2026","Dec 11, 2026",STEM and Agric Science Complex,2126
12975,MATH 5120,9:30 am,10:45 am,TR,"Aug 17, 2026","Dec 11, 2026",Draughon Library,4033
12977,MATH 5200,12:00 pm,12:50 pm,MWF,"Aug 17, 2026","Dec 11, 2026",Academic Classroom/Lab Complex,010
12978,MATH 5310,2:00 pm,2:50 pm,MWF,"Aug 17, 2026","Dec 11, 2026",Academic Classroom/Lab Complex,010
12979,MATH 5370,11:00 am,11:50 am,MWF,"Aug 17, 2026","Dec 11, 2026",Draughon Library,3129
12980,MATH 5380,11:00 am,11:50 am,MWF,"Aug 17, 2026","Dec 11, 2026",STEM and Agric Science Complex,2125
12981,MATH 5500,10:00 am,10:50 am,MWF,"Aug 17, 2026","Dec 11, 2026",Academic Classroom/Lab Complex,010
12982,MATH 5630,12:30 pm,1:45 pm,TR,"Aug 17, 2026","Dec 11, 2026",Academic Classroom/Lab Complex,102
12983,MATH 5650,9:00 am,9:50 am,MWF,"Aug 17, 2026","Dec 11, 2026",STEM and Agric Science Complex,2126
12984,MATH 5670,8:00 am,8:50 am,MWF,"Aug 17, 2026","Dec 11, 2026",Mell Street Classroom Bldg,4520
12986,MATH 5750,12:30 pm,1:45 pm,TR,"Aug 17, 2026","Dec 11, 2026",Haley Center,2456
12988,MATH 5800,9:00 am,9:50 am,MWF,"Aug 17, 2026","Dec 11, 2026",Mell Street Classroom Bldg,4520
12990,MATH 6000,1:00 pm,1:50 pm,MWF,"Aug 17, 2026","Dec 11, 2026",Academic Classroom/Lab Complex,010
12991,MATH 6030,3:30 pm,4:45 pm,TR,"Aug 17, 2026","Dec 11, 2026",STEM and Agric Science Complex,2126
12992,MATH 6120,9:30 am,10:45 am,TR,"Aug 17, 2026","Dec 11, 2026",Draughon Library,4033
12994,MATH 6200,12:00 pm,12:50 pm,MWF,"Aug 17, 2026","Dec 11, 2026",Academic Classroom/Lab Complex,010
12995,MATH 6310,2:00 pm,2:50 pm,MWF,"Aug 17, 2026","Dec 11, 2026",Academic Classroom/Lab Complex,010
12996,MATH 6370,11:00 am,11:50 am,MWF,"Aug 17, 2026","Dec 11, 2026",Draughon Library,3129
12997,MATH 6380,11:00 am,11:50 am,MWF,"Aug 17, 2026","Dec 11, 2026",STEM and Agric Science Complex,2125
12998,MATH 6500,10:00 am,10:50 am,MWF,"Aug 17, 2026","Dec 11, 2026",Academic Classroom/Lab Complex,010
12999,MATH 6630,12:30 pm,1:45 pm,TR,"Aug 17, 2026","Dec 11, 2026",Academic Classroom/Lab Complex,102
13000,MATH 6650,9:00 am,9:50 am,MWF,"Aug 17, 2026","Dec 11, 2026",STEM and Agric Science Complex,2126
13001,MATH 6670,8:00 am,8:50 am,MWF,"Aug 17, 2026","Dec 11, 2026",Mell Street Classroom Bldg,4520
13003,MATH 6750,12:30 pm,1:45 pm,TR,"Aug 17, 2026","Dec 11, 2026",Haley Center,2456
13005,MATH 6800,9:00 am,9:50 am,MWF,"Aug 17, 2026","Dec 11, 2026",Mell Street Classroom Bldg,4520
13008,MATH 7000,9:30 am,10:45 am,TR,"Aug 17, 2026","Dec 11, 2026",STEM and Agric Science Complex,2122
13009,MATH 7110,12:00 pm,12:50 pm,MWF,"Aug 17, 2026","Dec 11, 2026",STEM and Agric Science Complex,2122
13010,MATH 7200,11:00 am,12:15 pm,TR,"Aug 17, 2026","Dec 11, 2026",STEM and Agric Science Complex,2125
13013,MATH 7280,2:00 pm,3:15 pm,TR,"Aug 17, 2026","Dec 11, 2026",STEM and Agric Science Complex,2126
13016,MATH 7400,9:30 am,10:45 am,TR,"Aug 17, 2026","Dec 11, 2026",STEM and Agric Science Complex,2125
13018,MATH 7500,10:00 am,10:50 am,MWF,"Aug 17, 2026","Dec 11, 2026",Academic Classroom/Lab Complex,170A
13020,MATH 7700,12:30 pm,1:45 pm,TR,"Aug 17, 2026","Dec 11, 2026",Science Center Classroom Bldg,122
13021,MATH 7800,2:00 pm,3:15 pm,TR,"Aug 17, 2026","Dec 11, 2026",Haley Center,2454
13022,MATH 7820,11:00 am,12:15 pm,TR,"Aug 17, 2026","Dec 11, 2026",STEM and Agric Science Complex,2122
13023,MATH 7950,3:00 pm,3:50 pm,W,"Aug 17, 2026","Dec 11, 2026",STEM and Agric Science Complex,2122
13024,MATH 7950,3:00 pm,4:50 pm,M,"Aug 17, 2026","Dec 11, 2026",STEM and Agric Science Complex,2122
18338,MATH 7970,8:00 am,9:15 am,TR,"Aug 17, 2026","Dec 11, 2026",STEM and Agric Science Complex,2126
13025,MATH 7970,1:00 pm,1:50 pm,MWF,"Aug 17, 2026","Dec 11, 2026",STEM and Agric Science Complex,2122
14609,MECH 2020,10:00 am,11:50 am,T,"Aug 17, 2026","Dec 11, 2026",Wiggins Engineering Hall,0407
14609,MECH 2020,8:00 am,8:50 am,W,"Aug 17, 2026","Dec 11, 2026",Shelby Center,1103
14610,MECH 2020,8:00 am,8:50 am,W,"Aug 17, 2026","Dec 11, 2026",Shelby Center,1103
14610,MECH 2020,10:00 am,11:50 am,W,"Aug 17, 2026","Dec 11, 2026",Wiggins Engineering Hall,0407
14611,MECH 2020,8:00 am,8:50 am,W,"Aug 17, 2026","Dec 11, 2026",Shelby Center,1103
14611,MECH 2020,10:00 am,11:50 am,R,"Aug 17, 2026","Dec 11, 2026",Wiggins Engineering Hall,0407
14612,MECH 2020,8:00 am,8:50 am,W,"Aug 17, 2026","Dec 11, 2026",Shelby Center,1103
14612,MECH 2020,10:00 am,11:50 am,F,"Aug 17, 2026","Dec 11, 2026",Wiggins Engineering Hall,0407
14613,MECH 2020,1:00 pm,2:50 pm,T,"Aug 17, 2026","Dec 11, 2026",Wiggins Engineering Hall,0407
14613,MECH 2020,8:00 am,8:50 am,W,"Aug 17, 2026","Dec 11, 2026",Shelby Center,1103
14614,MECH 2020,8:00 am,8:50 am,W,"Aug 17, 2026","Dec 11, 2026",Shelby Center,1103
14614,MECH 2020,3:00 pm,4:50 pm,W,"Aug 17, 2026","Dec 11, 2026",Wiggins Engineering Hall,0407
14615,MECH 2020,8:00 am,8:50 am,W,"Aug 17, 2026","Dec 11, 2026",Shelby Center,1103
14615,MECH 2020,1:00 pm,2:50 pm,R,"Aug 17, 2026","Dec 11, 2026",Wiggins Engineering Hall,0407
14616,MECH 2020,8:00 am,8:50 am,W,"Aug 17, 2026","Dec 11, 2026",Shelby Center,1103
14617,MECH 2020,1:00 pm,2:50 pm,M,"Aug 17, 2026","Dec 11, 2026",Wiggins Engineering Hall,0407
14617,MECH 2020,8:00 am,8:50 am,W,"Aug 17, 2026","Dec 11, 2026",Shelby Center,1103
14620,MECH 2130,2:00 pm,2:50 pm,MWF,"Aug 17, 2026","Dec 11, 2026",Shelby Center,1126
14621,MECH 2130,2:00 pm,2:50 pm,MWF,"Aug 17, 2026","Dec 11, 2026",Ross Hall,136
14622,MECH 2130,2:00 pm,2:50 pm,MWF,"Aug 17, 2026","Dec 11, 2026",Brown-Kopel Engineering Bldg,0158
14623,MECH 2130,9:00 am,9:50 am,MWF,"Aug 17, 2026","Dec 11, 2026",Lowder Hall,34
14624,MECH 2130,9:00 am,9:50 am,MWF,"Aug 17, 2026","Dec 11, 2026",Haley Center,2182
14625,MECH 2140,2:00 pm,3:15 pm,TR,"Aug 17, 2026","Dec 11, 2026",Shelby Center,1126
14626,MECH 2140,2:00 pm,3:15 pm,TR,"Aug 17, 2026","Dec 11, 2026",Shelby Center,1124
14627,MECH 2140,2:00 pm,3:13 pm,TR,"Aug 17, 2026","Dec 11, 2026",Lowder Hall,15
18460,MECH 2220,10:00 am,12:20 pm,M,"Aug 17, 2026","Dec 11, 2026",Wiggins Engineering Hall,1462
18460,MECH 2220,11:00 am,12:15 pm,TR,"Aug 17, 2026","Dec 11, 2026",Broun Hall,238
14633,MECH 3020,2:00 pm,2:50 pm,MWF,"Aug 17, 2026","Dec 11, 2026",Brown-Kopel Engineering Bldg,2117
14634,MECH 3020,2:00 pm,2:50 pm,MWF,"Aug 17, 2026","Dec 11, 2026",Charles E Davis Aerospace Hall,155
14635,MECH 3020,2:00 pm,2:50 pm,MWF,"Aug 17, 2026","Dec 11, 2026",Charles E Davis Aerospace Hall,255
14638,MECH 3030,11:00 am,11:50 am,MWF,"Aug 17, 2026","Dec 11, 2026",Broun Hall,125
14649,MECH 3050,12:00 pm,12:50 pm,MW,"Aug 17, 2026","Dec 11, 2026",Broun Hall,238
14649,MECH 3050,3:30 pm,5:50 pm,T,"Aug 17, 2026","Dec 11, 2026",Wiggins Engineering Hall,2468
18459,MECH 3050,12:00 pm,12:50 pm,MW,"Aug 17, 2026","Dec 11, 2026",Broun Hall,238
18459,MECH 3050,7:00 pm,9:20 pm,R,"Aug 17, 2026","Dec 11, 2026",Wiggins Engineering Hall,2468
14650,MECH 3120,12:30 pm,1:45 pm,TR,"Aug 17, 2026","Dec 11, 2026",Brown-Kopel Engineering Bldg,2133
14651,MECH 3120,12:30 pm,1:45 pm,TR,"Aug 17, 2026","Dec 11, 2026",Shelby Center,1126
14652,MECH 3120,12:30 pm,1:45 pm,TR,"Aug 17, 2026","Dec 11, 2026",Shelby Center,1124
14653,MECH 3120,12:30 pm,1:45 pm,TR,"Aug 17, 2026","Dec 11, 2026",Ross Hall,136
14654,MECH 3140,9:00 am,9:50 am,MWF,"Aug 17, 2026","Dec 11, 2026",Shelby Center,1126
14655,MECH 3140,9:00 am,9:50 am,MWF,"Aug 17, 2026","Dec 11, 2026",Shelby Center,1124
14656,MECH 3140,9:00 am,9:50 am,MWF,"Aug 17, 2026","Dec 11, 2026",Broun Hall,235
14657,MECH 3150,6:00 pm,8:20 pm,T,"Aug 17, 2026","Dec 11, 2026",Wiggins Engineering Hall,1462
14658,MECH 3150,10:00 am,12:20 pm,T,"Aug 17, 2026","Dec 11, 2026",Wiggins Engineering Hall,1462
14659,MECH 3150,7:00 pm,9:20 pm,W,"Aug 17, 2026","Dec 11, 2026",Wiggins Engineering Hall,1462
14660,MECH 3150,2:00 pm,4:20 pm,W,"Aug 17, 2026","Dec 11, 2026",Wiggins Engineering Hall,1462
14661,MECH 3150,4:30 pm,6:50 pm,W,"Aug 17, 2026","Dec 11, 2026",Wiggins Engineering Hall,1462
14662,MECH 3150,8:30 am,10:50 am,R,"Aug 17, 2026","Dec 11, 2026",Wiggins Engineering Hall,1462
14663,MECH 3150,2:00 pm,4:20 pm,R,"Aug 17, 2026","Dec 11, 2026",Wiggins Engineering Hall,1462
14664,MECH 3150,7:00 pm,9:20 pm,M,"Aug 17, 2026","Dec 11, 2026",Wiggins Engineering Hall,1462
14665,MECH 3160,8:30 am,10:50 am,R,"Aug 17, 2026","Dec 11, 2026",Wiggins Engineering Hall,2458
14666,MECH 3160,8:30 am,10:50 am,T,"Aug 17, 2026","Dec 11, 2026",Wiggins Engineering Hall,2458
14667,MECH 3160,3:30 pm,5:50 pm,T,"Aug 17, 2026","Dec 11, 2026",Wiggins Engineering Hall,2458
14668,MECH 3160,2:00 pm,4:20 pm,R,"Aug 17, 2026","Dec 11, 2026",Wiggins Engineering Hall,2458
14669,MECH 3160,4:30 pm,6:50 pm,R,"Aug 17, 2026","Dec 11, 2026",Wiggins Engineering Hall,2458
14670,MECH 3160,6:00 pm,8:20 pm,T,"Aug 17, 2026","Dec 11, 2026",Wiggins Engineering Hall,2458
14780,MECH 3200,9:00 am,11:20 am,M,"Aug 17, 2026","Dec 11, 2026",Wiggins Engineering Hall,3468
14671,MECH 3200,8:00 am,10:20 am,T,"Aug 17, 2026","Dec 11, 2026",Wiggins Engineering Hall,3468
14672,MECH 3200,3:30 pm,5:50 pm,T,"Aug 17, 2026","Dec 11, 2026",Wiggins Engineering Hall,3468
14673,MECH 3200,4:00 pm,6:20 pm,R,"Aug 17, 2026","Dec 11, 2026",Wiggins Engineering Hall,3468
14674,MECH 3200,8:00 am,8:50 am,M,"Aug 17, 2026","Dec 11, 2026",Shelby Center,1103
14674,MECH 3200,1:00 pm,3:20 pm,W,"Aug 17, 2026","Dec 11, 2026",Wiggins Engineering Hall,3468
14675,MECH 3200,8:00 am,8:50 am,M,"Aug 17, 2026","Dec 11, 2026",Lowder Hall,5
14675,MECH 3200,6:30 pm,8:50 pm,R,"Aug 17, 2026","Dec 11, 2026",Wiggins Engineering Hall,3468
14676,MECH 3200,8:00 am,8:50 am,M,"Aug 17, 2026","Dec 11, 2026",Tichenor Hall,215
14676,MECH 3200,8:30 am,10:50 am,F,"Aug 17, 2026","Dec 11, 2026",Wiggins Engineering Hall,3468
14677,MECH 3200,8:00 am,8:50 am,M,"Aug 17, 2026","Dec 11, 2026",Tichenor Hall,215
14677,MECH 3200,8:30 am,10:50 am,W,"Aug 17, 2026","Dec 11, 2026",Wiggins Engineering Hall,3468
14678,MECH 3200,8:00 am,8:50 am,M,"Aug 17, 2026","Dec 11, 2026",Tichenor Hall,215
14678,MECH 3200,3:00 pm,5:20 pm,F,"Aug 17, 2026","Dec 11, 2026",Wiggins Engineering Hall,3468
14684,MECH 4310,11:00 am,12:15 pm,TR,"Aug 17, 2026","Dec 11, 2026",Shelby Center,1124
14685,MECH 4420,3:00 pm,4:15 pm,MWF,"Aug 17, 2026","Dec 11, 2026",Shelby Center,1124
18162,MECH 4970,1:00 pm,1:50 pm,MWF,"Aug 17, 2026","Dec 11, 2026",Shelby Center,1126
14688,MECH 5050,2:00 pm,3:15 pm,TR,"Aug 17, 2026","Dec 11, 2026",Lowder Hall,129
14689,MECH 5230,9:00 am,9:50 am,MWF,"Aug 17, 2026","Dec 11, 2026",Ramsay Hall,304B
14690,MECH 5300,2:00 pm,3:15 pm,TR,"Aug 17, 2026","Dec 11, 2026",Lowder Hall,124
14692,MECH 5320,1:00 pm,1:50 pm,MWF,"Aug 17, 2026","Dec 11, 2026",Shelby Center,1103
14694,MECH 5640,2:00 pm,2:50 pm,MWF,"Aug 17, 2026","Dec 11, 2026",Shelby Center,1124
14700,MECH 6050,2:00 pm,3:15 pm,TR,"Aug 17, 2026","Dec 11, 2026",Lowder Hall,129
14701,MECH 6230,9:00 am,9:50 am,MWF,"Aug 17, 2026","Dec 11, 2026",Ramsay Hall,304B
14703,MECH 6300,2:00 pm,3:15 pm,TR,"Aug 17, 2026","Dec 11, 2026",Lowder Hall,124
14705,MECH 6310,11:00 am,12:15 pm,TR,"Aug 17, 2026","Dec 11, 2026",Lowder Hall,111
14707,MECH 6320,1:00 pm,1:50 pm,MWF,"Aug 17, 2026","Dec 11, 2026",Shelby Center,1103
14711,MECH 6640,2:00 pm,2:50 pm,MWF,"Aug 17, 2026","Dec 11, 2026",Shelby Center,1124
14725,MECH 7130,12:30 pm,1:45 pm,TR,"Aug 17, 2026","Dec 11, 2026",Shelby Center,1122
14727,MECH 7210,3:00 pm,4:15 pm,MW,"Aug 17, 2026","Dec 11, 2026",Lowder Hall,20
14732,MECH 7320,9:30 am,10:45 am,TR,"Aug 17, 2026","Dec 11, 2026",Broun Hall,125
13512,MDIA 2350,2:00 pm,2:50 pm,MW,"Aug 17, 2026","Dec 11, 2026",Tichenor Hall,215
13510,MDIA 2350,2:00 pm,2:50 pm,MW,"Aug 17, 2026","Dec 11, 2026",Haley Center,3034
13511,MDIA 2350,10:00 am,10:50 am,MW,"Aug 17, 2026","Dec 11, 2026",Haley Center,3034
13511,MDIA 2350,4:00 pm,6:00 pm,M,"Aug 17, 2026","Dec 11, 2026",Thach Hall,112
13514,MDIA 3300,11:00 am,11:50 am,MW,"Aug 17, 2026","Dec 11, 2026",Haley Center,2352
13516,MDIA 3360,2:00 pm,3:15 pm,TR,"Aug 17, 2026","Dec 11, 2026",Tichenor Hall,211
18327,MDIA 4250,11:00 am,11:50 am,MW,"Aug 17, 2026","Dec 11, 2026",Haley Center,2228
18327,MDIA 4250,4:00 pm,6:00 pm,M,"Aug 17, 2026","Dec 11, 2026",Haley Center,2370
13519,MDIA 4420,9:30 am,10:45 am,TR,"Aug 17, 2026","Dec 11, 2026",Miller Hall,223
13470,FILM 2420,9:00 am,9:50 am,MWF,"Aug 17, 2026","Dec 11, 2026",Biggin Hall,226
13471,FILM 2420,10:00 am,10:50 am,MWF,"Aug 17, 2026","Dec 11, 2026",Biggin Hall,226
13472,FILM 2700,1:00 pm,1:50 pm,MWF,"Aug 17, 2026","Dec 11, 2026",Biggin Hall,226
13473,FILM 2700,2:00 pm,2:50 pm,MWF,"Aug 17, 2026","Dec 11, 2026",Biggin Hall,226
13474,FILM 3100,8:00 am,9:15 am,TR,"Aug 17, 2026","Dec 11, 2026",Biggin Hall,226
13475,FILM 3110,2:00 pm,3:15 pm,TR,"Aug 17, 2026","Dec 11, 2026",Biggin Hall,226
13476,FILM 3120,12:30 pm,1:45 pm,TR,"Aug 17, 2026","Dec 11, 2026",Biggin Hall,226
13477,FILM 3350,12:00 pm,12:50 pm,MWF,"Aug 17, 2026","Dec 11, 2026",Haley Center,3318
13479,FILM 3820,11:00 am,12:15 pm,TR,"Aug 17, 2026","Dec 11, 2026",Biggin Hall,226
13480,FILM 4940,9:30 am,10:45 am,TR,"Aug 17, 2026","Dec 11, 2026",Biggin Hall,226
14431,MILS 1010,9:30 am,10:45 am,TR,"Aug 17, 2026","Dec 11, 2026",Nichols Hall,151
14432,MILS 1010,12:30 pm,1:45 pm,TR,"Aug 17, 2026","Dec 11, 2026",Nichols Hall,141
14435,MILS 2010,11:00 am,12:15 pm,TR,"Aug 17, 2026","Dec 11, 2026",Nichols Hall,141
14436,MILS 2010,2:00 pm,3:15 pm,TR,"Aug 17, 2026","Dec 11, 2026",Nichols Hall,141
14438,MILS 3010,8:00 am,9:15 am,TR,"Aug 17, 2026","Dec 11, 2026",Nichols Hall,141
14439,MILS 3010,12:30 pm,1:45 pm,TR,"Aug 17, 2026","Dec 11, 2026",Nichols Hall,151
14442,MILS 3030,2:00 pm,3:15 pm,TR,"Aug 17, 2026","Dec 11, 2026",Nichols Hall,151
14443,MILS 4010,8:00 am,9:15 am,TR,"Aug 17, 2026","Dec 11, 2026",Nichols Hall,151
14446,MILS 4040,3:30 pm,4:45 pm,TR,"Aug 17, 2026","Dec 11, 2026",Nichols Hall,151
11929,MUSI 1000,2:00 pm,2:50 pm,W,"Aug 17, 2026","Dec 11, 2026",Goodwin Hall,125
Rudiments,11931,11:00 am,11:50 am,MW,"Aug 17, 2026","Dec 11, 2026",Goodwin Hall,228
Rudiments,11932,9:00 am,9:50 am,MW,"Aug 17, 2026","Dec 11, 2026",Goodwin Hall,228
11933,MUSI 1330,8:00 am,8:50 am,MTWR,"Aug 17, 2026","Dec 11, 2026",Goodwin Hall,229
11934,MUSI 1330,8:00 am,8:50 am,MTWR,"Aug 17, 2026","Dec 11, 2026",Goodwin Hall,227
11935,MUSI 2040,10:00 am,10:50 am,MW,"Aug 17, 2026","Dec 11, 2026",Goodwin Hall,228
11936,MUSI 2040,11:00 am,11:50 am,TR,"Aug 17, 2026","Dec 11, 2026",Goodwin Hall,228
11937,MUSI 2200,10:00 am,10:50 am,MW,"Aug 17, 2026","Dec 11, 2026",Goodwin Hall,227
11938,MUSI 2330,9:00 am,9:50 am,MW,"Aug 17, 2026","Dec 11, 2026",Goodwin Hall,229
11938,MUSI 2330,9:30 am,10:20 am,TR,"Aug 17, 2026","Dec 11, 2026",Goodwin Hall,229
11939,MUSI 2330,9:00 am,9:50 am,MW,"Aug 17, 2026","Dec 11, 2026",Goodwin Hall,227
11939,MUSI 2330,9:30 am,10:20 am,TR,"Aug 17, 2026","Dec 11, 2026",Goodwin Hall,227
11940,MUSI 2450,8:00 am,8:50 am,TR,"Aug 17, 2026","Dec 11, 2026",Goodwin Hall,221
11941,MUSI 2730,8:00 am,8:50 am,MWF,"Aug 17, 2026","Dec 11, 2026",Haley Center,3195
11945,MUSI 2730,12:00 pm,12:50 pm,MWF,"Aug 17, 2026","Dec 11, 2026",Haley Center,2370
11950,MUSI 2730,12:30 pm,1:45 pm,TR,"Aug 17, 2026","Dec 11, 2026",Mell Street Classroom Bldg,3510B
11951,MUSI 2730,10:00 am,10:50 am,MWF,"Aug 17, 2026","Dec 11, 2026",Goodwin Hall,229
11952,MUSI 2737,12:30 pm,1:45 pm,TR,"Aug 17, 2026","Dec 11, 2026",Goodwin Hall,227
11953,MUSI 2737,2:00 pm,3:15 pm,TR,"Aug 17, 2026","Dec 11, 2026",Goodwin Hall,227
11954,MUSI 2737,12:00 pm,12:50 pm,MWF,"Aug 17, 2026","Dec 11, 2026",Goodwin Hall,227
11957,MUSI 2740,11:00 am,12:15 pm,TR,"Aug 17, 2026","Dec 11, 2026",Haley Center,3195
11956,MUSI 2740,12:30 pm,1:45 pm,TR,"Aug 17, 2026","Dec 11, 2026",Thach Hall,112
11964,MUSI 2740,11:00 am,11:50 am,MWF,"Aug 17, 2026","Dec 11, 2026",Goodwin Hall,229
11965,MUSI 2740,12:00 pm,12:50 pm,MWF,"Aug 17, 2026","Dec 11, 2026",Goodwin Hall,229
11966,MUSI 2747,1:00 pm,1:50 pm,MWF,"Aug 17, 2026","Dec 11, 2026",Goodwin Hall,227
11967,MUSI 2747,3:00 pm,4:15 pm,MW,"Aug 17, 2026","Dec 11, 2026",Goodwin Hall,227
11968,MUSI 3040,11:00 am,11:50 am,MW,"Aug 17, 2026","Dec 11, 2026",Goodwin Hall,112
11969,MUSI 3060,11:00 am,11:50 am,MW,"Aug 17, 2026","Dec 11, 2026",Goodwin Hall,227
11971,MUSI 3440,9:30 am,10:20 am,TR,"Aug 17, 2026","Dec 11, 2026",Goodwin Hall,102
11975,MUSI 3830,2:00 pm,3:15 pm,TR,"Aug 17, 2026","Dec 11, 2026",Goodwin Hall,229
11976,MUSI 3860,8:00 am,9:15 am,TR,"Aug 17, 2026","Dec 11, 2026",Goodwin Hall,228
11980,MUSI 4620,10:00 am,11:40 am,F,"Aug 17, 2026","Dec 11, 2026",Goodwin Hall,221
11981,MUSI 4660,12:30 pm,1:45 pm,TR,"Aug 17, 2026","Dec 11, 2026",Goodwin Hall,229
16333,CTMU 1010,12:00 pm,12:50 pm,F,"Aug 17, 2026","Dec 11, 2026",College of Education Bldg,1112
16334,CTMU 2010,8:00 am,10:50 am,F,"Aug 17, 2026","Dec 11, 2026",College of Education Bldg,1112
17877,CTMU 3040,12:30 pm,3:20 pm,T,"Aug 17, 2026","Dec 11, 2026",College of Education Bldg,1112
16336,CTMU 3040,10:00 am,12:50 pm,W,"Aug 17, 2026","Dec 11, 2026",College of Education Bldg,1112
16337,CTMU 3040,12:30 pm,3:20 pm,M,"Aug 17, 2026","Dec 11, 2026",College of Education Bldg,1112
17880,CTMU 5130,8:00 am,9:15 am,TR,"Aug 17, 2026","Dec 11, 2026",College of Education Bldg,1112
17881,CTMU 6130,8:00 am,9:15 am,TR,"Aug 17, 2026","Dec 11, 2026",College of Education Bldg,1112
17782,CTMU 7580,5:00 pm,7:50 pm,T,"Aug 17, 2026","Dec 11, 2026",College of Education Bldg,1112
11808,MUSE 1110,12:00 pm,12:50 pm,MW,"Aug 17, 2026","Dec 11, 2026",Goodwin Hall,134
11809,MUSE 1120,12:00 pm,12:50 pm,MW,"Aug 17, 2026","Dec 11, 2026",Goodwin Hall,150
11809,MUSE 1120,12:30 pm,1:45 pm,TR,"Aug 17, 2026","Dec 11, 2026",Goodwin Hall,150
11810,MUSE 1130,2:00 pm,3:15 pm,TR,"Aug 17, 2026","Dec 11, 2026",Goodwin Hall,134
11811,MUSE 1140,3:30 pm,4:45 pm,M,"Aug 17, 2026","Dec 11, 2026",Goodwin Hall,150
11812,MUSE 1150,3:30 pm,4:45 pm,M,"Aug 17, 2026","Dec 11, 2026",Goodwin Hall,134
11812,MUSE 1150,6:00 pm,7:30 pm,R,"Aug 17, 2026","Dec 11, 2026",Goodwin Hall,150
11813,MUSE 1160,7:30 pm,9:15 pm,M,"Aug 17, 2026","Dec 11, 2026",Goodwin Hall,112
11813,MUSE 1160,3:30 pm,5:10 pm,TR,"Aug 17, 2026","Dec 11, 2026",Goodwin Hall,112
11814,MUSE 1170,3:00 pm,3:50 pm,MW,"Aug 17, 2026","Dec 11, 2026",Goodwin Hall,112
11815,MUSE 1180,1:00 pm,1:50 pm,MWF,"Aug 17, 2026","Dec 11, 2026",Goodwin Hall,112
11816,MUSE 1190,1:00 pm,1:50 pm,MWF,"Aug 17, 2026","Dec 11, 2026",Goodwin Hall,125
11817,MUSE 1200,12:00 pm,12:50 pm,MWF,"Aug 17, 2026","Dec 11, 2026",Goodwin Hall,125
11818,MUSE 1220,5:00 pm,6:15 pm,W,"Aug 17, 2026","Dec 11, 2026",Goodwin Hall,134
11819,MUSE 1220,7:30 pm,9:00 pm,R,"Aug 17, 2026","Dec 11, 2026",Goodwin Hall,134
11820,MUSE 1220,7:30 pm,9:00 pm,T,"Aug 17, 2026","Dec 11, 2026",Goodwin Hall,134
11822,MUSE 1240,2:00 pm,2:50 pm,MF,"Aug 17, 2026","Dec 11, 2026",Goodwin Hall,112
11822,MUSE 1240,2:00 pm,3:15 pm,TR,"Aug 17, 2026","Dec 11, 2026",Goodwin Hall,112
Sonic Nation,11823,5:00 pm,6:15 pm,TR,"Aug 17, 2026","Dec 11, 2026",Goodwin Hall,134
11824,MUSE 1300,1:00 pm,1:50 pm,MWF,"Aug 17, 2026","Dec 11, 2026",Goodwin Hall,134
11825,MUSE 1310,10:00 am,10:50 am,MW,"Aug 17, 2026","Dec 11, 2026",Goodwin Hall,112
11826,MUSE 1320,6:00 pm,7:30 pm,M,"Aug 17, 2026","Dec 11, 2026",Goodwin Hall,112
11827,MUSE 1320,6:00 pm,7:30 pm,W,"Aug 17, 2026","Dec 11, 2026",Goodwin Hall,150
11828,MUSE 1360,6:00 pm,7:30 pm,M,"Aug 17, 2026","Dec 11, 2026",Goodwin Hall,150
11832,MUSE 1410,1:00 pm,1:50 pm,M,"Aug 17, 2026","Dec 11, 2026",Goodwin Hall,229
11834,MUSE 1470,12:30 pm,1:45 pm,T,"Aug 17, 2026","Dec 11, 2026",Goodwin Hall,112
11839,MUSE 2110,12:00 pm,12:50 pm,MW,"Aug 17, 2026","Dec 11, 2026",Goodwin Hall,134
11840,MUSE 2120,12:00 pm,12:50 pm,MW,"Aug 17, 2026","Dec 11, 2026",Goodwin Hall,150
11840,MUSE 2120,12:30 pm,1:45 pm,TR,"Aug 17, 2026","Dec 11, 2026",Goodwin Hall,150
11841,MUSE 2130,2:00 pm,3:15 pm,TR,"Aug 17, 2026","Dec 11, 2026",Goodwin Hall,134
11842,MUSE 2140,3:30 pm,4:45 pm,M,"Aug 17, 2026","Dec 11, 2026",Goodwin Hall,150
11843,MUSE 2150,3:30 pm,4:45 pm,M,"Aug 17, 2026","Dec 11, 2026",Goodwin Hall,134
11843,MUSE 2150,6:00 pm,7:30 pm,R,"Aug 17, 2026","Dec 11, 2026",Goodwin Hall,150
11844,MUSE 2160,7:30 pm,9:15 pm,M,"Aug 17, 2026","Dec 11, 2026",Goodwin Hall,112
11844,MUSE 2160,3:30 pm,5:10 pm,TR,"Aug 17, 2026","Dec 11, 2026",Goodwin Hall,112
11845,MUSE 2170,3:00 pm,3:50 pm,MW,"Aug 17, 2026","Dec 11, 2026",Goodwin Hall,112
11846,MUSE 2180,1:00 pm,1:50 pm,MWF,"Aug 17, 2026","Dec 11, 2026",Goodwin Hall,112
11847,MUSE 2190,1:00 pm,1:50 pm,MWF,"Aug 17, 2026","Dec 11, 2026",Goodwin Hall,125
11848,MUSE 2200,12:00 pm,12:50 pm,MWF,"Aug 17, 2026","Dec 11, 2026",Goodwin Hall,125
11849,MUSE 2220,5:00 pm,6:15 pm,W,"Aug 17, 2026","Dec 11, 2026",Goodwin Hall,134
11850,MUSE 2220,7:30 pm,9:00 pm,R,"Aug 17, 2026","Dec 11, 2026",Goodwin Hall,134
11851,MUSE 2220,7:30 pm,9:00 pm,T,"Aug 17, 2026","Dec 11, 2026",Goodwin Hall,134
11853,MUSE 2240,2:00 pm,2:50 pm,MF,"Aug 17, 2026","Dec 11, 2026",Goodwin Hall,112
11853,MUSE 2240,2:00 pm,3:15 pm,TR,"Aug 17, 2026","Dec 11, 2026",Goodwin Hall,112
Sonic Nation,11854,5:00 pm,6:15 pm,TR,"Aug 17, 2026","Dec 11, 2026",Goodwin Hall,134
11855,MUSE 2300,1:00 pm,1:50 pm,MWF,"Aug 17, 2026","Dec 11, 2026",Goodwin Hall,134
11856,MUSE 2310,10:00 am,10:50 am,MW,"Aug 17, 2026","Dec 11, 2026",Goodwin Hall,112
11857,MUSE 2320,6:00 pm,7:30 pm,M,"Aug 17, 2026","Dec 11, 2026",Goodwin Hall,112
11858,MUSE 2320,6:00 pm,7:30 pm,W,"Aug 17, 2026","Dec 11, 2026",Goodwin Hall,150
11859,MUSE 2360,6:00 pm,7:30 pm,M,"Aug 17, 2026","Dec 11, 2026",Goodwin Hall,150
11862,MUSE 2410,1:00 pm,1:50 pm,M,"Aug 17, 2026","Dec 11, 2026",Goodwin Hall,229
11868,MUSE 3110,12:00 pm,12:50 pm,MW,"Aug 17, 2026","Dec 11, 2026",Goodwin Hall,134
11869,MUSE 3120,12:00 pm,12:50 pm,MW,"Aug 17, 2026","Dec 11, 2026",Goodwin Hall,150
11869,MUSE 3120,12:30 pm,1:45 pm,TR,"Aug 17, 2026","Dec 11, 2026",Goodwin Hall,150
11870,MUSE 3130,2:00 pm,3:15 pm,TR,"Aug 17, 2026","Dec 11, 2026",Goodwin Hall,134
11871,MUSE 3140,3:30 pm,4:45 pm,M,"Aug 17, 2026","Dec 11, 2026",Goodwin Hall,150
11872,MUSE 3150,3:30 pm,4:45 pm,M,"Aug 17, 2026","Dec 11, 2026",Goodwin Hall,134
11872,MUSE 3150,6:00 pm,7:30 pm,R,"Aug 17, 2026","Dec 11, 2026",Goodwin Hall,150
11873,MUSE 3160,7:30 pm,9:15 pm,M,"Aug 17, 2026","Dec 11, 2026",Goodwin Hall,112
11873,MUSE 3160,3:30 pm,5:10 pm,TR,"Aug 17, 2026","Dec 11, 2026",Goodwin Hall,112
11874,MUSE 3170,3:00 pm,3:50 pm,MW,"Aug 17, 2026","Dec 11, 2026",Goodwin Hall,112
11875,MUSE 3180,1:00 pm,1:50 pm,MWF,"Aug 17, 2026","Dec 11, 2026",Goodwin Hall,112
11876,MUSE 3190,1:00 pm,1:50 pm,MWF,"Aug 17, 2026","Dec 11, 2026",Goodwin Hall,125
11877,MUSE 3200,12:00 pm,12:50 pm,MWF,"Aug 17, 2026","Dec 11, 2026",Goodwin Hall,125
11878,MUSE 3220,5:00 pm,6:15 pm,W,"Aug 17, 2026","Dec 11, 2026",Goodwin Hall,134
11879,MUSE 3220,7:30 pm,9:00 pm,R,"Aug 17, 2026","Dec 11, 2026",Goodwin Hall,134
11880,MUSE 3220,7:30 pm,9:00 pm,T,"Aug 17, 2026","Dec 11, 2026",Goodwin Hall,134
11882,MUSE 3240,2:00 pm,2:50 pm,MF,"Aug 17, 2026","Dec 11, 2026",Goodwin Hall,112
11882,MUSE 3240,2:00 pm,3:15 pm,TR,"Aug 17, 2026","Dec 11, 2026",Goodwin Hall,112
Sonic Nation,11883,5:00 pm,6:15 pm,TR,"Aug 17, 2026","Dec 11, 2026",Goodwin Hall,134
11884,MUSE 3300,1:00 pm,1:50 pm,MWF,"Aug 17, 2026","Dec 11, 2026",Goodwin Hall,134
11885,MUSE 3310,10:00 am,10:50 am,MW,"Aug 17, 2026","Dec 11, 2026",Goodwin Hall,112
11886,MUSE 3320,6:00 pm,7:30 pm,M,"Aug 17, 2026","Dec 11, 2026",Goodwin Hall,112
11887,MUSE 3320,6:00 pm,7:30 pm,W,"Aug 17, 2026","Dec 11, 2026",Goodwin Hall,150
11888,MUSE 3360,6:00 pm,7:30 pm,M,"Aug 17, 2026","Dec 11, 2026",Goodwin Hall,150
11891,MUSE 3410,1:00 pm,1:50 pm,M,"Aug 17, 2026","Dec 11, 2026",Goodwin Hall,229
11893,MUSE 3480,6:30 pm,8:00 pm,W,"Aug 17, 2026","Dec 11, 2026",Goodwin Hall,134
11897,MUSE 4110,12:00 pm,12:50 pm,MW,"Aug 17, 2026","Dec 11, 2026",Goodwin Hall,134
11898,MUSE 4120,12:00 pm,12:50 pm,MW,"Aug 17, 2026","Dec 11, 2026",Goodwin Hall,150
11898,MUSE 4120,12:30 pm,1:45 pm,TR,"Aug 17, 2026","Dec 11, 2026",Goodwin Hall,150
11899,MUSE 4130,2:00 pm,3:15 pm,TR,"Aug 17, 2026","Dec 11, 2026",Goodwin Hall,134
11900,MUSE 4140,3:30 pm,4:45 pm,M,"Aug 17, 2026","Dec 11, 2026",Goodwin Hall,150
11901,MUSE 4150,3:30 pm,4:45 pm,M,"Aug 17, 2026","Dec 11, 2026",Goodwin Hall,134
11901,MUSE 4150,6:00 pm,7:30 pm,R,"Aug 17, 2026","Dec 11, 2026",Goodwin Hall,150
11902,MUSE 4160,7:30 pm,9:15 pm,M,"Aug 17, 2026","Dec 11, 2026",Goodwin Hall,112
11902,MUSE 4160,3:30 pm,5:10 pm,TR,"Aug 17, 2026","Dec 11, 2026",Goodwin Hall,112
11903,MUSE 4170,3:00 pm,3:50 pm,MW,"Aug 17, 2026","Dec 11, 2026",Goodwin Hall,112
11904,MUSE 4180,1:00 pm,1:50 pm,MWF,"Aug 17, 2026","Dec 11, 2026",Goodwin Hall,112
11905,MUSE 4190,1:00 pm,1:50 pm,MWF,"Aug 17, 2026","Dec 11, 2026",Goodwin Hall,125
11906,MUSE 4200,12:00 pm,12:50 pm,MWF,"Aug 17, 2026","Dec 11, 2026",Goodwin Hall,125
11907,MUSE 4220,5:00 pm,6:15 pm,W,"Aug 17, 2026","Dec 11, 2026",Goodwin Hall,134
11908,MUSE 4220,7:30 pm,9:00 pm,R,"Aug 17, 2026","Dec 11, 2026",Goodwin Hall,134
11909,MUSE 4220,7:30 pm,9:00 pm,T,"Aug 17, 2026","Dec 11, 2026",Goodwin Hall,134
11911,MUSE 4240,2:00 pm,2:50 pm,MF,"Aug 17, 2026","Dec 11, 2026",Goodwin Hall,112
11911,MUSE 4240,2:00 pm,3:15 pm,TR,"Aug 17, 2026","Dec 11, 2026",Goodwin Hall,112
Sonic Nation,11912,5:00 pm,6:15 pm,TR,"Aug 17, 2026","Dec 11, 2026",Goodwin Hall,134
11913,MUSE 4300,1:00 pm,1:50 pm,MWF,"Aug 17, 2026","Dec 11, 2026",Goodwin Hall,134
11914,MUSE 4310,10:00 am,10:50 am,MW,"Aug 17, 2026","Dec 11, 2026",Goodwin Hall,112
11915,MUSE 4320,6:00 pm,7:30 pm,M,"Aug 17, 2026","Dec 11, 2026",Goodwin Hall,112
11916,MUSE 4320,6:00 pm,7:30 pm,W,"Aug 17, 2026","Dec 11, 2026",Goodwin Hall,150
11917,MUSE 4360,6:00 pm,7:30 pm,M,"Aug 17, 2026","Dec 11, 2026",Goodwin Hall,150
11921,MUSE 4410,1:00 pm,1:50 pm,M,"Aug 17, 2026","Dec 11, 2026",Goodwin Hall,229
12191,NATR 2050,11:00 am,12:15 pm,TR,"Aug 17, 2026","Dec 11, 2026",Forestry & Wildlife Sci Bldg,2217
12192,NATR 2050,9:30 am,10:45 am,TR,"Aug 17, 2026","Dec 11, 2026",Forestry & Wildlife Sci Bldg,2217
12193,NATR 2100,8:00 am,9:15 am,TR,"Aug 17, 2026","Dec 11, 2026",Forestry & Wildlife Sci Bldg,1207
12193,NATR 2100,3:30 pm,5:50 pm,R,"Aug 17, 2026","Dec 11, 2026",Forestry & Wildlife Sci Bldg,2216
12194,NATR 5310,11:00 am,11:50 am,MWF,"Aug 17, 2026","Dec 11, 2026",Forestry & Wildlife Sci Bldg,1207
12197,NATR 5880,8:00 am,9:15 am,TR,"Aug 17, 2026","Dec 11, 2026",Forestry & Wildlife Sci Bldg,1219
12198,NATR 6310,11:00 am,11:50 am,MWF,"Aug 17, 2026","Dec 11, 2026",Forestry & Wildlife Sci Bldg,1207
12201,NATR 6880,8:00 am,9:15 am,TR,"Aug 17, 2026","Dec 11, 2026",Forestry & Wildlife Sci Bldg,1219
14267,NAVS 2010,8:00 am,9:15 am,TR,"Aug 17, 2026","Dec 11, 2026",Lowder Hall,15
14271,NAVS 3050,9:30 am,10:45 am,TR,"Aug 17, 2026","Dec 11, 2026",Nichols Hall,108
17757,NAVS 4030,11:00 am,12:15 pm,TR,"Aug 17, 2026","Dec 11, 2026",Nichols Hall,104
17520,NURS 3010,8:00 am,10:00 am,W,"Aug 17, 2026","Dec 11, 2026",School of Nursing,1145
17521,NURS 3020,12:00 pm,2:00 pm,W,"Aug 17, 2026","Dec 11, 2026",School of Nursing,1135
17523,NURS 3410,8:00 am,10:00 am,T,"Aug 17, 2026","Oct 09, 2026",School of Nursing,1135
17524,NURS 3420,10:30 am,12:30 pm,W,"Oct 19, 2026","Dec 11, 2026",School of Nursing,1145
17524,NURS 3420,1:00 pm,3:00 pm,W,"Oct 19, 2026","Dec 11, 2026",School of Nursing,1145
17525,NURS 3510,8:00 am,11:00 am,R,"Aug 17, 2026","Dec 11, 2026",School of Nursing,1145
17526,NURS 3520,8:00 am,12:00 pm,R,"Aug 17, 2026","Dec 11, 2026",School of Nursing,1135
17527,NURS 3530,8:00 am,11:00 am,W,"Aug 17, 2026","Dec 11, 2026",School of Nursing,1135
17536,NURS 4030,8:00 am,10:00 am,M,"Aug 17, 2026","Dec 11, 2026",School of Nursing,1135
17537,NURS 4040,10:30 am,12:30 pm,T,"Aug 17, 2026","Oct 09, 2026",School of Nursing,1145
18534,NURS 4170,12:40 pm,3:30 pm,M,"Aug 17, 2026","Oct 09, 2026",School of Nursing,1135
17543,NURS 4180,10:30 am,12:30 pm,M,"Oct 19, 2026","Dec 11, 2026",School of Nursing,1135
17544,NURS 4270,10:30 am,12:30 pm,M,"Aug 17, 2026","Oct 09, 2026",School of Nursing,1135
17545,NURS 4280,1:00 pm,3:00 pm,R,"Aug 17, 2026","Dec 11, 2026",School of Nursing,1145
17548,NURS 4540,8:00 am,11:00 am,F,"Aug 17, 2026","Dec 11, 2026",School of Nursing,1135
17549,NURS 4550,8:00 am,12:00 pm,M,"Aug 17, 2026","Oct 09, 2026",School of Nursing,1145
17549,NURS 4550,1:00 pm,3:00 pm,M,"Aug 17, 2026","Oct 09, 2026",School of Nursing,1145
17556,NURS 4940,8:00 am,10:00 am,T,"Aug 17, 2026","Oct 09, 2026",School of Nursing,1145
10599,NTRI 1010,3:30 pm,4:20 pm,R,"Aug 17, 2026","Dec 11, 2026",Poultry Science Bldg (PSB),120
10600,NTRI 2000,9:00 am,9:50 am,MWF,"Aug 17, 2026","Dec 11, 2026",Langdon Hall,101
10601,NTRI 2000,9:30 am,10:45 am,TR,"Aug 17, 2026","Dec 11, 2026",Langdon Hall,101
10603,NTRI 2007,9:30 am,10:45 am,TR,"Aug 17, 2026","Dec 11, 2026",Langdon Hall,101
10604,NTRI 2010,12:30 pm,1:45 pm,TR,"Aug 17, 2026","Dec 11, 2026",Science Center Classroom Bldg,118
10605,NTRI 2070,1:00 pm,1:50 pm,R,"Aug 17, 2026","Dec 11, 2026",Rane Center,306B
10609,NTRI 3561,1:00 pm,3:50 pm,M,"Aug 17, 2026","Dec 11, 2026",Rane Center,132
10610,NTRI 3561,1:00 pm,3:50 pm,T,"Aug 17, 2026","Dec 11, 2026",Rane Center,132
10611,NTRI 3561,1:00 pm,3:50 pm,W,"Aug 17, 2026","Dec 11, 2026",Rane Center,132
18402,NTRI 3720,9:00 am,10:50 am,W,"Aug 17, 2026","Dec 11, 2026",Rane Center,215
10612,NTRI 3750,11:00 am,11:50 am,MWF,"Aug 17, 2026","Dec 11, 2026",Rane Center,202
10613,NTRI 4560,12:00 pm,1:45 pm,M,"Aug 17, 2026","Dec 11, 2026",Rane Center,202
10615,NTRI 4620,9:30 am,10:45 am,TR,"Aug 17, 2026","Dec 11, 2026",Rane Center,202
10622,NTRI 5021,11:15 am,2:15 pm,W,"Aug 17, 2026","Dec 11, 2026",Rane Center,215
10624,NTRI 5910,9:00 am,12:50 pm,F,"Aug 17, 2026","Dec 11, 2026",Rane Center,312
18127,PARK 1050,11:00 am,12:15 pm,TR,"Aug 17, 2026","Dec 11, 2026",Forestry & Wildlife Sci Bldg,1207
12203,PARK 2010,12:00 pm,12:50 pm,MWF,"Aug 17, 2026","Dec 11, 2026",Forestry & Wildlife Sci Bldg,2217
12204,PARK 3010,9:30 am,10:45 am,TR,"Aug 17, 2026","Dec 11, 2026",Forestry & Wildlife Sci Bldg,1221
12205,PARK 3850,12:30 pm,1:45 pm,R,"Aug 17, 2026","Dec 11, 2026",Forestry & Wildlife Sci Bldg,1207
12206,PARK 4300,2:00 pm,2:50 pm,MWF,"Aug 17, 2026","Dec 11, 2026",Forestry & Wildlife Sci Bldg,1207
12207,PARK 5200,1:00 pm,1:50 pm,MWF,"Aug 17, 2026","Dec 11, 2026",Forestry & Wildlife Sci Bldg,1207
12208,PARK 5250,10:00 am,10:50 am,MWF,"Aug 17, 2026","Dec 11, 2026",Forestry & Wildlife Sci Bldg,1207
11255,PHIL 1010,2:00 pm,3:15 pm,TR,"Aug 17, 2026","Dec 11, 2026",Haley Center,2204
11256,PHIL 1010,3:30 pm,4:45 pm,TR,"Aug 17, 2026","Dec 11, 2026",Haley Center,2204
11257,PHIL 1010,2:00 pm,2:50 pm,MWF,"Aug 17, 2026","Dec 11, 2026",Haley Center,2204
11258,PHIL 1010,1:00 pm,1:50 pm,MWF,"Aug 17, 2026","Dec 11, 2026",Haley Center,2204
11259,PHIL 1010,11:00 am,11:50 am,MWF,"Aug 17, 2026","Dec 11, 2026",Haley Center,2204
11260,PHIL 1010,12:00 pm,12:50 pm,MWF,"Aug 17, 2026","Dec 11, 2026",Haley Center,2204
11261,PHIL 1010,10:00 am,10:50 am,MWF,"Aug 17, 2026","Dec 11, 2026",Charles E Davis Aerospace Hall,254
11262,PHIL 1017,11:00 am,11:50 am,MWF,"Aug 17, 2026","Dec 11, 2026",Mell Street Classroom Bldg,3520
11263,PHIL 1020,2:00 pm,3:15 pm,TR,"Aug 17, 2026","Dec 11, 2026",Haley Center,3124
11264,PHIL 1020,3:30 pm,4:45 pm,TR,"Aug 17, 2026","Dec 11, 2026",Haley Center,3124
11265,PHIL 1020,11:00 am,12:15 pm,TR,"Aug 17, 2026","Dec 11, 2026",Haley Center,3238
11266,PHIL 1020,9:00 am,9:50 am,MWF,"Aug 17, 2026","Dec 11, 2026",Haley Center,3124
11267,PHIL 1020,10:00 am,10:50 am,MWF,"Aug 17, 2026","Dec 11, 2026",Haley Center,3174
11268,PHIL 1020,11:00 am,11:50 am,MWF,"Aug 17, 2026","Dec 11, 2026",Haley Center,3124
11269,PHIL 1020,2:00 pm,3:15 pm,TR,"Aug 17, 2026","Dec 11, 2026",Haley Center,2306
11270,PHIL 1020,12:30 pm,1:45 pm,TR,"Aug 17, 2026","Dec 11, 2026",Haley Center,2204
11271,PHIL 1020,8:00 am,9:15 am,TR,"Aug 17, 2026","Dec 11, 2026",Haley Center,2204
11272,PHIL 1020,11:00 am,12:15 pm,TR,"Aug 17, 2026","Dec 11, 2026",Haley Center,2204
11273,PHIL 1020,9:00 am,9:50 am,MWF,"Aug 17, 2026","Dec 11, 2026",Haley Center,2306
11274,PHIL 1020,2:00 pm,2:50 pm,MWF,"Aug 17, 2026","Dec 11, 2026",Haley Center,3124
11275,PHIL 1020,1:00 pm,1:50 pm,MWF,"Aug 17, 2026","Dec 11, 2026",Haley Center,3124
11276,PHIL 1020,12:00 pm,12:50 pm,MWF,"Aug 17, 2026","Dec 11, 2026",Haley Center,3124
11277,PHIL 1020,9:30 am,10:45 am,TR,"Aug 17, 2026","Dec 11, 2026",Haley Center,3124
11278,PHIL 1020,8:00 am,8:50 am,MWF,"Aug 17, 2026","Dec 11, 2026",Haley Center,2204
11279,PHIL 1020,12:00 pm,12:50 pm,MWF,"Aug 17, 2026","Dec 11, 2026",Haley Center,3196
11280,PHIL 1020,1:00 pm,1:50 pm,MWF,"Aug 17, 2026","Dec 11, 2026",Haley Center,3034
11281,PHIL 1020,2:00 pm,2:50 pm,MWF,"Aug 17, 2026","Dec 11, 2026",Haley Center,2324
11282,PHIL 1020,12:30 pm,1:45 pm,TR,"Aug 17, 2026","Dec 11, 2026",Harbert Center,111
11283,PHIL 1020,2:00 pm,3:15 pm,TR,"Aug 17, 2026","Dec 11, 2026",Harbert Center,111
11284,PHIL 1020,3:30 pm,4:45 pm,TR,"Aug 17, 2026","Dec 11, 2026",Harbert Center,111
11285,PHIL 1020,11:00 am,12:15 pm,TR,"Aug 17, 2026","Dec 11, 2026",Mell Street Classroom Bldg,3510B
11286,PHIL 1020,11:00 am,11:50 am,MWF,"Aug 17, 2026","Dec 11, 2026",Mell Street Classroom Bldg,3510A
11287,PHIL 1020,8:00 am,9:15 am,TR,"Aug 17, 2026","Dec 11, 2026",Mell Street Classroom Bldg,3510A
11288,PHIL 1020,9:30 am,10:45 am,TR,"Aug 17, 2026","Dec 11, 2026",Mell Street Classroom Bldg,3510A
11289,PHIL 1020,12:00 pm,12:50 pm,MWF,"Aug 17, 2026","Dec 11, 2026",Mell Street Classroom Bldg,3510B
11290,PHIL 1020,1:00 pm,1:50 pm,MWF,"Aug 17, 2026","Dec 11, 2026",Mell Street Classroom Bldg,3510A
11291,PHIL 1020,2:00 pm,2:50 pm,MWF,"Aug 17, 2026","Dec 11, 2026",Mell Street Classroom Bldg,3510A
11292,PHIL 1020,9:30 am,10:45 am,TR,"Aug 17, 2026","Dec 11, 2026",Haley Center,2222
11293,PHIL 1020,10:00 am,10:50 am,MWF,"Aug 17, 2026","Dec 11, 2026",Haley Center,2468
11294,PHIL 1027,11:00 am,12:15 pm,TR,"Aug 17, 2026","Dec 11, 2026",Haley Center,2196
11295,PHIL 1027,12:30 pm,1:45 pm,TR,"Aug 17, 2026","Dec 11, 2026",Mell Street Classroom Bldg,3546
11296,PHIL 1030,8:00 am,8:50 am,MWF,"Aug 17, 2026","Dec 11, 2026",Haley Center,3124
11297,PHIL 1030,9:00 am,9:50 am,MWF,"Aug 17, 2026","Dec 11, 2026",Haley Center,2204
11298,PHIL 1030,10:00 am,10:50 am,MWF,"Aug 17, 2026","Dec 11, 2026",Haley Center,2204
11299,PHIL 1030,1:00 pm,1:50 pm,MWF,"Aug 17, 2026","Dec 11, 2026",Haley Center,2306
11300,PHIL 1030,2:00 pm,2:50 pm,MWF,"Aug 17, 2026","Dec 11, 2026",Haley Center,2306
11301,PHIL 1030,12:30 pm,1:45 pm,TR,"Aug 17, 2026","Dec 11, 2026",Haley Center,3046
11302,PHIL 1030,11:00 am,12:15 pm,TR,"Aug 17, 2026","Dec 11, 2026",Haley Center,3046
11303,PHIL 1030,3:30 pm,4:45 pm,TR,"Aug 17, 2026","Dec 11, 2026",Haley Center,3046
11304,PHIL 1030,11:00 am,11:50 am,MWF,"Aug 17, 2026","Dec 11, 2026",Haley Center,3353
11308,PHIL 1037,2:00 pm,3:15 pm,TR,"Aug 17, 2026","Dec 11, 2026",Haley Center,3046
11309,PHIL 1040,8:00 am,8:50 am,MWF,"Aug 17, 2026","Dec 11, 2026",Haley Center,2306
11310,PHIL 1040,12:30 pm,1:45 pm,TR,"Aug 17, 2026","Dec 11, 2026",Haley Center,2334
11311,PHIL 1040,2:00 pm,3:15 pm,TR,"Aug 17, 2026","Dec 11, 2026",Haley Center,2334
11312,PHIL 1040,2:00 pm,2:50 pm,MWF,"Aug 17, 2026","Dec 11, 2026",Haley Center,2334
11313,PHIL 1040,1:00 pm,1:50 pm,MWF,"Aug 17, 2026","Dec 11, 2026",Haley Center,3174
11314,PHIL 1040,9:00 am,9:50 am,MWF,"Aug 17, 2026","Dec 11, 2026",Haley Center,3174
11315,PHIL 1040,3:30 pm,4:45 pm,TR,"Aug 17, 2026","Dec 11, 2026",Haley Center,2334
11316,PHIL 1040,10:00 am,10:50 am,MWF,"Aug 17, 2026","Dec 11, 2026",Haley Center,3334
11317,PHIL 1040,11:00 am,11:50 am,MWF,"Aug 17, 2026","Dec 11, 2026",Haley Center,3174
11319,PHIL 1050,9:30 am,10:45 am,TR,"Aug 17, 2026","Dec 11, 2026",Draughon Library,3041
11320,PHIL 1050,12:30 pm,1:45 pm,TR,"Aug 17, 2026","Dec 11, 2026",Draughon Library,3041
11321,PHIL 1050,11:00 am,12:15 pm,TR,"Aug 17, 2026","Dec 11, 2026",Draughon Library,3041
11322,PHIL 1050,2:00 pm,3:15 pm,TR,"Aug 17, 2026","Dec 11, 2026",Draughon Library,3041
11323,PHIL 1070,2:00 pm,3:15 pm,TR,"Aug 17, 2026","Dec 11, 2026",Mell Street Classroom Bldg,3510A
11324,PHIL 1070,12:30 pm,1:45 pm,TR,"Aug 17, 2026","Dec 11, 2026",Mell Street Classroom Bldg,3510A
11325,PHIL 1070,11:00 am,12:15 pm,TR,"Aug 17, 2026","Dec 11, 2026",Mell Street Classroom Bldg,3510A
11326,PHIL 1080,10:00 am,10:50 am,MWF,"Aug 17, 2026","Dec 11, 2026",Haley Center,3238
11327,PHIL 1080,12:00 pm,12:50 pm,MWF,"Aug 17, 2026","Dec 11, 2026",Haley Center,2224
11328,PHIL 1090,11:00 am,12:15 pm,TR,"Aug 17, 2026","Dec 11, 2026",Haley Center,3124
11330,PHIL 1100,12:30 pm,1:45 pm,TR,"Aug 17, 2026","Dec 11, 2026",Haley Center,3174
11331,PHIL 1100,10:00 am,10:50 am,MWF,"Aug 17, 2026","Dec 11, 2026",Haley Center,3328
11332,PHIL 1100,9:30 am,10:45 am,TR,"Aug 17, 2026","Dec 11, 2026",Haley Center,2468
11338,PHIL 1130,11:00 am,11:50 am,MWF,"Aug 17, 2026","Dec 11, 2026",Haley Center,3182
11339,PHIL 1130,12:00 pm,12:50 pm,MWF,"Aug 17, 2026","Dec 11, 2026",Haley Center,3174
11340,PHIL 2110,10:00 am,10:50 am,MWF,"Aug 17, 2026","Dec 11, 2026",Haley Center,2228
11341,PHIL 2110,11:00 am,11:50 am,MWF,"Aug 17, 2026","Dec 11, 2026",Harbert Center,111
11342,PHIL 2970,2:00 pm,3:15 pm,TR,"Aug 17, 2026","Dec 11, 2026",Haley Center,3224
11345,PHIL 3110,8:00 am,8:50 am,MWF,"Aug 17, 2026","Dec 11, 2026",Draughon Library,4041
11346,PHIL 3110,9:00 am,9:50 am,MWF,"Aug 17, 2026","Dec 11, 2026",Draughon Library,4041
11350,PHIL 3340,1:00 pm,1:50 pm,MWF,"Aug 17, 2026","Dec 11, 2026",Haley Center,2226
11352,PHIL 3640,11:00 am,12:15 pm,TR,"Aug 17, 2026","Dec 11, 2026",Haley Center,3224
11353,PHIL 3640,12:30 pm,1:45 pm,TR,"Aug 17, 2026","Dec 11, 2026",Haley Center,2468
11354,PHIL 3700,12:30 pm,1:45 pm,TR,"Aug 17, 2026","Dec 11, 2026",Haley Center,2226
11356,PHIL 4110,10:00 am,10:50 am,MWF,"Aug 17, 2026","Dec 11, 2026",Mell Street Classroom Bldg,3520
18263,PHIL 4960,3:30 pm,4:45 pm,T,"Aug 17, 2026","Dec 11, 2026",Haley Center,3106
11357,PHIL 4970,9:30 am,10:45 am,TR,"Aug 17, 2026","Dec 11, 2026",Haley Center,3150
15331,PHED 1200,10:00 am,10:50 am,MWF,"Aug 17, 2026","Dec 11, 2026",Recreation and Wellness Center,1301
15336,PHED 1200,10:00 am,10:50 am,MWF,"Aug 17, 2026","Dec 11, 2026",Student Activities Ctr,142
15337,PHED 1230,9:00 am,9:50 am,MWF,"Aug 17, 2026","Dec 11, 2026",Student Activities Ctr,142
15339,PHED 1300,10:00 am,10:50 am,MWF,"Aug 17, 2026","Dec 11, 2026",CrossFit on the Plains,100
15340,PHED 1300,1:00 pm,1:50 pm,MWF,"Aug 17, 2026","Dec 11, 2026",CrossFit on the Plains,100
15341,PHED 1300,2:00 pm,2:50 pm,MWF,"Aug 17, 2026","Dec 11, 2026",CrossFit on the Plains,100
15342,PHED 1300,3:00 pm,3:50 pm,MWF,"Aug 17, 2026","Dec 11, 2026",CrossFit on the Plains,100
15343,PHED 1300,11:00 am,11:50 am,MWF,"Aug 17, 2026","Dec 11, 2026",CrossFit on the Plains,100
18645,PHED 1340,10:00 am,10:50 am,MWF,"Aug 17, 2026","Dec 11, 2026",Iron Tribe Fitness,1
15357,PHED 1520,10:30 am,11:45 am,MW,"Aug 17, 2026","Dec 11, 2026",AU Club Golf Course,1
15358,PHED 1520,12:00 pm,1:15 pm,TR,"Aug 17, 2026","Dec 11, 2026",AU Club Golf Course,1
15359,PHED 1520,3:00 pm,4:15 pm,TR,"Aug 17, 2026","Dec 11, 2026",AU Club Golf Course,1
15360,PHED 1520,10:30 am,11:45 am,TR,"Aug 17, 2026","Dec 11, 2026",AU Club Golf Course,1
15361,PHED 1520,2:00 pm,3:15 pm,MW,"Aug 17, 2026","Dec 11, 2026",AU Club Golf Course,1
15362,PHED 1520,9:00 am,10:15 am,MW,"Aug 17, 2026","Dec 11, 2026",AU Club Golf Course,1
15363,PHED 1520,12:30 pm,1:45 pm,TR,"Aug 17, 2026","Dec 11, 2026",Moores Mill Golf Course,1
15365,PHED 1520,11:00 am,12:15 pm,MW,"Aug 17, 2026","Dec 11, 2026",Moores Mill Golf Course,1
15366,PHED 1520,1:00 pm,2:15 pm,MW,"Aug 17, 2026","Dec 11, 2026",Moores Mill Golf Course,1
15367,PHED 1520,11:00 am,12:15 pm,TR,"Aug 17, 2026","Dec 11, 2026",Moores Mill Golf Course,1
15368,PHED 1520,2:00 pm,3:15 pm,TR,"Aug 17, 2026","Dec 11, 2026",Moores Mill Golf Course,1
15371,PHED 1520,9:00 am,10:15 am,TR,"Aug 17, 2026","Dec 11, 2026",AU Club Golf Course,1
18559,PHED 1520,3:30 pm,4:45 pm,MW,"Aug 17, 2026","Dec 11, 2026",AU Club Golf Course,1
15377,PHED 1600,8:00 am,9:15 am,MW,"Aug 17, 2026","Dec 11, 2026",Red Wolf School of MartialArts,1
15378,PHED 1600,8:00 am,9:15 am,TR,"Aug 17, 2026","Dec 11, 2026",Red Wolf School of MartialArts,1
15379,PHED 1600,4:15 pm,5:30 pm,MW,"Aug 17, 2026","Dec 11, 2026",Red Wolf School of MartialArts,1
15380,PHED 1600,6:15 pm,7:30 pm,MW,"Aug 17, 2026","Dec 11, 2026",Red Wolf School of MartialArts,1
15381,PHED 1600,4:15 pm,5:30 pm,TR,"Aug 17, 2026","Dec 11, 2026",Red Wolf School of MartialArts,1
15382,PHED 1600,6:15 pm,7:30 pm,TR,"Aug 17, 2026","Dec 11, 2026",Red Wolf School of MartialArts,1
15383,PHED 1640,10:00 am,11:15 am,MW,"Aug 17, 2026","Dec 11, 2026",The Yoga Room,1
15386,PHED 1710,5:00 pm,5:50 pm,R,"Aug 17, 2026","Dec 11, 2026",Student Activities Ctr,241
15387,PHED 1710,6:00 pm,6:50 pm,R,"Aug 17, 2026","Dec 11, 2026",Student Activities Ctr,241
15388,PHED 1720,5:00 pm,5:50 pm,W,"Aug 17, 2026","Dec 11, 2026",Student Activities Ctr,241
15417,PHED 2100,11:00 am,12:15 pm,TR,"Aug 17, 2026","Dec 11, 2026",Student Activities Ctr,142
15419,PHED 2200,3:00 pm,3:50 pm,M,"Aug 17, 2026","Dec 11, 2026",Student Activities Ctr,241
15420,PHED 2200,4:00 pm,4:50 pm,M,"Aug 17, 2026","Dec 11, 2026",Student Activities Ctr,241
15421,PHED 2200,3:00 pm,3:50 pm,W,"Aug 17, 2026","Dec 11, 2026",Student Activities Ctr,241
15422,PHED 2200,4:00 pm,4:50 pm,W,"Aug 17, 2026","Dec 11, 2026",Student Activities Ctr,241
15423,PHED 2200,2:00 pm,2:50 pm,M,"Aug 17, 2026","Dec 11, 2026",Student Activities Ctr,241
15424,PHED 2200,2:00 pm,2:50 pm,W,"Aug 17, 2026","Dec 11, 2026",Student Activities Ctr,241
18718,KNPT 9010,10:30 am,12:00 pm,TR,"Aug 17, 2026","Dec 11, 2026",Student Activities Ctr,231
18718,KNPT 9010,9:00 am,11:00 am,F,"Aug 17, 2026","Dec 11, 2026",Student Activities Ctr,257
18717,KNPT 9010,10:30 am,12:00 pm,TR,"Aug 17, 2026","Dec 11, 2026",Student Activities Ctr,231
18717,KNPT 9010,11:00 am,1:00 pm,F,"Aug 17, 2026","Dec 11, 2026",Student Activities Ctr,257
18716,KNPT 9030,8:00 am,10:00 am,MW,"Aug 17, 2026","Dec 11, 2026",Student Activities Ctr,257
18714,KNPT 9060,10:30 am,12:30 pm,MW,"Aug 17, 2026","Dec 11, 2026",Student Activities Ctr,257
10972,PHYS 1000,8:00 am,8:50 am,MWF,"Aug 17, 2026","Dec 11, 2026",Academic Classroom/Lab Complex,010
10972,PHYS 1000,12:00 pm,2:50 pm,M,"Aug 17, 2026","Dec 11, 2026",Leach Science Center,1146
10973,PHYS 1000,8:00 am,8:50 am,MWF,"Aug 17, 2026","Dec 11, 2026",Academic Classroom/Lab Complex,010
10973,PHYS 1000,3:00 pm,5:50 pm,M,"Aug 17, 2026","Dec 11, 2026",Leach Science Center,1146
10974,PHYS 1000,8:00 am,8:50 am,MWF,"Aug 17, 2026","Dec 11, 2026",Academic Classroom/Lab Complex,010
10974,PHYS 1000,12:30 pm,3:20 pm,T,"Aug 17, 2026","Dec 11, 2026",Leach Science Center,1146
18077,PHYS 1000,8:00 am,8:50 am,MWF,"Aug 17, 2026","Dec 11, 2026",Academic Classroom/Lab Complex,010
10975,PHYS 1100,11:00 am,12:15 pm,T,"Aug 17, 2026","Dec 11, 2026",Leach Science Center,3142
18078,PHYS 1150,11:00 am,11:50 am,MWF,"Aug 17, 2026","Dec 11, 2026",Academic Classroom/Lab Complex,010
18078,PHYS 1150,7:00 pm,9:50 pm,M,"Aug 17, 2026","Dec 11, 2026",Leach Science Center,3142
18079,PHYS 1150,11:00 am,11:50 am,MWF,"Aug 17, 2026","Dec 11, 2026",Academic Classroom/Lab Complex,010
18079,PHYS 1150,7:00 pm,9:50 pm,T,"Aug 17, 2026","Dec 11, 2026",Leach Science Center,3142
18080,PHYS 1150,11:00 am,11:50 am,MWF,"Aug 17, 2026","Dec 11, 2026",Academic Classroom/Lab Complex,010
18080,PHYS 1150,7:00 pm,9:50 pm,W,"Aug 17, 2026","Dec 11, 2026",Leach Science Center,3142
18081,PHYS 1150,11:00 am,11:50 am,MWF,"Aug 17, 2026","Dec 11, 2026",Academic Classroom/Lab Complex,010
10976,PHYS 1400,8:00 am,8:50 am,MWF,"Aug 17, 2026","Dec 11, 2026",Academic Classroom/Lab Complex,108
10977,PHYS 1400,8:00 am,8:50 am,MWF,"Aug 17, 2026","Dec 11, 2026",Academic Classroom/Lab Complex,108
10978,PHYS 1400,8:00 am,8:50 am,MWF,"Aug 17, 2026","Dec 11, 2026",Academic Classroom/Lab Complex,108
10979,PHYS 1400,8:00 am,8:50 am,MWF,"Aug 17, 2026","Dec 11, 2026",Academic Classroom/Lab Complex,108
10979,PHYS 1400,3:30 pm,6:20 pm,R,"Aug 17, 2026","Dec 11, 2026",Leach Science Center,1144
10980,PHYS 1400,8:00 am,8:50 am,MWF,"Aug 17, 2026","Dec 11, 2026",Academic Classroom/Lab Complex,108
10980,PHYS 1400,6:30 pm,9:20 pm,R,"Aug 17, 2026","Dec 11, 2026",Leach Science Center,1144
10988,PHYS 1500,8:00 am,8:50 am,MWF,"Aug 17, 2026","Dec 11, 2026",Academic Classroom/Lab Complex,012
10988,PHYS 1500,6:30 pm,9:20 pm,T,"Aug 17, 2026","Dec 11, 2026",Leach Science Center,1132
11000,PHYS 1500,9:00 am,9:50 am,MWF,"Aug 17, 2026","Dec 11, 2026",Academic Classroom/Lab Complex,208
11014,PHYS 1600,10:00 am,10:50 am,MWF,"Aug 17, 2026","Dec 11, 2026",Academic Classroom/Lab Complex,002
11014,PHYS 1600,6:00 pm,8:50 pm,M,"Aug 17, 2026","Dec 11, 2026",Leach Science Center,1109
11019,PHYS 1600,10:00 am,10:50 am,MWF,"Aug 17, 2026","Dec 11, 2026",Academic Classroom/Lab Complex,002
11020,PHYS 1600,10:00 am,10:50 am,MWF,"Aug 17, 2026","Dec 11, 2026",Academic Classroom/Lab Complex,002
11020,PHYS 1600,6:30 pm,9:20 pm,T,"Aug 17, 2026","Dec 11, 2026",Leach Science Center,1109
11023,PHYS 1600,9:00 am,9:50 am,MWF,"Aug 17, 2026","Dec 11, 2026",Academic Classroom/Lab Complex,012
11026,PHYS 1600,9:00 am,9:50 am,MWF,"Aug 17, 2026","Dec 11, 2026",Academic Classroom/Lab Complex,012
11027,PHYS 1600,9:00 am,9:50 am,MWF,"Aug 17, 2026","Dec 11, 2026",Academic Classroom/Lab Complex,012
11028,PHYS 1600,9:00 am,9:50 am,MWF,"Aug 17, 2026","Dec 11, 2026",Academic Classroom/Lab Complex,012
11029,PHYS 1600,9:00 am,9:50 am,MWF,"Aug 17, 2026","Dec 11, 2026",Academic Classroom/Lab Complex,012
11029,PHYS 1600,6:00 pm,8:50 pm,W,"Aug 17, 2026","Dec 11, 2026",Leach Science Center,1109
11032,PHYS 1600,8:00 am,9:15 am,TR,"Aug 17, 2026","Dec 11, 2026",Academic Classroom/Lab Complex,208
11032,PHYS 1600,12:00 pm,2:50 pm,W,"Aug 17, 2026","Dec 11, 2026",Leach Science Center,1132
11033,PHYS 1600,8:00 am,9:15 am,TR,"Aug 17, 2026","Dec 11, 2026",Academic Classroom/Lab Complex,208
11033,PHYS 1600,3:00 pm,5:50 pm,W,"Aug 17, 2026","Dec 11, 2026",Leach Science Center,1132
11034,PHYS 1600,8:00 am,9:15 am,TR,"Aug 17, 2026","Dec 11, 2026",Academic Classroom/Lab Complex,208
11034,PHYS 1600,12:30 pm,3:20 pm,R,"Aug 17, 2026","Dec 11, 2026",Leach Science Center,1132
11035,PHYS 1600,8:00 am,9:15 am,TR,"Aug 17, 2026","Dec 11, 2026",Academic Classroom/Lab Complex,208
11035,PHYS 1600,3:30 pm,6:20 pm,R,"Aug 17, 2026","Dec 11, 2026",Leach Science Center,1132
11036,PHYS 1607,9:00 am,9:50 am,MWF,"Aug 17, 2026","Dec 11, 2026",Academic Classroom/Lab Complex,010
11036,PHYS 1607,12:30 pm,3:20 pm,M,"Aug 17, 2026","Dec 11, 2026",Leach Science Center,1144
11037,PHYS 1607,9:00 am,9:50 am,MWF,"Aug 17, 2026","Dec 11, 2026",Academic Classroom/Lab Complex,010
11037,PHYS 1607,3:30 pm,6:20 pm,M,"Aug 17, 2026","Dec 11, 2026",Leach Science Center,1144
11038,PHYS 1607,9:00 am,9:50 am,MWF,"Aug 17, 2026","Dec 11, 2026",Academic Classroom/Lab Complex,010
11038,PHYS 1607,3:30 pm,6:20 pm,T,"Aug 17, 2026","Dec 11, 2026",Leach Science Center,1144
11041,PHYS 1610,6:00 pm,8:50 pm,W,"Aug 17, 2026","Dec 11, 2026",Leach Science Center,2181
11044,PHYS 1610,9:00 am,9:50 am,MWF,"Aug 17, 2026","Dec 11, 2026",Academic Classroom/Lab Complex,002
11047,PHYS 1610,9:00 am,9:50 am,MWF,"Aug 17, 2026","Dec 11, 2026",Academic Classroom/Lab Complex,002
18084,PHYS 1610,9:00 am,9:50 am,MWF,"Aug 17, 2026","Dec 11, 2026",Academic Classroom/Lab Complex,002
18084,PHYS 1610,12:30 pm,3:20 pm,T,"Aug 17, 2026","Dec 11, 2026",Leach Science Center,2181
18085,PHYS 1610,9:00 am,9:50 am,MWF,"Aug 17, 2026","Dec 11, 2026",Academic Classroom/Lab Complex,002
18085,PHYS 1610,3:30 pm,6:20 pm,T,"Aug 17, 2026","Dec 11, 2026",Leach Science Center,2181
18086,PHYS 1610,9:00 am,9:50 am,MWF,"Aug 17, 2026","Dec 11, 2026",Academic Classroom/Lab Complex,002
18086,PHYS 1610,6:30 pm,9:20 pm,T,"Aug 17, 2026","Dec 11, 2026",Leach Science Center,2181
11056,PHYS 1610,9:30 am,10:45 am,TR,"Aug 17, 2026","Dec 11, 2026",Academic Classroom/Lab Complex,012
11057,PHYS 1610,9:30 am,10:45 am,TR,"Aug 17, 2026","Dec 11, 2026",Academic Classroom/Lab Complex,012
11058,PHYS 1610,9:30 am,10:45 am,TR,"Aug 17, 2026","Dec 11, 2026",Academic Classroom/Lab Complex,012
11059,PHYS 1610,9:30 am,10:45 am,TR,"Aug 17, 2026","Dec 11, 2026",Academic Classroom/Lab Complex,012
11060,PHYS 1610,9:30 am,10:45 am,TR,"Aug 17, 2026","Dec 11, 2026",Academic Classroom/Lab Complex,012
11062,PHYS 1617,9:00 am,9:50 am,MWF,"Aug 17, 2026","Dec 11, 2026",Academic Classroom/Lab Complex,270
11062,PHYS 1617,12:30 pm,3:20 pm,R,"Aug 17, 2026","Dec 11, 2026",Leach Science Center,1146
11063,PHYS 1617,9:00 am,9:50 am,MWF,"Aug 17, 2026","Dec 11, 2026",Academic Classroom/Lab Complex,270
11064,PHYS 1617,9:00 am,9:50 am,MWF,"Aug 17, 2026","Dec 11, 2026",Academic Classroom/Lab Complex,270
11065,PHYS 2100,11:00 am,11:50 am,MWF,"Aug 17, 2026","Dec 11, 2026",Academic Classroom/Lab Complex,270
11067,PHYS 3500,10:00 am,10:50 am,MWF,"Aug 17, 2026","Dec 11, 2026",Academic Classroom/Lab Complex,208
11078,PHYS 5500,12:00 pm,12:50 pm,M,"Aug 17, 2026","Dec 11, 2026",Leach Science Center,3142
11078,PHYS 5500,12:00 pm,1:40 pm,W,"Aug 17, 2026","Dec 11, 2026",Leach Science Center,3154
11079,PHYS 5500,8:00 am,9:15 am,TR,"Aug 17, 2026","Dec 11, 2026",Leach Science Center,3142
11080,PHYS 5500,10:00 am,10:50 am,MWF,"Aug 17, 2026","Dec 11, 2026",Leach Science Center,1109
11082,PHYS 5620,11:00 am,12:15 pm,TR,"Aug 17, 2026","Dec 11, 2026",Leach Science Center,1150
11085,PHYS 6500,10:00 am,10:50 am,MWF,"Aug 17, 2026","Dec 11, 2026",Leach Science Center,1109
11086,PHYS 6600,9:30 am,10:45 am,TR,"Aug 17, 2026","Dec 11, 2026",Leach Science Center,1150
11087,PHYS 6620,11:00 am,12:15 pm,TR,"Aug 17, 2026","Dec 11, 2026",Leach Science Center,1150
11088,PHYS 6900,11:00 am,12:15 pm,R,"Aug 17, 2026","Dec 11, 2026",Leach Science Center,3142
13157,PLPA 3000,10:00 am,10:50 am,MWF,"Aug 17, 2026","Dec 11, 2026",STEM and Agric Science Complex,2111
13158,PLPA 3000,10:00 am,10:50 am,MWF,"Aug 17, 2026","Dec 11, 2026",STEM and Agric Science Complex,2111
13160,PLPA 5200,8:30 am,10:30 am,TR,"Aug 17, 2026","Oct 09, 2026",STEM and Agric Science Complex,2106
13161,PLPA 5500,8:30 am,10:30 am,TR,"Oct 19, 2026","Dec 11, 2026",STEM and Agric Science Complex,2106
13162,PLPA 5800,8:30 am,10:30 am,MW,"Aug 17, 2026","Dec 11, 2026",STEM and Agric Science Complex,2106
13163,PLPA 6200,8:30 am,10:30 am,TR,"Aug 17, 2026","Oct 09, 2026",STEM and Agric Science Complex,2106
13164,PLPA 6500,8:30 am,10:30 am,TR,"Oct 19, 2026","Dec 11, 2026",STEM and Agric Science Complex,2106
13165,PLPA 6800,8:30 am,10:30 am,MW,"Aug 17, 2026","Dec 11, 2026",STEM and Agric Science Complex,2106
13167,PLPA 7860,8:00 am,9:15 am,TR,"Aug 17, 2026","Dec 11, 2026",STEM and Agric Science Complex,2118
13168,PLPA 7861,9:30 am,10:45 am,TR,"Aug 17, 2026","Dec 11, 2026",STEM and Agric Science Complex,2118
13169,PLPA 7950,1:00 pm,2:15 pm,F,"Aug 17, 2026","Dec 11, 2026",Academic Classroom/Lab Complex,161
13184,PLPA 8950,1:00 pm,2:15 pm,F,"Aug 17, 2026","Dec 11, 2026",Academic Classroom/Lab Complex,161
12021,POLI 1050,11:00 am,11:50 am,MWF,"Aug 17, 2026","Dec 11, 2026",Tichenor Hall,215
12025,POLI 1050,12:30 pm,1:45 pm,TR,"Aug 17, 2026","Dec 11, 2026",Draughon Library,4035
12023,POLI 1050,11:00 am,12:15 pm,TR,"Aug 17, 2026","Dec 11, 2026",Mell Street Classroom Bldg,3550
12022,POLI 1050,9:30 am,10:45 am,TR,"Aug 17, 2026","Dec 11, 2026",Draughon Library,4035
12026,POLI 1057,9:00 am,9:50 am,MWF,"Aug 17, 2026","Dec 11, 2026",Draughon Library,4035
12027,POLI 1090,9:00 am,9:50 am,MWF,"Aug 17, 2026","Dec 11, 2026",Haley Center,3166
12028,POLI 1090,11:00 am,11:50 am,MWF,"Aug 17, 2026","Dec 11, 2026",Haley Center,3203
12029,POLI 1090,9:30 am,10:45 am,TR,"Aug 17, 2026","Dec 11, 2026",Haley Center,3203
12030,POLI 1090,11:00 am,12:15 pm,TR,"Aug 17, 2026","Dec 11, 2026",Haley Center,3203
12031,POLI 1090,12:30 pm,1:45 pm,TR,"Aug 17, 2026","Dec 11, 2026",Haley Center,3318
12034,POLI 2100,8:00 am,9:15 am,TR,"Aug 17, 2026","Dec 11, 2026",Draughon Library,3129
12035,POLI 2120,11:00 am,12:15 pm,TR,"Aug 17, 2026","Dec 11, 2026",Haley Center,3309
12037,POLI 2300,6:30 pm,9:00 pm,R,"Aug 17, 2026","Dec 11, 2026",Lowder Hall,10
12036,POLI 2300,11:00 am,12:15 pm,TR,"Aug 17, 2026","Dec 11, 2026",Draughon Library,4129
12038,POLI 2310,9:00 am,9:50 am,MWF,"Aug 17, 2026","Dec 11, 2026",Draughon Library,4033
12039,POLI 2310,5:30 pm,8:00 pm,M,"Aug 17, 2026","Dec 11, 2026",Draughon Library,3041
12040,POLI 3000,9:30 am,10:45 am,TR,"Aug 17, 2026","Dec 11, 2026",Science Center Classroom Bldg,118
12041,POLI 3020,1:00 pm,1:50 pm,MWF,"Aug 17, 2026","Dec 11, 2026",Haley Center,3203
12042,POLI 3020,2:00 pm,3:15 pm,TR,"Aug 17, 2026","Dec 11, 2026",Tichenor Hall,215
12043,POLI 3090,2:00 pm,3:15 pm,TR,"Aug 17, 2026","Dec 11, 2026",Mell Street Classroom Bldg,4550
12044,POLI 3110,2:00 pm,2:50 pm,MWF,"Aug 17, 2026","Dec 11, 2026",Charles E Davis Aerospace Hall,355
17976,POLI 3120,12:30 pm,1:45 pm,TR,"Aug 17, 2026","Dec 11, 2026",Haley Center,2206
12046,POLI 3160,9:00 am,9:50 am,MWF,"Aug 17, 2026","Dec 11, 2026",Mell Street Classroom Bldg,3510B
12049,POLI 3250,11:00 am,12:15 pm,TR,"Aug 17, 2026","Dec 11, 2026",Draughon Library,3129
12052,POLI 3330,6:30 pm,8:30 pm,TR,"Aug 17, 2026","Dec 11, 2026",Mell Street Classroom Bldg,3550
12053,POLI 3340,1:00 pm,1:50 pm,MWF,"Aug 17, 2026","Dec 11, 2026",Draughon Library,3129
12054,POLI 3360,9:30 am,10:45 am,TR,"Aug 17, 2026","Dec 11, 2026",Lowder Hall,15
17977,POLI 3470,12:00 pm,12:50 pm,MWF,"Aug 17, 2026","Dec 11, 2026",Draughon Library,3129
17982,POLI 3550,9:30 am,10:45 am,TR,"Aug 17, 2026","Dec 11, 2026",Haley Center,2346
17983,POLI 3610,10:00 am,10:50 am,MWF,"Aug 17, 2026","Dec 11, 2026",Draughon Library,3129
17984,POLI 3710,1:00 pm,3:30 pm,T,"Aug 17, 2026","Dec 11, 2026",Haley Center,2124
12058,POLI 3730,2:00 pm,3:15 pm,TR,"Aug 17, 2026","Dec 11, 2026",Haley Center,3334
17986,POLI 3730,8:00 am,8:50 am,MWF,"Aug 17, 2026","Dec 11, 2026",Lowder Hall,126
12059,POLI 3810,11:00 am,11:50 am,MWF,"Aug 17, 2026","Dec 11, 2026",Haley Center,3166
18611,POLI 3820,3:00 pm,4:00 pm,T,"Aug 17, 2026","Dec 11, 2026",Haley Center,2224
12061,POLI 4000,5:30 pm,8:00 pm,M,"Aug 17, 2026","Dec 11, 2026",Haley Center,3242
12062,POLI 4010,1:00 pm,1:50 pm,MWF,"Aug 17, 2026","Dec 11, 2026",Lowder Hall,154
12063,POLI 4020,10:00 am,10:50 am,MWF,"Aug 17, 2026","Dec 11, 2026",Lowder Hall,15
12064,POLI 4060,5:30 pm,8:00 pm,W,"Aug 17, 2026","Dec 11, 2026",Haley Center,2224
12065,POLI 4200,9:00 am,9:50 am,MWF,"Aug 17, 2026","Dec 11, 2026",Haley Center,2206
12066,POLI 4720,11:00 am,12:15 pm,TR,"Aug 17, 2026","Dec 11, 2026",Haley Center,3166
12072,POLI 5350,3:30 pm,6:00 pm,T,"Aug 17, 2026","Dec 11, 2026",Haley Center,2206
12073,POLI 5360,6:30 pm,9:00 pm,W,"Aug 17, 2026","Dec 11, 2026",Haley Center,2346
12077,POLI 6350,3:30 pm,6:00 pm,T,"Aug 17, 2026","Dec 11, 2026",Haley Center,2206
12078,POLI 6360,6:30 pm,9:00 pm,W,"Aug 17, 2026","Dec 11, 2026",Haley Center,2346
12081,POLI 7140,3:30 pm,6:00 pm,R,"Aug 17, 2026","Dec 11, 2026",Haley Center,3104
18349,POLI 7350,3:30 pm,6:00 pm,M,"Aug 17, 2026","Dec 11, 2026",Haley Center,3204
17985,POLI 8010,6:30 pm,9:00 pm,W,"Aug 17, 2026","Dec 11, 2026",Haley Center,3224
12090,POLI 8210,3:30 pm,4:20 pm,T,"Aug 17, 2026","Dec 11, 2026",Haley Center,2226
12091,POLI 8220,4:30 pm,6:20 pm,T,"Aug 17, 2026","Dec 11, 2026",Haley Center,2226
12093,POLI 8970,6:30 pm,9:00 pm,T,"Aug 17, 2026","Dec 11, 2026",Haley Center,2222
15715,PFEN 5510,2:00 pm,3:15 pm,TR,"Aug 17, 2026","Dec 11, 2026",Ramsay Hall,202A
15716,PFEN 6510,2:00 pm,3:15 pm,TR,"Aug 17, 2026","Dec 11, 2026",Ramsay Hall,202A
15717,PFEN 6510,2:00 pm,3:15 pm,TR,"Aug 17, 2026","Dec 11, 2026",Ramsay Hall,202A
18801,PFEN 7310,3:30 pm,4:45 pm,TR,"Aug 17, 2026","Dec 11, 2026",Shelby Center,1122
18834,PFEN 7310,3:30 pm,4:45 pm,TR,"Aug 17, 2026","Dec 11, 2026",Shelby Center,1122
18866,PFEN 7950,1:00 pm,2:00 pm,T,"Aug 17, 2026","Dec 11, 2026",Lowder Hall,4
15739,POUL 2100,12:00 pm,12:50 pm,W,"Aug 17, 2026","Dec 11, 2026",Poultry Science Bldg (PSB),120
15743,POUL 5050,12:30 pm,1:45 pm,TR,"Aug 17, 2026","Dec 11, 2026",Poultry Science Bldg (PSB),120
15745,POUL 5080,9:00 am,9:50 am,MWF,"Aug 17, 2026","Dec 11, 2026",Poultry Science Bldg (PSB),120
15747,POUL 6050,12:30 pm,1:45 pm,TR,"Aug 17, 2026","Dec 11, 2026",Poultry Science Bldg (PSB),120
15749,POUL 6080,9:00 am,9:50 am,MWF,"Aug 17, 2026","Dec 11, 2026",Poultry Science Bldg (PSB),120
15752,POUL 7950,3:00 pm,3:50 pm,M,"Aug 17, 2026","Dec 11, 2026",Poultry Science Bldg (PSB),120
10640,PSYC 2010,9:00 am,9:50 am,MWF,"Aug 17, 2026","Dec 11, 2026",Thach Hall,112
10641,PSYC 2010,10:00 am,10:50 am,MWF,"Aug 17, 2026","Dec 11, 2026",Thach Hall,112
10642,PSYC 2010,11:00 am,11:50 am,MWF,"Aug 17, 2026","Dec 11, 2026",Thach Hall,112
10643,PSYC 2010,12:00 pm,12:50 pm,MWF,"Aug 17, 2026","Dec 11, 2026",Thach Hall,112
10644,PSYC 2010,1:00 pm,1:50 pm,MWF,"Aug 17, 2026","Dec 11, 2026",Tichenor Hall,215
10647,PSYC 2010,9:30 am,10:45 am,TR,"Aug 17, 2026","Dec 11, 2026",Mell Street Classroom Bldg,3510B
10649,PSYC 2017,9:30 am,10:45 am,TR,"Aug 17, 2026","Dec 11, 2026",Academic Classroom/Lab Complex,286B
10650,PSYC 2020,2:00 pm,2:50 pm,R,"Aug 17, 2026","Dec 11, 2026",Haley Center,3318
10651,PSYC 2020,1:00 pm,1:50 pm,M,"Aug 17, 2026","Dec 11, 2026",Thach Hall,202
10655,PSYC 2130,9:30 am,10:45 am,TR,"Aug 17, 2026","Dec 11, 2026",Tichenor Hall,215
10656,PSYC 2130,11:00 am,12:15 pm,TR,"Aug 17, 2026","Dec 11, 2026",Tichenor Hall,215
10657,PSYC 2130,2:00 pm,3:15 pm,TR,"Aug 17, 2026","Dec 11, 2026",Haley Center,2116
10659,PSYC 2140,9:00 am,9:50 am,MWF,"Aug 17, 2026","Dec 11, 2026",Haley Center,3104
10660,PSYC 2140,10:00 am,10:50 am,MWF,"Aug 17, 2026","Dec 11, 2026",Haley Center,3104
10661,PSYC 2140,12:00 pm,12:50 pm,MWF,"Aug 17, 2026","Dec 11, 2026",Thach Hall,202
10662,PSYC 2140,11:00 am,11:50 am,MWF,"Aug 17, 2026","Dec 11, 2026",Thach Hall,202
10664,PSYC 2147,1:00 pm,1:50 pm,MWF,"Aug 17, 2026","Dec 11, 2026",Haley Center,3345
10665,PSYC 2510,9:30 am,10:45 am,TR,"Aug 17, 2026","Dec 11, 2026",Cary Hall,158
10666,PSYC 3120,1:00 pm,1:50 pm,MWF,"Aug 17, 2026","Dec 11, 2026",Thach Hall,112
10669,PSYC 3510,10:00 am,10:50 am,MWF,"Aug 17, 2026","Dec 11, 2026",Haley Center,3166
10673,PSYC 3530,9:30 am,10:45 am,TR,"Aug 17, 2026","Dec 11, 2026",Thach Hall,202
10674,PSYC 3530,10:00 am,10:50 am,MWF,"Aug 17, 2026","Dec 11, 2026",Thach Hall,202
10675,PSYC 3540,2:00 pm,3:15 pm,TR,"Aug 17, 2026","Dec 11, 2026",Draughon Library,4035
10676,PSYC 3550,12:30 pm,1:45 pm,TR,"Aug 17, 2026","Dec 11, 2026",Thach Hall,202
10678,PSYC 3560,9:00 am,9:50 am,MWF,"Aug 17, 2026","Dec 11, 2026",Tichenor Hall,215
10677,PSYC 3560,12:30 pm,1:45 pm,TR,"Aug 17, 2026","Dec 11, 2026",Draughon Library,3129
10680,PSYC 3570,8:00 am,9:15 am,TR,"Aug 17, 2026","Dec 11, 2026",Tichenor Hall,215
10681,PSYC 3570,11:00 am,12:15 pm,TR,"Aug 17, 2026","Dec 11, 2026",Mell Street Classroom Bldg,4550
10682,PSYC 3580,12:00 pm,12:50 pm,MWF,"Aug 17, 2026","Dec 11, 2026",Haley Center,2116
10683,PSYC 3580,11:00 am,12:15 pm,TR,"Aug 17, 2026","Dec 11, 2026",Cary Hall,158
10684,PSYC 3590,12:30 pm,1:45 pm,TR,"Aug 17, 2026","Dec 11, 2026",Haley Center,2116
10685,PSYC 3590,9:00 am,9:50 am,MWF,"Aug 17, 2026","Dec 11, 2026",Thach Hall,202
10686,PSYC 3620,12:30 pm,1:45 pm,TR,"Aug 17, 2026","Dec 11, 2026",Draughon Library,3035
10688,PSYC 3650,1:00 pm,1:50 pm,MWF,"Aug 17, 2026","Dec 11, 2026",Haley Center,2116
10689,PSYC 3670,12:00 pm,12:50 pm,MWF,"Aug 17, 2026","Dec 11, 2026",Mell Street Classroom Bldg,3510A
17776,PSYC 3970,2:00 pm,3:15 pm,TR,"Aug 17, 2026","Dec 11, 2026",Thach Hall,202
18203,PSYC 3970,11:00 am,11:50 am,MWF,"Aug 17, 2026","Dec 11, 2026",Haley Center,3318
10707,PSYC 4080,11:00 am,11:50 am,MWF,"Aug 17, 2026","Dec 11, 2026",Draughon Library,4035
10708,PSYC 4220,2:00 pm,3:15 pm,TR,"Aug 17, 2026","Dec 11, 2026",Draughon Library,3035
10710,PSYC 5020,11:00 am,12:15 pm,TR,"Aug 17, 2026","Dec 11, 2026",Thach Hall,202
10711,PSYC 5620,12:30 pm,1:45 pm,TR,"Aug 17, 2026","Dec 11, 2026",Cary Hall,158
10713,PSYC 7110,10:00 am,10:50 am,F,"Aug 17, 2026","Dec 11, 2026",Cary Hall,202
10714,PSYC 7180,2:00 pm,4:30 pm,R,"Aug 17, 2026","Dec 11, 2026",Tichenor Hall,111
10715,PSYC 7190,12:30 pm,1:45 pm,TR,"Aug 17, 2026","Dec 11, 2026",Draughon Library,3127
10720,PSYC 7270,9:30 am,12:00 pm,R,"Aug 17, 2026","Dec 11, 2026",Thach Hall,204
10720,PSYC 7270,2:00 pm,4:00 pm,F,"Aug 17, 2026","Dec 11, 2026",Thach Hall,204
10721,PSYC 7400,3:30 pm,4:45 pm,TR,"Aug 17, 2026","Dec 11, 2026",Thach Hall,204
10722,PSYC 7700,9:00 am,11:30 am,M,"Aug 17, 2026","Dec 11, 2026",Thach Hall,204
10724,PSYC 7710,9:00 am,11:30 am,M,"Aug 17, 2026","Dec 11, 2026",Thach Hall,228
10726,PSYC 7720,9:00 am,11:30 am,W,"Aug 17, 2026","Dec 11, 2026",Thach Hall,204
10732,PSYC 7910,9:00 am,12:00 pm,F,"Aug 17, 2026","Dec 11, 2026",Cary Hall,235
10733,PSYC 7910,12:00 pm,3:00 pm,F,"Aug 17, 2026","Dec 11, 2026",Cary Hall,235
10738,PSYC 8300,9:30 am,12:00 pm,M,"Aug 17, 2026","Dec 11, 2026",Cary Hall,202
10740,PSYC 8370,2:00 pm,3:15 pm,TR,"Aug 17, 2026","Dec 11, 2026",Thach Hall,228
10741,PSYC 8500,12:00 pm,12:50 pm,M,"Aug 17, 2026","Dec 11, 2026",Thach Hall,204
10744,PSYC 8790,10:00 am,11:30 am,F,"Aug 17, 2026","Dec 11, 2026",Thach Hall,204
10745,PSYC 8910,9:30 am,10:45 am,R,"Aug 17, 2026","Dec 11, 2026",Cary Hall,202
10746,PSYC 8910,11:00 am,12:15 pm,R,"Aug 17, 2026","Dec 11, 2026",Cary Hall,202
10748,PSYC 8970,9:30 am,10:45 am,TR,"Aug 17, 2026","Dec 11, 2026",Thach Hall,228
13523,PRCM 2400,1:00 pm,1:50 pm,MWF,"Aug 17, 2026","Dec 11, 2026",Haley Center,2370
13524,PRCM 2500,11:00 am,11:50 am,MWF,"Aug 17, 2026","Dec 11, 2026",Haley Center,2222
13528,PRCM 3000,1:00 pm,1:50 pm,MWF,"Aug 17, 2026","Dec 11, 2026",Tichenor Hall,211
13529,PRCM 3000,2:00 pm,2:50 pm,MWF,"Aug 17, 2026","Dec 11, 2026",Tichenor Hall,211
13530,PRCM 3000,9:30 am,10:45 am,TR,"Aug 17, 2026","Dec 11, 2026",Mell Street Classroom Bldg,3520
13534,PRCM 3280,1:00 pm,1:50 pm,MWF,"Aug 17, 2026","Dec 11, 2026",Haley Center,3224
13535,PRCM 3280,2:00 pm,2:50 pm,MWF,"Aug 17, 2026","Dec 11, 2026",Haley Center,3304
13537,PRCM 3450,12:30 pm,1:45 pm,TR,"Aug 17, 2026","Dec 11, 2026",Haley Center,2212
13538,PRCM 4020,10:00 am,10:50 am,MWF,"Aug 17, 2026","Dec 11, 2026",Tichenor Hall,211
13539,PRCM 4020,11:00 am,11:50 am,MWF,"Aug 17, 2026","Dec 11, 2026",Tichenor Hall,211
13540,PRCM 4020,11:00 am,12:15 pm,TR,"Aug 17, 2026","Dec 11, 2026",Tichenor Hall,211
13541,PRCM 4400,9:30 am,10:45 am,TR,"Aug 17, 2026","Dec 11, 2026",Tichenor Hall,211
13542,PRCM 4400,11:00 am,12:15 pm,TR,"Aug 17, 2026","Dec 11, 2026",Mell Street Classroom Bldg,3546
17758,PRCM 4400,2:00 pm,3:15 pm,TR,"Aug 17, 2026","Dec 11, 2026",Draughon Library,4033
13543,PRCM 4500,4:00 pm,5:15 pm,MW,"Aug 17, 2026","Dec 11, 2026",Mell Street Classroom Bldg,4546
13546,PRCM 4970,2:00 pm,3:15 pm,TR,"Aug 17, 2026","Dec 11, 2026",Mell Street Classroom Bldg,3546
11469,PAOH 2100,9:30 am,10:45 am,TR,"Aug 17, 2026","Dec 11, 2026",Draughon Library,4129
11470,PAOH 2100,2:00 pm,3:15 pm,TR,"Aug 17, 2026","Dec 11, 2026",Draughon Library,4129
11481,PAOH 2107,9:30 am,10:45 am,TR,"Aug 17, 2026","Dec 11, 2026",Draughon Library,4129
11482,PAOH 2107,2:00 pm,3:15 pm,TR,"Aug 17, 2026","Dec 11, 2026",Draughon Library,4129
11471,PAOH 3010,11:00 am,12:15 pm,TR,"Aug 17, 2026","Dec 11, 2026",Academic Classroom/Lab Complex,242
11472,PAOH 3010,12:30 pm,1:45 pm,TR,"Aug 17, 2026","Dec 11, 2026",Academic Classroom/Lab Complex,270
11479,PAOH 3017,11:00 am,12:15 pm,TR,"Aug 17, 2026","Dec 11, 2026",Academic Classroom/Lab Complex,242
11480,PAOH 3017,12:30 pm,1:45 pm,TR,"Aug 17, 2026","Dec 11, 2026",Academic Classroom/Lab Complex,270
11473,PAOH 4830,3:30 pm,4:45 pm,TR,"Aug 17, 2026","Dec 11, 2026",Draughon Library,4129
11475,PAOH 4910,1:00 pm,1:50 pm,W,"Aug 17, 2026","Dec 11, 2026",Draughon Library,4129
11477,PAOH 5200,3:00 pm,4:15 pm,MW,"Aug 17, 2026","Dec 11, 2026",Draughon Library,3041
11478,PAOH 6200,3:00 pm,4:15 pm,MW,"Aug 17, 2026","Dec 11, 2026",Draughon Library,3041
17883,CTRD 3000,8:00 am,9:15 am,TR,"Aug 17, 2026","Dec 11, 2026",College of Education Bldg,2233
16356,CTRD 3000,9:30 am,10:45 am,TR,"Aug 17, 2026","Dec 11, 2026",College of Education Bldg,2233
17884,CTRD 3001,8:00 am,9:30 am,W,"Aug 17, 2026","Dec 11, 2026",College of Education Bldg,2116
16359,CTRD 3001,9:31 am,10:31 am,W,"Aug 17, 2026","Dec 11, 2026",College of Education Bldg,1109
16362,CTRD 3010,11:00 am,12:15 pm,TR,"Aug 17, 2026","Dec 11, 2026",College of Education Bldg,2118
16361,CTRD 3010,8:00 am,8:50 am,MWF,"Aug 17, 2026","Dec 11, 2026",College of Education Bldg,1109
16363,CTRD 3010,8:40 am,10:30 am,TR,"Aug 17, 2026","Dec 11, 2026",College of Education Bldg,1424
16366,CTRD 5000,2:00 pm,3:15 pm,TR,"Aug 17, 2026","Dec 11, 2026",College of Education Bldg,1103
10290,RSED 3000,12:00 pm,12:50 pm,MWF,"Aug 17, 2026","Dec 11, 2026",College of Education Bldg,1103
10291,RSED 3000,1:00 pm,1:50 pm,MWF,"Aug 17, 2026","Dec 11, 2026",College of Education Bldg,1103
10292,RSED 3000,8:00 am,9:15 am,TR,"Aug 17, 2026","Dec 11, 2026",College of Education Bldg,1103
10293,RSED 3000,5:00 pm,7:50 pm,M,"Aug 17, 2026","Dec 11, 2026",College of Education Bldg,2116
10294,RSED 3000,5:00 pm,7:50 pm,W,"Aug 17, 2026","Dec 11, 2026",College of Education Bldg,1102
10295,RSED 3000,5:00 pm,7:50 pm,T,"Aug 17, 2026","Dec 11, 2026",College of Education Bldg,1121
10296,RSED 3000,5:00 pm,7:50 pm,R,"Aug 17, 2026","Dec 11, 2026",College of Education Bldg,2116
10297,RSED 3020,11:00 am,12:15 pm,TR,"Aug 17, 2026","Dec 11, 2026",College of Education Bldg,2233
10298,RSED 3020,12:30 pm,1:45 pm,TR,"Aug 17, 2026","Dec 11, 2026",College of Education Bldg,2233
10299,RSED 4010,2:00 pm,3:15 pm,TR,"Aug 17, 2026","Dec 11, 2026",College of Education Bldg,1102
10300,RSED 4010,5:00 pm,7:50 pm,T,"Aug 17, 2026","Dec 11, 2026",College of Education Bldg,1102
10301,RSED 4010,6:00 pm,8:50 pm,M,"Aug 17, 2026","Dec 11, 2026",College of Education Bldg,1103
10304,RSED 4120,5:00 pm,7:30 pm,M,"Aug 17, 2026","Dec 11, 2026",College of Education Bldg,2233
10306,RSED 4130,9:30 am,10:45 am,TR,"Aug 17, 2026","Dec 11, 2026",College of Education Bldg,2108
10307,RSED 4140,5:00 pm,7:50 pm,T,"Aug 17, 2026","Dec 11, 2026",College of Education Bldg,3245
Rehabilitation and Disability Studies,10310,4:00 pm,4:50 pm,T,"Aug 17, 2026","Dec 11, 2026",College of Education Bldg,2108
Rehabilitation and Disability Studies,10311,4:00 pm,4:50 pm,T,"Aug 17, 2026","Dec 11, 2026",College of Education Bldg,2233
10315,RSED 4911,3:00 pm,5:50 pm,M,"Aug 17, 2026","Dec 11, 2026",College of Education Bldg,2108
10319,RSED 4951,3:30 pm,4:45 pm,TR,"Aug 17, 2026","Dec 11, 2026",College of Education Bldg,2257
10320,RSED 5010,9:00 am,11:30 am,R,"Aug 17, 2026","Dec 11, 2026",College of Education Bldg,2116
10323,RSED 5110,2:00 pm,3:15 pm,TR,"Aug 17, 2026","Dec 11, 2026",College of Education Bldg,2141
10324,RSED 5120,11:00 am,12:15 pm,TR,"Aug 17, 2026","Dec 11, 2026",College of Education Bldg,2108
10325,RSED 5130,9:30 am,10:45 am,TR,"Aug 17, 2026","Dec 11, 2026",College of Education Bldg,2128
10326,RSED 5170,11:00 am,12:15 pm,TR,"Aug 17, 2026","Dec 11, 2026",College of Education Bldg,1103
10334,RSED 6110,2:00 pm,3:15 pm,TR,"Aug 17, 2026","Dec 11, 2026",College of Education Bldg,2141
10336,RSED 6120,11:00 am,12:15 pm,TR,"Aug 17, 2026","Dec 11, 2026",College of Education Bldg,2108
10338,RSED 6130,9:30 am,10:45 am,TR,"Aug 17, 2026","Dec 11, 2026",College of Education Bldg,2128
10339,RSED 6170,11:00 am,12:15 pm,TR,"Aug 17, 2026","Dec 11, 2026",College of Education Bldg,1103
10343,RSED 6230,6:30 pm,9:00 pm,R,"Aug 17, 2026","Dec 11, 2026",College of Education Bldg,2203
10347,RSED 7220,5:00 pm,7:50 pm,W,"Aug 17, 2026","Dec 11, 2026",College of Education Bldg,2257
10349,RSED 7310,5:00 pm,7:30 pm,W,"Aug 17, 2026","Dec 11, 2026",College of Education Bldg,3242
Special Education,10353,5:00 pm,7:50 pm,M,"Aug 17, 2026","Dec 11, 2026",College of Education Bldg,2128
10364,RSED 7911,3:00 pm,5:50 pm,M,"Aug 17, 2026","Dec 11, 2026",College of Education Bldg,2108
10371,RSED 7951,3:30 pm,4:45 pm,TR,"Aug 17, 2026","Dec 11, 2026",College of Education Bldg,2257
10373,RSED 8070,5:00 pm,7:50 pm,R,"Aug 17, 2026","Dec 11, 2026",College of Education Bldg,2257
15500,RSOC 2090,3:30 pm,4:45 pm,TR,"Aug 17, 2026","Dec 11, 2026",Haley Center,2182
15502,RSOC 5610,2:00 pm,3:15 pm,TR,"Aug 17, 2026","Dec 11, 2026",Haley Center,1454
15504,RSOC 6610,2:00 pm,3:15 pm,TR,"Aug 17, 2026","Dec 11, 2026",Haley Center,1454
10937,SCMH 1010,11:00 am,12:50 pm,M,"Aug 17, 2026","Dec 11, 2026",Academic Classroom/Lab Complex,278B
10937,SCMH 1010,9:30 am,10:45 am,TR,"Aug 17, 2026","Dec 11, 2026",Chemistry Bldg,151
10938,SCMH 1010,11:00 am,12:50 pm,M,"Aug 17, 2026","Dec 11, 2026",Academic Classroom/Lab Complex,286A
10938,SCMH 1010,9:30 am,10:45 am,TR,"Aug 17, 2026","Dec 11, 2026",Chemistry Bldg,151
10947,SCMH 1100,3:00 pm,3:50 pm,M,"Aug 17, 2026","Dec 11, 2026",Draughon Library,3129
10948,SCMH 1890,2:00 pm,2:50 pm,T,"Aug 17, 2026","Dec 11, 2026",Academic Classroom/Lab Complex,161
10950,SCMH 1897,3:00 pm,3:50 pm,T,"Aug 17, 2026","Dec 11, 2026",Academic Classroom/Lab Complex,161
10951,SCMH 1950,3:30 pm,4:20 pm,T,"Aug 17, 2026","Dec 11, 2026",Academic Classroom/Lab Complex,202
10952,SCMH 1950,3:00 pm,3:50 pm,W,"Aug 17, 2026","Dec 11, 2026",Academic Classroom/Lab Complex,202
10953,SCMH 1950,2:00 pm,2:50 pm,R,"Aug 17, 2026","Dec 11, 2026",Academic Classroom/Lab Complex,202
10954,SCMH 1950,3:30 pm,4:20 pm,R,"Aug 17, 2026","Dec 11, 2026",Academic Classroom/Lab Complex,202
10955,SCMH 1950,2:00 pm,2:50 pm,T,"Aug 17, 2026","Dec 11, 2026",Academic Classroom/Lab Complex,202
10956,SCMH 3950,8:00 am,9:50 am,MW,"Aug 17, 2026","Dec 11, 2026",Science Center Classroom Bldg,118
10958,SCMH 4700,3:30 pm,4:20 pm,R,"Aug 17, 2026","Dec 11, 2026",Academic Classroom/Lab Complex,153
10962,SCMH 4970,8:00 am,9:15 am,MW,"Aug 17, 2026","Dec 11, 2026",Draughon Library,3027
10971,SCMH 6970,8:00 am,9:15 am,MW,"Aug 17, 2026","Dec 11, 2026",Draughon Library,3027
16378,CTSE 1000,9:30 am,10:45 am,T,"Aug 17, 2026","Dec 11, 2026",College of Education Bldg,2114
18691,CTSE 1000,2:30 pm,3:45 pm,T,"Aug 17, 2026","Dec 11, 2026",College of Education Bldg,2128
18491,CTSE 1007,9:30 am,10:45 am,T,"Aug 17, 2026","Dec 11, 2026",College of Education Bldg,2114
18690,CTSE 1007,2:30 pm,3:45 pm,T,"Aug 17, 2026","Dec 11, 2026",College of Education Bldg,2128
16380,CTSE 2500,1:00 pm,2:50 pm,W,"Aug 17, 2026","Dec 11, 2026",College of Education Bldg,2114
18001,CTSE 2500,2:00 pm,3:50 pm,R,"Aug 17, 2026","Dec 11, 2026",College of Education Bldg,2114
18490,CTSE 2507,1:00 pm,2:50 pm,W,"Aug 17, 2026","Dec 11, 2026",College of Education Bldg,2114
18489,CTSE 2507,2:00 pm,3:50 pm,R,"Aug 17, 2026","Dec 11, 2026",College of Education Bldg,2114
18703,CTSE 4050,8:00 am,9:15 am,TR,"Aug 17, 2026","Dec 11, 2026",College of Education Bldg,2130
18852,CTSE 4051,9:30 am,10:45 am,TR,"Aug 17, 2026","Dec 11, 2026",College of Education Bldg,2130
18704,CTSE 4060,12:30 pm,1:45 pm,TR,"Aug 17, 2026","Dec 11, 2026",College of Education Bldg,2257
18854,CTSE 4061,2:00 pm,3:15 pm,TR,"Aug 17, 2026","Dec 11, 2026",College of Education Bldg,2257
16384,CTSE 4160,8:00 am,10:50 am,MW,"Aug 17, 2026","Dec 11, 2026",College of Education Bldg,2203
16385,CTSE 4910,11:00 am,12:15 pm,TR,"Aug 17, 2026","Dec 11, 2026",College of Education Bldg,2203
16392,CTSE 5000,6:00 pm,7:50 pm,T,"Aug 17, 2026","Dec 11, 2026",College of Education Bldg,2114
16394,CTSE 5020,5:00 pm,7:50 pm,W,"Aug 17, 2026","Dec 11, 2026",College of Education Bldg,1103
16395,CTSE 5030,8:00 am,10:50 am,TR,"Aug 17, 2026","Dec 11, 2026",College of Education Bldg,2141
16397,CTSE 5040,8:00 am,9:50 am,MW,"Aug 17, 2026","Dec 11, 2026",College of Education Bldg,1103
16397,CTSE 5040,8:00 am,8:50 am,F,"Aug 17, 2026","Dec 11, 2026",College of Education Bldg,1103
16399,CTSE 5050,5:00 pm,8:00 pm,M,"Aug 17, 2026","Dec 11, 2026",College of Education Bldg,1424
16401,CTSE 5100,5:00 pm,7:50 pm,M,"Aug 17, 2026","Dec 11, 2026",College of Education Bldg,2114
16402,CTSE 5110,3:00 pm,4:15 pm,MW,"Aug 17, 2026","Dec 11, 2026",College of Education Bldg,2114
16403,CTSE 5210,5:15 pm,7:05 pm,M,"Aug 17, 2026","Dec 11, 2026",College of Education Bldg,2141
16405,CTSE 5250,5:00 pm,6:00 pm,W,"Aug 17, 2026","Dec 11, 2026",College of Education Bldg,2141
17954,CTSE 5830,4:00 pm,5:15 pm,TR,"Aug 17, 2026","Dec 11, 2026",College of Education Bldg,2114
16416,CTSE 6100,5:00 pm,7:50 pm,M,"Aug 17, 2026","Dec 11, 2026",College of Education Bldg,2114
16417,CTSE 6100,5:00 pm,7:50 pm,M,"Aug 17, 2026","Dec 11, 2026",College of Education Bldg,2114
16418,CTSE 6210,5:15 pm,7:05 pm,M,"Aug 17, 2026","Dec 11, 2026",College of Education Bldg,1420
17960,CTSE 7510,5:00 pm,7:50 pm,T,"Aug 17, 2026","Dec 11, 2026",College of Education Bldg,2257
16425,CTSE 7910,5:00 pm,7:00 pm,MW,"Aug 17, 2026","Dec 11, 2026",College of Education Bldg,2130
12684,SOWO 2000,10:00 am,10:50 am,MWF,"Aug 17, 2026","Dec 11, 2026",Mell Street Classroom Bldg,3510A
12689,SOWO 3500,8:00 am,9:15 am,TR,"Aug 17, 2026","Dec 11, 2026",Haley Center,2222
12690,SOWO 3800,9:30 am,10:45 am,TR,"Aug 17, 2026","Dec 11, 2026",Haley Center,3204
12691,SOWO 3850,2:00 pm,2:50 pm,MWF,"Aug 17, 2026","Dec 11, 2026",Mell Street Classroom Bldg,3546
12692,SOWO 3910,11:00 am,11:50 am,W,"Aug 17, 2026","Dec 11, 2026",Haley Center,3324
12693,SOWO 4060,9:30 am,10:45 am,TR,"Aug 17, 2026","Dec 11, 2026",Haley Center,3324
12694,SOWO 4070,3:00 pm,4:15 pm,MW,"Aug 17, 2026","Dec 11, 2026",Haley Center,2468
12695,SOWO 4080,12:30 pm,1:45 pm,TR,"Aug 17, 2026","Dec 11, 2026",Draughon Library,3027
12698,SOWO 4950,9:00 am,12:00 pm,F,"Aug 17, 2026","Dec 11, 2026",Haley Center,3106
12700,SOWO 4970,2:00 pm,3:15 pm,TR,"Aug 17, 2026","Dec 11, 2026",Haley Center,3212
12702,SOWO 7000,1:00 pm,3:30 pm,M,"Aug 17, 2026","Dec 11, 2026",Draughon Library,3127
12703,SOWO 7010,4:00 pm,6:30 pm,T,"Aug 17, 2026","Dec 11, 2026",Draughon Library,4027
12705,SOWO 7020,4:00 pm,6:30 pm,M,"Aug 17, 2026","Dec 11, 2026",Draughon Library,3133
12709,SOWO 7060,4:00 pm,6:30 pm,W,"Aug 17, 2026","Dec 11, 2026",Haley Center,3307
12711,SOWO 7090,1:00 pm,3:30 pm,W,"Aug 17, 2026","Dec 11, 2026",Draughon Library,3127
12712,SOWO 7110,4:00 pm,6:30 pm,R,"Aug 17, 2026","Dec 11, 2026",Haley Center,3106
12713,SOWO 7130,4:00 pm,6:30 pm,W,"Aug 17, 2026","Dec 11, 2026",Mell Street Classroom Bldg,3546
12714,SOWO 7800,4:00 pm,6:30 pm,M,"Aug 17, 2026","Dec 11, 2026",Haley Center,3150
12657,SOCY 1000,9:00 am,9:50 am,MWF,"Aug 17, 2026","Dec 11, 2026",Cary Hall,158
12658,SOCY 1000,11:00 am,11:50 am,MWF,"Aug 17, 2026","Dec 11, 2026",Haley Center,2370
12659,SOCY 1000,1:00 pm,1:50 pm,MWF,"Aug 17, 2026","Dec 11, 2026",Haley Center,3195
12660,SOCY 1000,2:00 pm,2:50 pm,MWF,"Aug 17, 2026","Dec 11, 2026",Haley Center,3195
12661,SOCY 1000,9:30 am,10:45 am,TR,"Aug 17, 2026","Dec 11, 2026",Thach Hall,112
12664,SOCY 1000,10:00 am,10:50 am,MWF,"Aug 17, 2026","Dec 11, 2026",Haley Center,2226
12667,SOCY 3000,11:00 am,12:15 pm,TR,"Aug 17, 2026","Dec 11, 2026",Haley Center,2212
12670,SOCY 3500,2:00 pm,3:15 pm,TR,"Aug 17, 2026","Dec 11, 2026",Haley Center,3309
12671,SOCY 3550,2:00 pm,2:50 pm,MWF,"Aug 17, 2026","Dec 11, 2026",Haley Center,3309
12672,SOCY 4100,9:00 am,9:50 am,MWF,"Aug 17, 2026","Dec 11, 2026",Haley Center,3304
12673,SOCY 4200,12:30 pm,1:45 pm,TR,"Aug 17, 2026","Dec 11, 2026",Haley Center,3330
12674,SOCY 4400,9:30 am,10:45 am,TR,"Aug 17, 2026","Dec 11, 2026",Haley Center,3330
12677,SOCY 5690,1:00 pm,1:50 pm,MWF,"Aug 17, 2026","Dec 11, 2026",Haley Center,3309
12678,SOCY 5970,11:00 am,11:50 am,MWF,"Aug 17, 2026","Dec 11, 2026",Haley Center,3196
12680,SOCY 6690,1:00 pm,1:50 pm,MWF,"Aug 17, 2026","Dec 11, 2026",Haley Center,3309
12681,SOCY 6970,11:00 am,11:50 am,MWF,"Aug 17, 2026","Dec 11, 2026",Haley Center,3196
12682,SOCY 7000,3:00 pm,4:15 pm,MW,"Aug 17, 2026","Dec 11, 2026",Haley Center,7009
13847,SLHS 1110,8:00 am,8:50 am,F,"Aug 17, 2026","Dec 11, 2026",Haley Center,3345
13848,SLHS 1120,9:00 am,9:50 am,F,"Aug 17, 2026","Dec 11, 2026",Haley Center,3226
13852,SLHS 3100,9:00 am,10:40 am,M,"Aug 17, 2026","Dec 11, 2026",Haley Center,2352
13853,SLHS 3400,2:00 pm,2:50 pm,MWF,"Aug 17, 2026","Dec 11, 2026",Haley Center,3203
13856,SLHS 3560,2:00 pm,4:30 pm,W,"Aug 17, 2026","Dec 11, 2026",Academic Classroom/Lab Complex,242
13858,SLHS 4200,12:30 pm,1:45 pm,TR,"Aug 17, 2026","Dec 11, 2026",Haley Center,2352
13859,SLHS 4520,9:30 am,10:45 am,TR,"Aug 17, 2026","Dec 11, 2026",Haley Center,3166
13860,SLHS 4580,9:30 am,10:45 am,TR,"Aug 17, 2026","Dec 11, 2026",Haley Center,3318
13861,SLHS 4600,2:00 pm,3:15 pm,TR,"Aug 17, 2026","Dec 11, 2026",Haley Center,3203
13871,SLHS 5100,2:00 pm,3:40 pm,T,"Aug 17, 2026","Dec 11, 2026",Haley Center,3166
13872,SLHS 5200,8:00 am,8:50 am,MW,"Aug 17, 2026","Dec 11, 2026",Draughon Library,3129
13874,SLHS 5500,1:00 pm,1:50 pm,MW,"Aug 17, 2026","Dec 11, 2026",Haley Center,3166
13875,SLHS 5960,12:00 pm,12:50 pm,MW,"Aug 17, 2026","Dec 11, 2026",Haley Center,2218
13876,SLHS 7500,9:00 am,9:50 am,M,"Aug 17, 2026","Dec 11, 2026",Haley Center,2213
13877,SLHS 7500,9:00 am,9:50 am,R,"Aug 17, 2026","Dec 11, 2026",Haley Center,2218
13878,SLHS 7510,8:00 am,9:15 am,TR,"Aug 17, 2026","Dec 11, 2026",Draughon Library,4133
13879,SLHS 7520,9:30 am,10:45 am,TR,"Aug 17, 2026","Dec 11, 2026",Haley Center,2467
13880,SLHS 7540,10:00 am,11:15 am,TR,"Aug 17, 2026","Dec 11, 2026",Haley Center,2218
13881,SLHS 7550,5:30 pm,8:00 pm,M,"Aug 17, 2026","Dec 11, 2026",Haley Center,2213
13882,SLHS 7560,12:30 pm,1:45 pm,TR,"Aug 17, 2026","Dec 11, 2026",Haley Center,3224
13883,SLHS 7570,9:00 am,10:40 am,W,"Aug 17, 2026","Dec 11, 2026",Haley Center,2218
13884,SLHS 7700,12:00 pm,1:40 pm,W,"Aug 17, 2026","Dec 11, 2026",Academic Classroom/Lab Complex,242
13887,SLHS 7880,2:00 pm,3:40 pm,R,"Aug 17, 2026","Dec 11, 2026",Haley Center,2218
13895,SLHS 8100,11:00 am,12:15 pm,MW,"Aug 17, 2026","Dec 11, 2026",Haley Center,3307
13896,SLHS 8110,1:00 pm,2:15 pm,MW,"Aug 17, 2026","Dec 11, 2026",Haley Center,2218
13897,SLHS 8120,9:30 am,10:45 am,MW,"Aug 17, 2026","Dec 11, 2026",Miller Hall,223
13898,SLHS 8400,8:00 am,9:15 am,TR,"Aug 17, 2026","Dec 11, 2026",Haley Center,3226
13899,SLHS 8420,9:30 am,10:45 am,TR,"Aug 17, 2026","Dec 11, 2026",Haley Center,3226
13900,SLHS 8430,3:00 pm,4:40 pm,T,"Aug 17, 2026","Dec 11, 2026",Haley Center,2218
13901,SLHS 8600,11:00 am,12:15 pm,TR,"Aug 17, 2026","Dec 11, 2026",Haley Center,3307
13902,SLHS 8620,8:00 am,10:30 am,R,"Aug 17, 2026","Dec 11, 2026",Haley Center,3307
13903,SLHS 8800,8:00 am,9:15 am,MW,"Aug 17, 2026","Dec 11, 2026",Haley Center,3307
13904,SLHS 8910,4:00 pm,4:50 pm,W,"Aug 17, 2026","Dec 11, 2026",Haley Center,2218
13905,SLHS 8920,11:00 am,12:15 pm,R,"Aug 17, 2026","Dec 11, 2026",Haley Center,3226
13907,SLHS 8950,12:30 pm,3:00 pm,R,"Aug 17, 2026","Dec 11, 2026",Haley Center,3150
13052,STAT 2510,11:00 am,12:15 pm,TR,"Aug 17, 2026","Dec 11, 2026",Academic Classroom/Lab Complex,108
13053,STAT 2510,1:00 pm,1:50 pm,MWF,"Aug 17, 2026","Dec 11, 2026",Academic Classroom/Lab Complex,012
13054,STAT 2510,2:00 pm,2:50 pm,MWF,"Aug 17, 2026","Dec 11, 2026",Academic Classroom/Lab Complex,012
13056,STAT 2510,12:30 pm,1:45 pm,TR,"Aug 17, 2026","Dec 11, 2026",Academic Classroom/Lab Complex,153
13057,STAT 2510,8:00 am,9:15 am,TR,"Aug 17, 2026","Dec 11, 2026",Academic Classroom/Lab Complex,153
13058,STAT 2510,2:00 pm,3:15 pm,TR,"Aug 17, 2026","Dec 11, 2026",Academic Classroom/Lab Complex,153
13059,STAT 3010,11:00 am,12:15 pm,TR,"Aug 17, 2026","Dec 11, 2026",Charles E Davis Aerospace Hall,255
13060,STAT 3010,9:30 am,10:45 am,TR,"Aug 17, 2026","Dec 11, 2026",Academic Classroom/Lab Complex,102
13061,STAT 3010,11:00 am,12:15 pm,TR,"Aug 17, 2026","Dec 11, 2026",Academic Classroom/Lab Complex,102
13062,STAT 3600,12:00 pm,12:50 pm,MWF,"Aug 17, 2026","Dec 11, 2026",Academic Classroom/Lab Complex,108
13063,STAT 3600,9:30 am,10:45 am,TR,"Aug 17, 2026","Dec 11, 2026",Broun Hall,239
13064,STAT 3610,8:00 am,9:15 am,TR,"Aug 17, 2026","Dec 11, 2026",Science Center Classroom Bldg,118
13065,STAT 3610,9:30 am,10:45 am,TR,"Aug 17, 2026","Dec 11, 2026",Shelby Center,2101
13066,STAT 3611,2:00 pm,4:30 pm,T,"Aug 17, 2026","Dec 11, 2026",Haley Center,2456
13068,STAT 5000,2:00 pm,3:15 pm,TR,"Aug 17, 2026","Dec 11, 2026",Science Center Classroom Bldg,122
13069,STAT 5210,9:30 am,10:45 am,TR,"Aug 17, 2026","Dec 11, 2026",Haley Center,2435
13070,STAT 5600,3:30 pm,4:45 pm,TR,"Aug 17, 2026","Dec 11, 2026",College of Education Bldg,1102
13071,STAT 5610,11:00 am,11:50 am,MWF,"Aug 17, 2026","Dec 11, 2026",Science Center Classroom Bldg,129
13072,STAT 6000,2:00 pm,3:15 pm,TR,"Aug 17, 2026","Dec 11, 2026",Science Center Classroom Bldg,122
13074,STAT 6210,9:30 am,10:45 am,TR,"Aug 17, 2026","Dec 11, 2026",Haley Center,2435
13075,STAT 6600,3:30 pm,4:45 pm,TR,"Aug 17, 2026","Dec 11, 2026",College of Education Bldg,1102
13077,STAT 6610,11:00 am,11:50 am,MWF,"Aug 17, 2026","Dec 11, 2026",Science Center Classroom Bldg,129
13078,STAT 7000,11:00 am,12:15 pm,TR,"Aug 17, 2026","Dec 11, 2026",Academic Classroom/Lab Complex,010
13078,STAT 7000,2:00 pm,2:50 pm,T,"Aug 17, 2026","Dec 11, 2026",Academic Classroom/Lab Complex,208
13079,STAT 7000,11:00 am,12:15 pm,TR,"Aug 17, 2026","Dec 11, 2026",Academic Classroom/Lab Complex,010
13079,STAT 7000,2:00 pm,2:50 pm,R,"Aug 17, 2026","Dec 11, 2026",Academic Classroom/Lab Complex,208
13080,STAT 7020,2:00 pm,3:15 pm,TR,"Aug 17, 2026","Dec 11, 2026",STEM and Agric Science Complex,2122
13081,STAT 7600,12:30 pm,1:45 pm,TR,"Aug 17, 2026","Dec 11, 2026",STEM and Agric Science Complex,2122
13082,STAT 7620,1:00 pm,1:50 pm,MWF,"Aug 17, 2026","Dec 11, 2026",STEM and Agric Science Complex,2126
13083,STAT 7630,9:30 am,10:45 am,TR,"Aug 17, 2026","Dec 11, 2026",STEM and Agric Science Complex,2126
13084,STAT 7850,8:00 am,9:15 am,TR,"Aug 17, 2026","Dec 11, 2026",Academic Classroom/Lab Complex,170A
15078,SCMN 2150,9:00 am,9:50 am,M,"Aug 17, 2026","Dec 11, 2026",Lowder Hall,125A
15079,SCMN 2150,9:00 am,9:50 am,W,"Aug 17, 2026","Dec 11, 2026",Lowder Hall,125A
15080,SCMN 2150,11:00 am,11:50 am,M,"Aug 17, 2026","Dec 11, 2026",Lowder Hall,113A
15081,SCMN 2150,11:00 am,11:50 am,W,"Aug 17, 2026","Dec 11, 2026",Lowder Hall,113A
15083,SCMN 3100,8:00 am,9:15 am,TR,"Aug 17, 2026","Dec 11, 2026",Horton-Hardgrave Hall,2017
15084,SCMN 3720,11:00 am,12:15 pm,TR,"Aug 17, 2026","Dec 11, 2026",Lowder Hall,155
15085,SCMN 3720,9:30 am,10:45 am,TR,"Aug 17, 2026","Dec 11, 2026",Lowder Hall,14
15086,SCMN 3720,3:30 pm,4:45 pm,MW,"Aug 17, 2026","Dec 11, 2026",Lowder Hall,153
15087,SCMN 3720,12:30 pm,1:45 pm,MW,"Aug 17, 2026","Dec 11, 2026",Horton-Hardgrave Hall,2047
15088,SCMN 3730,8:00 am,9:15 am,MW,"Aug 17, 2026","Dec 11, 2026",Lowder Hall,155
15089,SCMN 3730,9:30 am,10:45 am,MW,"Aug 17, 2026","Dec 11, 2026",Lowder Hall,155
15090,SCMN 3730,3:30 pm,4:45 pm,MW,"Aug 17, 2026","Dec 11, 2026",Lowder Hall,155
15091,SCMN 3730,2:00 pm,3:15 pm,TR,"Aug 17, 2026","Dec 11, 2026",Lowder Hall,155
15092,SCMN 3740,8:00 am,9:15 am,TR,"Aug 17, 2026","Dec 11, 2026",Lowder Hall,155
15093,SCMN 3740,9:30 am,10:45 am,TR,"Aug 17, 2026","Dec 11, 2026",Lowder Hall,155
15094,SCMN 3740,12:30 pm,1:45 pm,TR,"Aug 17, 2026","Dec 11, 2026",Lowder Hall,152
15095,SCMN 3810,1:00 pm,1:50 pm,MW,"Aug 17, 2026","Dec 11, 2026",Lowder Hall,5
15096,SCMN 3810,2:00 pm,2:50 pm,MW,"Aug 17, 2026","Dec 11, 2026",Lowder Hall,129
15100,SCMN 4620,2:00 pm,3:15 pm,MW,"Aug 17, 2026","Dec 11, 2026",Lowder Hall,153
15101,SCMN 4700,9:30 am,10:45 am,TR,"Aug 17, 2026","Dec 11, 2026",Lowder Hall,111
15102,SCMN 4700,12:30 pm,1:45 pm,MW,"Aug 17, 2026","Dec 11, 2026",Lowder Hall,111
15103,SCMN 4700,8:00 am,9:15 am,TR,"Aug 17, 2026","Dec 11, 2026",Lowder Hall,127
15104,SCMN 4700,9:30 am,10:45 am,TR,"Aug 17, 2026","Dec 11, 2026",Lowder Hall,127
15105,SCMN 4700,8:00 am,9:15 am,MW,"Aug 17, 2026","Dec 11, 2026",Lowder Hall,111
15106,SCMN 4710,11:00 am,12:15 pm,TR,"Aug 17, 2026","Dec 11, 2026",Lowder Hall,153
15107,SCMN 4710,2:00 pm,3:15 pm,TR,"Aug 17, 2026","Dec 11, 2026",Lowder Hall,111
15108,SCMN 4720,11:00 am,12:15 pm,MW,"Aug 17, 2026","Dec 11, 2026",Lowder Hall,152
15109,SCMN 4730,8:00 am,9:15 am,TR,"Aug 17, 2026","Dec 11, 2026",Lowder Hall,27
15110,SCMN 4730,12:30 pm,1:45 pm,TR,"Aug 17, 2026","Dec 11, 2026",Lowder Hall,21
15111,SCMN 4740,8:00 am,9:15 am,TR,"Aug 17, 2026","Dec 11, 2026",Lowder Hall,152
15112,SCMN 4770,2:00 pm,3:15 pm,TR,"Aug 17, 2026","Dec 11, 2026",Lowder Hall,112
15113,SCMN 4800,9:30 am,10:45 am,MW,"Aug 17, 2026","Dec 11, 2026",Lowder Hall,26
15114,SCMN 4800,11:00 am,12:15 pm,MW,"Aug 17, 2026","Dec 11, 2026",Lowder Hall,27
15115,SCMN 4800,2:00 pm,3:15 pm,MW,"Aug 17, 2026","Dec 11, 2026",Lowder Hall,155
15120,SCMN 5720,12:30 pm,1:45 pm,MW,"Aug 17, 2026","Dec 11, 2026",Lowder Hall,20
15121,SCMN 5720,2:00 pm,3:15 pm,MW,"Aug 17, 2026","Dec 11, 2026",Lowder Hall,34
15122,SCMN 6720,12:30 pm,1:45 pm,MW,"Aug 17, 2026","Dec 11, 2026",Lowder Hall,20
15125,SCMN 7700,2:00 pm,3:15 pm,TR,"Aug 17, 2026","Dec 11, 2026",Lowder Hall,20
15127,SCMN 7800,2:00 pm,3:15 pm,MW,"Aug 17, 2026","Dec 11, 2026",Lowder Hall,26
12111,SUST 2000,3:00 pm,4:15 pm,M,"Aug 17, 2026","Dec 11, 2026",Mell Street Classroom Bldg,2510
12111,SUST 2000,12:30 pm,1:45 pm,T,"Aug 17, 2026","Dec 11, 2026",Charles E Davis Aerospace Hall,356
12112,SUST 2000,3:00 pm,4:15 pm,M,"Aug 17, 2026","Dec 11, 2026",Mell Street Classroom Bldg,2510
12112,SUST 2000,2:00 pm,3:15 pm,T,"Aug 17, 2026","Dec 11, 2026",Charles E Davis Aerospace Hall,356
12113,SUST 2000,3:00 pm,4:15 pm,M,"Aug 17, 2026","Dec 11, 2026",Mell Street Classroom Bldg,2510
12113,SUST 2000,1:30 pm,2:45 pm,W,"Aug 17, 2026","Dec 11, 2026",Draughon Library,4027
12114,SUST 2000,3:00 pm,4:15 pm,M,"Aug 17, 2026","Dec 11, 2026",Mell Street Classroom Bldg,2510
12114,SUST 2000,3:00 pm,4:15 pm,W,"Aug 17, 2026","Dec 11, 2026",Draughon Library,4035
13608,THEA 1010,1:00 pm,2:50 pm,TR,"Aug 17, 2026","Dec 11, 2026",Telfair Peet Univ Theatre,128
13609,THEA 1190,12:00 pm,12:50 pm,M,"Aug 17, 2026","Dec 11, 2026",Telfair Peet Univ Theatre,128
13610,THEA 1340,12:00 pm,12:50 pm,W,"Aug 17, 2026","Dec 11, 2026",Telfair Peet Univ Theatre,228
13611,THEA 1340,12:00 pm,12:50 pm,W,"Aug 17, 2026","Dec 11, 2026",Telfair Peet Univ Theatre,228
Tap,13612,12:00 pm,12:50 pm,TR,"Aug 17, 2026","Dec 11, 2026",Telfair Peet Univ Theatre,170
Ballet,13613,8:00 am,9:15 am,MWF,"Aug 17, 2026","Dec 11, 2026",Telfair Peet Univ Theatre,170
Jazz,13614,8:00 am,9:15 am,TR,"Aug 17, 2026","Dec 11, 2026",Telfair Peet Univ Theatre,170
13616,THEA 2010,11:00 am,12:15 pm,TR,"Aug 17, 2026","Dec 11, 2026",Forestry & Wildlife Sci Bldg,1221
13625,THEA 2010,2:00 pm,3:15 pm,TR,"Aug 17, 2026","Dec 11, 2026",Mell Street Classroom Bldg,2550
13626,THEA 2010,3:30 pm,4:45 pm,TR,"Aug 17, 2026","Dec 11, 2026",Mell Street Classroom Bldg,2510
13627,THEA 2010,12:30 pm,1:45 pm,TR,"Aug 17, 2026","Dec 11, 2026",Haley Center,3328
13628,THEA 2017,3:30 pm,4:45 pm,TR,"Aug 17, 2026","Dec 11, 2026",Forestry & Wildlife Sci Bldg,1219
13629,THEA 2110,10:00 am,11:30 am,MW,"Aug 17, 2026","Dec 11, 2026",Telfair Peet Univ Theatre,170
13630,THEA 2120,10:00 am,11:50 am,MW,"Aug 17, 2026","Dec 11, 2026",Telfair Peet Univ Theatre,126
13631,THEA 2120,11:00 am,12:50 pm,TR,"Aug 17, 2026","Dec 11, 2026",Telfair Peet Univ Theatre,126
13632,THEA 2220,12:00 pm,12:50 pm,W,"Aug 17, 2026","Dec 11, 2026",Telfair Peet Univ Theatre,126
13633,THEA 2310,8:00 am,9:50 am,MW,"Aug 17, 2026","Dec 11, 2026",Telfair Peet Univ Theatre,128
13635,THEA 2340,12:00 pm,12:50 pm,W,"Aug 17, 2026","Dec 11, 2026",Telfair Peet Univ Theatre,228
13636,THEA 2400,9:00 am,10:50 am,TR,"Aug 17, 2026","Dec 11, 2026",Telfair Peet Univ Theatre,129
Ballet,13637,8:00 am,9:15 am,MWF,"Aug 17, 2026","Dec 11, 2026",Telfair Peet Univ Theatre,170
13639,THEA 2650,1:00 pm,2:50 pm,MW,"Aug 17, 2026","Dec 11, 2026",Telfair Peet Univ Theatre,128
Jazz,13640,8:00 am,9:15 am,TR,"Aug 17, 2026","Dec 11, 2026",Telfair Peet Univ Theatre,170
13641,THEA 2700,2:00 pm,3:15 pm,TR,"Aug 17, 2026","Dec 11, 2026",College of Education Bldg,2130
13652,THEA 3150,1:00 pm,2:50 pm,MTWR,"Aug 17, 2026","Dec 11, 2026",Telfair Peet Univ Theatre,126
13654,THEA 3340,12:00 pm,12:50 pm,W,"Aug 17, 2026","Dec 11, 2026",Telfair Peet Univ Theatre,228
13655,THEA 3340,12:00 pm,12:50 pm,W,"Aug 17, 2026","Dec 11, 2026",Telfair Peet Univ Theatre,228
13658,THEA 3510,10:00 am,11:50 am,MW,"Aug 17, 2026","Dec 11, 2026",Telfair Peet Univ Theatre,129
13659,THEA 3520,3:00 pm,4:50 pm,TR,"Aug 17, 2026","Dec 11, 2026",Telfair Peet Univ Theatre,129
Ballet,13660,8:00 am,9:15 am,MWF,"Aug 17, 2026","Dec 11, 2026",Telfair Peet Univ Theatre,170
Jazz,13661,8:00 am,9:15 am,TR,"Aug 17, 2026","Dec 11, 2026",Telfair Peet Univ Theatre,170
Body,13662,11:00 am,12:15 pm,TR,"Aug 17, 2026","Dec 11, 2026",Telfair Peet Univ Theatre,128
13663,THEA 3840,1:00 pm,2:50 pm,MW,"Aug 17, 2026","Dec 11, 2026",Telfair Peet Univ Theatre,170
13674,THEA 3950,9:00 am,10:50 am,TR,"Aug 17, 2026","Dec 11, 2026",Telfair Peet Univ Theatre,126
13675,THEA 4150,3:00 pm,4:50 pm,MTWR,"Aug 17, 2026","Dec 11, 2026",Telfair Peet Univ Theatre,126
13676,THEA 4340,12:00 pm,12:50 pm,W,"Aug 17, 2026","Dec 11, 2026",Telfair Peet Univ Theatre,228
Ballet,13678,8:00 am,9:15 am,MWF,"Aug 17, 2026","Dec 11, 2026",Telfair Peet Univ Theatre,170
Jazz,13679,8:00 am,9:15 am,TR,"Aug 17, 2026","Dec 11, 2026",Telfair Peet Univ Theatre,170
13681,THEA 4840,10:00 am,11:50 am,TR,"Aug 17, 2026","Dec 11, 2026",Telfair Peet Univ Theatre,170
13687,THEA 4980,1:00 pm,3:50 pm,F,"Aug 17, 2026","Dec 11, 2026",Telfair Peet Univ Theatre,128
16938,UNIV 1050,9:30 am,10:20 am,T,"Aug 17, 2026","Dec 11, 2026",Teague Hall,003
16939,UNIV 1050,12:00 pm,12:50 pm,M,"Aug 17, 2026","Dec 11, 2026",Holloway Hall,111
16940,UNIV 1050,11:00 am,11:50 am,R,"Aug 17, 2026","Dec 11, 2026",Matthews Hall,111
16941,UNIV 1050,9:00 am,9:50 am,M,"Aug 17, 2026","Dec 11, 2026",Teague Hall,003
16942,UNIV 1050,9:30 am,10:20 am,R,"Aug 17, 2026","Dec 11, 2026",Plainsman Hall (class),119
16943,UNIV 1050,10:00 am,10:50 am,M,"Aug 17, 2026","Dec 11, 2026",Matthews Hall,111
16944,UNIV 1050,10:00 am,10:50 am,W,"Aug 17, 2026","Dec 11, 2026",Matthews Hall,111
16946,UNIV 1050,12:30 pm,1:20 pm,R,"Aug 17, 2026","Dec 11, 2026",Holloway Hall,111
16947,UNIV 1050,11:00 am,11:50 am,T,"Aug 17, 2026","Dec 11, 2026",Matthews Hall,111
16955,UNIV 1050,11:00 am,11:50 am,W,"Aug 17, 2026","Dec 11, 2026",Haley Center,2306
16948,UNIV 1050,9:30 am,10:20 am,R,"Aug 17, 2026","Dec 11, 2026",Teague Hall,003
16949,UNIV 1050,2:00 pm,2:50 pm,T,"Aug 17, 2026","Dec 11, 2026",Holloway Hall,111
16951,UNIV 1050,11:00 am,11:50 am,R,"Aug 17, 2026","Dec 11, 2026",Holloway Hall,111
16952,UNIV 1050,9:00 am,9:50 am,W,"Aug 17, 2026","Dec 11, 2026",Teague Hall,003
16953,UNIV 1050,2:00 pm,2:50 pm,W,"Aug 17, 2026","Dec 11, 2026",Holloway Hall,111
16954,UNIV 1050,12:30 pm,1:20 pm,T,"Aug 17, 2026","Dec 11, 2026",Holloway Hall,111
16957,UNIV 1050,2:00 pm,2:50 pm,M,"Aug 17, 2026","Dec 11, 2026",Holloway Hall,111
16959,UNIV 1100,12:00 pm,12:50 pm,MW,"Aug 17, 2026","Dec 11, 2026",Teague Hall,003
16960,UNIV 1100,9:00 am,9:50 am,MW,"Aug 17, 2026","Dec 11, 2026",Brown-Kopel Engineering Bldg,0158
16961,UNIV 1100,10:00 am,10:50 am,MW,"Aug 17, 2026","Dec 11, 2026",Brown-Kopel Engineering Bldg,0158
16962,UNIV 1100,11:00 am,11:50 am,MW,"Aug 17, 2026","Dec 11, 2026",Brown-Kopel Engineering Bldg,0158
16963,UNIV 1100,12:00 pm,12:50 pm,MW,"Aug 17, 2026","Dec 11, 2026",Brown-Kopel Engineering Bldg,0158
16964,UNIV 1100,1:00 pm,1:50 pm,MW,"Aug 17, 2026","Dec 11, 2026",Brown-Kopel Engineering Bldg,0158
16965,UNIV 1100,3:00 pm,3:50 pm,MW,"Aug 17, 2026","Dec 11, 2026",Brown-Kopel Engineering Bldg,0158
16966,UNIV 1100,9:30 am,10:20 am,TR,"Aug 17, 2026","Dec 11, 2026",Brown-Kopel Engineering Bldg,0158
16967,UNIV 1100,1:00 pm,1:50 pm,TR,"Aug 17, 2026","Dec 11, 2026",Brown-Kopel Engineering Bldg,0158
16968,UNIV 1100,2:00 pm,2:50 pm,TR,"Aug 17, 2026","Dec 11, 2026",Brown-Kopel Engineering Bldg,0158
16969,UNIV 1100,3:00 pm,3:50 pm,TR,"Aug 17, 2026","Dec 11, 2026",Brown-Kopel Engineering Bldg,0158
16970,UNIV 1100,11:00 am,11:50 am,TR,"Aug 17, 2026","Dec 11, 2026",Brown-Kopel Engineering Bldg,0158
16971,UNIV 1100,11:00 am,11:50 am,MW,"Aug 17, 2026","Dec 11, 2026",Shelby Center,3129
First-Generation Student Success LC,16973,11:00 am,11:50 am,TR,"Aug 17, 2026","Dec 11, 2026",Teague Hall,003
16974,UNIV 1100,1:00 pm,1:50 pm,MW,"Aug 17, 2026","Dec 11, 2026",Aubie Hall (class),137
16975,UNIV 1100,11:00 am,11:50 am,TR,"Aug 17, 2026","Dec 11, 2026",Aubie Hall (class),137
16976,UNIV 1100,12:00 pm,12:50 pm,TR,"Aug 17, 2026","Dec 11, 2026",Aubie Hall (class),137
"Live Green, Save Green LC",16977,2:00 pm,2:50 pm,TR,"Aug 17, 2026","Dec 11, 2026",Matthews Hall,111
16978,UNIV 1100,12:30 pm,1:20 pm,TR,"Aug 17, 2026","Dec 11, 2026",Matthews Hall,111
16979,UNIV 1100,11:00 am,11:50 am,MW,"Aug 17, 2026","Dec 11, 2026",Teague Hall,003
16980,UNIV 1107,1:00 pm,1:50 pm,TR,"Aug 17, 2026","Dec 11, 2026",Aubie Hall (class),137
16983,UNIV 1150,3:00 pm,3:50 pm,MW,"Aug 17, 2026","Dec 11, 2026",Teague Hall,003
16984,UNIV 1150,9:30 am,10:20 am,R,"Aug 17, 2026","Dec 11, 2026",Dudley Hall,102
16985,UNIV 1150,2:00 pm,2:50 pm,R,"Aug 17, 2026","Dec 11, 2026",Dudley Hall,102
Strategies for Competitors TFYS,18355,11:00 am,11:50 am,T,"Aug 17, 2026","Dec 11, 2026",Student Athlete Dev Ctr,319
Strategies for Competitors TFYS,18354,1:00 pm,1:50 pm,R,"Aug 17, 2026","Dec 11, 2026",Student Athlete Dev Ctr,319
16986,UNIV 1150,9:30 am,10:20 am,TR,"Aug 17, 2026","Dec 11, 2026",Matthews Hall,111
16987,UNIV 1150,9:00 am,9:50 am,F,"Aug 17, 2026","Dec 11, 2026",Haley Center,3196
16988,UNIV 1150,9:00 am,9:50 am,F,"Aug 17, 2026","Dec 11, 2026",Haley Center,3345
16989,UNIV 1150,1:00 pm,1:50 pm,W,"Aug 17, 2026","Dec 11, 2026",Gorrie Center,107
16990,UNIV 1150,12:00 pm,12:50 pm,W,"Aug 17, 2026","Dec 11, 2026",Gorrie Center,107
The Business of Healthcare TFYS,18023,9:30 am,10:20 am,T,"Aug 17, 2026","Dec 11, 2026",Broun Hall,113
16991,UNIV 1150,8:00 am,8:50 am,R,"Aug 17, 2026","Dec 11, 2026",Horton-Hardgrave Hall,1057
16992,UNIV 1150,9:00 am,9:50 am,R,"Aug 17, 2026","Dec 11, 2026",Horton-Hardgrave Hall,1057
16993,UNIV 1150,10:00 am,10:50 am,R,"Aug 17, 2026","Dec 11, 2026",Horton-Hardgrave Hall,1057
16994,UNIV 1150,11:00 am,11:50 am,R,"Aug 17, 2026","Dec 11, 2026",Horton-Hardgrave Hall,1057
16995,UNIV 1150,3:00 pm,3:50 pm,R,"Aug 17, 2026","Dec 11, 2026",Horton-Hardgrave Hall,1047
18030,UNIV 1150,12:00 pm,12:50 pm,M,"Aug 17, 2026","Dec 11, 2026",Draughon Library,3035
16996,UNIV 1150,10:00 am,10:50 am,W,"Aug 17, 2026","Dec 11, 2026",Haley Center,2332
16997,UNIV 1150,9:30 am,10:20 am,TR,"Aug 17, 2026","Dec 11, 2026",Talon Hall (class),121
16998,UNIV 1150,11:00 am,11:50 am,TR,"Aug 17, 2026","Dec 11, 2026",College of Education Bldg,1102
16999,UNIV 1150,9:00 am,9:50 am,MW,"Aug 17, 2026","Dec 11, 2026",College of Education Bldg,1102
17000,UNIV 1150,10:00 am,10:50 am,MW,"Aug 17, 2026","Dec 11, 2026",College of Education Bldg,1102
17001,UNIV 1150,10:00 am,10:50 am,MW,"Aug 17, 2026","Dec 11, 2026",College of Education Bldg,2257
17002,UNIV 1150,11:00 am,11:50 am,MW,"Aug 17, 2026","Dec 11, 2026",College of Education Bldg,1102
17003,UNIV 1150,1:00 pm,1:50 pm,MW,"Aug 17, 2026","Dec 11, 2026",Teague Hall,003
17004,UNIV 1150,2:00 pm,2:50 pm,MW,"Aug 17, 2026","Dec 11, 2026",Matthews Hall,111
17005,UNIV 1150,12:30 pm,1:20 pm,TR,"Aug 17, 2026","Dec 11, 2026",Haley Center,3345
17006,UNIV 1150,2:00 pm,2:50 pm,T,"Aug 17, 2026","Dec 11, 2026",Haley Center,2406
Career Exploration LC,17007,3:30 pm,4:20 pm,TR,"Aug 17, 2026","Dec 11, 2026",College of Education Bldg,2130
Exercise Science Professions LC,17008,2:00 pm,2:50 pm,TR,"Aug 17, 2026","Dec 11, 2026",College of Education Bldg,2233
Applied Sport Science LC,17009,9:00 am,9:50 am,MW,"Aug 17, 2026","Dec 11, 2026",Haley Center,2332
Occupational Therapy and Physical Therapy LC,18017,11:00 am,11:50 am,MW,"Aug 17, 2026","Dec 11, 2026",Kinesiology Building,126
Health Professions LC,17010,10:00 am,10:50 am,MW,"Aug 17, 2026","Dec 11, 2026",Holloway Hall,111
Physical Therapy Preparation LC,17011,12:00 pm,12:50 pm,MW,"Aug 17, 2026","Dec 11, 2026",Kinesiology Building,126
"Health, Sport, and Exercise LC",17012,9:00 am,9:50 am,MW,"Aug 17, 2026","Dec 11, 2026",College of Education Bldg,1121
17013,UNIV 1150,9:30 am,10:20 am,TR,"Aug 17, 2026","Dec 11, 2026",Aubie Hall (class),137
17014,UNIV 1150,9:30 am,10:20 am,TR,"Aug 17, 2026","Dec 11, 2026",Holloway Hall,111
US National Parks LC,18024,11:00 am,11:50 am,TR,"Aug 17, 2026","Dec 11, 2026",Talon Hall (class),121
18025,UNIV 1150,8:00 am,8:50 am,M,"Aug 17, 2026","Dec 11, 2026",Nichols Hall,141
18026,UNIV 1150,2:00 pm,2:50 pm,TR,"Aug 17, 2026","Dec 11, 2026",Haley Center,3345
17015,UNIV 1150,2:00 pm,2:50 pm,W,"Aug 17, 2026","Dec 11, 2026",School of Nursing,1135
17016,UNIV 1150,3:00 pm,3:50 pm,W,"Aug 17, 2026","Dec 11, 2026",School of Nursing,1135
18012,UNIV 1150,10:00 am,10:50 am,MW,"Aug 17, 2026","Dec 11, 2026",College of Education Bldg,1103
17018,UNIV 1150,12:00 pm,12:50 pm,MW,"Aug 17, 2026","Dec 11, 2026",Aubie Hall (class),137
17019,UNIV 1150,12:00 pm,12:50 pm,MW,"Aug 17, 2026","Dec 11, 2026",Matthews Hall,111
17020,UNIV 1150,9:00 am,9:50 am,W,"Aug 17, 2026","Dec 11, 2026",Aubie Hall (class),137
17021,UNIV 1150,11:00 am,11:50 am,W,"Aug 17, 2026","Dec 11, 2026",Aubie Hall (class),137
17022,UNIV 1150,9:00 am,9:50 am,MW,"Aug 17, 2026","Dec 11, 2026",Haley Center,3345
17023,UNIV 1150,8:00 am,8:50 am,T,"Aug 17, 2026","Dec 11, 2026",Upchurch Hall,218
17024,UNIV 1150,9:30 am,10:20 am,R,"Aug 17, 2026","Dec 11, 2026",Broun Hall,102
17026,UNIV 1150,2:00 pm,2:50 pm,M,"Aug 17, 2026","Dec 11, 2026",Aubie Hall (class),137
18027,UNIV 1150,10:00 am,10:50 am,W,"Aug 17, 2026","Dec 11, 2026",Aubie Hall (class),137
17028,UNIV 1150,2:00 pm,2:50 pm,M,"Aug 17, 2026","Dec 11, 2026",Haley Center,3187
17029,UNIV 1150,11:00 am,11:50 am,TR,"Aug 17, 2026","Dec 11, 2026",College of Education Bldg,2114
18237,WILD 1010,2:00 pm,2:50 pm,W,"Aug 17, 2026","Dec 11, 2026",Forestry & Wildlife Sci Bldg,2217
12211,WILD 1050,3:00 pm,4:45 pm,T,"Aug 17, 2026","Dec 11, 2026",Forestry & Wildlife Sci Bldg,1207
12212,WILD 1200,3:00 pm,4:15 pm,MW,"Aug 17, 2026","Dec 11, 2026",Forestry & Wildlife Sci Bldg,1221
12213,WILD 2050,12:30 pm,1:45 pm,TR,"Aug 17, 2026","Dec 11, 2026",Forestry & Wildlife Sci Bldg,2217
12224,WILD 3287,3:00 pm,3:50 pm,MWF,"Aug 17, 2026","Dec 11, 2026",Mell Street Classroom Bldg,2550
12227,WILD 4340,11:00 am,12:15 pm,TR,"Aug 17, 2026","Dec 11, 2026",Forestry & Wildlife Sci Bldg,1219
12230,WILD 5140,8:00 am,8:50 am,MWF,"Aug 17, 2026","Dec 11, 2026",Forestry & Wildlife Sci Bldg,1221
12230,WILD 5140,2:00 pm,4:45 pm,R,"Aug 17, 2026","Dec 11, 2026",Forestry & Wildlife Sci Bldg,1221
12231,WILD 5200,11:00 am,11:50 am,MWF,"Aug 17, 2026","Dec 11, 2026",Forestry & Wildlife Sci Bldg,1219
12232,WILD 5280,1:00 pm,1:50 pm,MW,"Aug 17, 2026","Dec 11, 2026",Forestry & Wildlife Sci Bldg,2217
12234,WILD 5880,12:00 pm,12:50 pm,MWF,"Aug 17, 2026","Dec 11, 2026",Forestry & Wildlife Sci Bldg,1221
12234,WILD 5880,1:00 pm,3:50 pm,F,"Aug 17, 2026","Dec 11, 2026",Forestry & Wildlife Sci Bldg,1221
12235,WILD 6200,11:00 am,11:50 am,MWF,"Aug 17, 2026","Dec 11, 2026",Forestry & Wildlife Sci Bldg,1219
12236,WILD 6280,1:00 pm,1:50 pm,MW,"Aug 17, 2026","Dec 11, 2026",Forestry & Wildlife Sci Bldg,2217
12238,WILD 6880,12:00 pm,12:50 pm,MWF,"Aug 17, 2026","Dec 11, 2026",Forestry & Wildlife Sci Bldg,1221
12238,WILD 6880,1:00 pm,3:50 pm,F,"Aug 17, 2026","Dec 11, 2026",Forestry & Wildlife Sci Bldg,1221
12239,WILD 7150,10:00 am,10:50 am,MWF,"Aug 17, 2026","Dec 11, 2026",Forestry & Wildlife Sci Bldg,2217
12239,WILD 7150,3:00 pm,4:50 pm,W,"Aug 17, 2026","Dec 11, 2026",Forestry & Wildlife Sci Bldg,2217
12241,WILD 7250,11:00 am,12:15 pm,TR,"Aug 17, 2026","Dec 11, 2026",Forestry & Wildlife Sci Bldg,1224
12241,WILD 7250,12:30 pm,3:15 pm,R,"Aug 17, 2026","Dec 11, 2026",Forestry & Wildlife Sci Bldg,1219
12242,WILD 7450,1:00 pm,2:50 pm,F,"Aug 17, 2026","Dec 11, 2026",Forestry & Wildlife Sci Bldg,1219
18498,WILD 7970,12:00 pm,1:50 pm,M,"Aug 17, 2026","Dec 11, 2026",Forestry & Wildlife Sci Bldg,1224
10764,WMST 2100,11:00 am,11:50 am,MWF,"Aug 17, 2026","Dec 11, 2026",Mell Street Classroom Bldg,3510B
10765,WMST 5980,12:30 pm,1:45 pm,TR,"Aug 17, 2026","Dec 11, 2026",Draughon Library,3033
10766,WMST 6980,12:30 pm,1:45 pm,TR,"Aug 17, 2026","Dec 11, 2026",Draughon Library,3033
